Time(s),Fx,Fy,Fz,Tx,Ty,Tz,PosX,PosY,PosZ,SerialData
3.00002284348011e-07,0.02912050038576126,0.012323576956987381,0.0364067891612649,0.0006433037226088345,-0.0010581889888271689,-0.00029933705809526145,219.999,188.999,78.001,"0.02,0.05,-1.06,-1.21,-0.76,-0.10,100639,24.5"
0.15207850001752377,-0.010844058357179165,0.020075033651664853,-0.029810091853141783,0.0007556151525932364,0.00013700862909900026,0.00031541167991235854,219.999,189.351,78.001,"0.02,0.05,-1.06,-1.21,-0.76,-0.10,100622,24.5"
0.2820280999876559,-0.0006269140169024468,0.01078115189447999,0.005607851408421993,0.0005011798231862486,-0.0001803021179512143,8.80553969182074e-05,219.999,189.497,78.001,"0.02,0.06,-1.06,-1.27,-0.76,-0.16,100618,24.5"
0.37705680006183684,0.013686631992459296,-0.018774273851886392,0.022644497454166412,-0.000480303964286577,-0.001248040935024619,3.275363415013999e-05,219.999,189.499,78.001,"0.02,0.06,-1.06,-1.27,-0.76,-0.04,100633,24.5"
0.473073499975726,-0.00881186667829752,0.02213989431038499,-0.019049795903265478,0.0008629449221189134,0.00036697831237688663,0.00016822785255499184,219.999,189.499,78.001,"0.02,0.05,-1.06,-1.27,-0.76,-0.10,100631,24.5"
0.569008499966003,-0.0010368991643190384,0.009888598416000604,0.004264757409691811,0.0004565844836179167,6.368500180542469e-05,6.222708616405725e-05,219.999,189.499,78.001,"0.02,0.05,-1.06,-1.27,-0.76,-0.16,100623,24.5"
0.6640358000295237,0.018056067079305647,-0.01927834898233414,0.0243672838434577,-0.0004909965908154845,-0.0014756535412743688,4.315939731895924e-05,219.999,189.499,78.001,"0.02,0.06,-1.06,-1.21,-0.76,-0.10,100635,24.5"
0.7580244999844581,-0.0015864811837673187,0.01309460923075676,0.0021338979713618755,0.0004812017548829317,0.00010294257081113755,8.052827324718237e-05,219.999,189.499,78.001,"0.02,0.06,-1.06,-1.21,-0.82,-0.10,100632,24.5"
0.8520563000347465,0.006668125838041305,0.005480066314339638,-0.0014752125833183527,0.00036631767288781704,-0.0006968016969040036,0.00018366247531957923,219.999,189.499,78.001,"0.02,0.06,-1.06,-1.21,-0.76,-0.16,100623,24.5"
0.9470190000720322,0.011314748227596283,0.018479454051703214,0.018102212995290756,0.0007495521640521474,-0.0002730957930907607,-0.0001441250613424927,219.999,189.499,78.001,"0.02,0.05,-1.06,-1.27,-0.76,-0.10,100635,24.5"
1.041072400053963,0.03433675803244114,-0.0011069596745073794,0.05342361852526665,0.0001394203689415008,-0.0015374001115560532,-0.00033115798141807317,219.999,189.499,78.001,"0.02,0.06,-1.06,-1.27,-0.76,-0.04,100631,24.5"
1.1360321000684053,0.02078276835381985,-0.028443409129977226,0.02277482859790325,-0.0009634800022467971,-0.0015459590591490268,8.596125990152359e-05,219.999,189.499,78.001,"0.02,0.06,-1.06,-1.27,-0.76,-0.16,100637,24.5"
1.2310628000414,-0.0033359304070472717,0.047385047376155856,-0.009294126089662314,0.0018501528073102235,0.0006962564075365663,-3.133384743705392e-05,219.999,189.499,78.001,"0.02,0.06,-1.06,-1.21,-0.76,-0.04,100623,24.5"
1.326041000080295,-0.009679820761084557,0.005032261461019516,-0.0258315846323967,0.00026050059823319317,-0.00022144766990095377,0.00041828227695077657,219.999,189.499,78.001,"0.02,0.06,-1.06,-1.21,-0.76,-0.04,100641,24.5"
1.4580742999678478,0.004829496890306473,0.009801945090293885,0.0016377680003643036,0.0005128962220624089,-0.0002721147728152573,2.866067225113511e-05,219.999,189.641,78.001,"0.03,0.06,-1.06,-1.21,-0.76,-0.10,100622,24.5"
1.605079700006172,-0.0011050883680582047,-0.01277011577039957,-0.0008566111326217651,-0.00021840677072759718,-0.0008125347609166056,0.0003462825319729745,219.999,189.997,78.001,"0.03,0.06,-1.06,-1.21,-0.76,-0.10,100631,24.5"
1.701089599984698,0.003694339096546173,0.035013662092387675,0.011947685293853283,0.0014041211630683391,0.00039696748717688024,-0.00021251724974717944,219.999,189.999,78.001,"0.02,0.05,-1.06,-1.21,-0.82,-0.04,100623,24.5"
1.7960409000515938,-0.0011588316410779953,0.004470864124596119,0.0031871641986072063,0.0002954101248178631,-0.0002528043114580214,0.00011525245499797166,219.999,189.999,78.001,"0.02,0.06,-1.06,-1.21,-0.76,-0.10,100635,24.5"
1.8910785000771284,0.017946185544133186,-0.011812178790569306,0.030180691508576274,-0.00018946975469589234,-0.0010924758156761528,-2.323480439372361e-05,219.999,189.999,78.001,"0.02,0.05,-1.06,-1.21,-0.76,-0.10,100631,24.5"
1.9850666000274941,0.0011057134717702866,-0.009991293773055077,-0.003214292973279953,-0.00023370551061816514,-0.0007694577681832016,0.00030516289407387374,219.999,189.999,78.001,"0.02,0.06,-1.06,-1.21,-0.70,-0.10,100624,24.5"
2.080079699982889,0.0013222265988588333,-0.021390270628035068,0.004185261577367783,-0.0007275720359757543,-0.0009307996602728963,0.0002753629290964454,219.999,189.999,78.001,"0.02,0.05,-1.06,-1.21,-0.76,-0.04,100642,24.5"
2.174057299969718,0.0055208392441272736,0.017274780943989754,0.012891920655965805,0.0006641835439950228,-2.963397419080138e-05,-2.114499802701175e-05,219.999,189.999,78.001,"0.02,0.05,-1.06,-1.21,-0.76,-0.16,100623,24.5"
2.271073600044474,0.021694540604949,-0.006581653654575348,0.0318255202844739,-7.480942877009511e-05,-0.001261234434787184,-5.499685648828745e-05,219.999,189.999,78.001,"0.02,0.05,-1.06,-1.27,-0.76,-0.10,100627,24.5"
2.368070099968463,0.006322522088885308,0.00941941849887371,0.0024481814354658125,0.00040107547538354994,-0.0004672779701650143,8.140015997923911e-05,219.999,189.999,78.001,"0.02,0.06,-1.06,-1.21,-0.76,-0.04,100624,24.5"
2.463077099993825,0.0014965176582336427,0.010084792878478766,0.005986673012375832,0.00035626179887913165,-4.93900733999908e-05,5.197327118366956e-06,219.999,189.999,78.001,"0.02,0.05,-1.06,-1.27,-0.70,-0.10,100635,24.5"
2.5600926000624895,0.003719041123986244,-0.018959198612719774,0.002016601571813226,-0.0005316029768437147,-0.0010094463592395186,0.000340538370073773,219.999,189.999,78.001,"0.02,0.06,-1.06,-1.33,-0.70,-0.10,100627,24.5"
2.6570850000716746,0.04085982739925385,-0.011321859806776047,0.05965767400339246,-0.0001626536948606372,-0.001844443747540936,-0.0003193978569470346,219.999,189.999,78.001,"0.02,0.05,-1.06,-1.21,-0.76,-0.10,100615,24.5"
2.79011449997779,0.0031390048563480375,-0.015833355486392975,-0.0007004948332905769,-0.00042960779974237083,-0.0009039947995916009,0.0002881046384572983,219.999,190.173,78.001,"0.02,0.06,-1.06,-1.21,-0.76,-0.10,100630,24.5"
2.940045800060034,0.026369258761405945,0.02919849781319499,0.05095346262678504,0.0013030844798777252,-0.0005116012092912569,-0.0004215271444991231,219.999,190.497,78.001,"0.02,0.05,-1.06,-1.21,-0.76,-0.16,100622,24.5"
3.0360830000136048,0.014377030357718468,-0.03061731904745102,0.01973526133224368,-0.00092614502646029,-0.0015268291346728802,0.00023563721333630383,219.999,190.499,78.001,"0.02,0.05,-1.06,-1.21,-0.76,-0.10,100629,24.5"
3.1320716000627726,0.022579654306173324,0.02000783011317253,0.039343489333987236,0.0009935237118043005,-0.0006382490682881325,-0.00030722854426130654,219.999,190.499,78.001,"0.02,0.05,-1.06,-1.27,-0.82,-0.10,100629,24.5"
3.22710250003729,0.01979919821023941,-0.031399788707494734,0.019876767322421073,-0.0009139585192315281,-0.0017343447543680668,0.0001890207640826702,219.999,190.499,78.001,"0.02,0.05,-1.06,-1.21,-0.76,-0.16,100627,24.5"
3.323110199999064,0.0006524454802274704,-0.009815531969070434,0.00014321012422442437,-0.00031245327554643156,-0.0007619489915668964,0.00022119215864222497,219.999,190.499,78.001,"0.02,0.06,-1.06,-1.21,-0.82,-0.04,100627,24.5"
3.418069100007415,-0.011788011714816093,0.00993441604077816,-0.010603627003729344,0.0004369992471765727,4.992523463442921e-06,0.00030979739385657014,219.999,190.499,78.001,"0.02,0.05,-1.06,-1.21,-0.70,-0.10,100631,24.5"
3.513098999974318,-0.010329705849289893,0.011092237383127212,-0.020660739950835706,0.0002737658331170678,0.00017339265905320645,0.00022091284627094864,219.999,190.499,78.001,"0.02,0.06,-1.06,-1.21,-0.76,-0.04,100619,24.5"
3.6091088000684977,-0.008407455310225487,-0.0005704049952328205,-0.01704399399459362,0.00017880319501273334,-0.00027391990151954816,0.00040458171570207925,219.999,190.499,78.001,"0.02,0.06,-1.06,-1.27,-0.82,-0.10,100636,24.5"
3.7030859000515193,0.01650773212313652,-0.013953165896236897,0.025671860575675963,-0.0003015415219124407,-0.0012511927110608668,0.00012851560022681953,219.999,190.499,78.001,"0.03,0.06,-1.06,-1.21,-0.76,-0.04,100622,24.5"
3.7981223000679165,0.01256446074694395,0.019559809099882842,0.0157138017937541,0.0008014668768737465,-0.0001963188056834042,-0.00014435348566621542,219.999,190.499,78.001,"0.02,0.06,-1.06,-1.15,-0.82,-0.16,100631,24.5"
3.893077600048855,0.030045029893517494,-0.04142413903027773,0.04432646334171295,-0.0012561684648972004,-0.002244456228800118,6.70743000227958e-05,219.999,190.499,78.001,"0.02,0.06,-1.06,-1.21,-0.76,-0.10,100639,24.5"
3.9881147000705823,7.854141294956207e-05,-0.000952385738492012,-0.003689197450876236,0.00010798522271215916,-0.0005005892016924918,0.00016941771900746971,219.999,190.499,78.001,"0.03,0.06,-1.06,-1.27,-0.76,-0.04,100629,24.5"
4.101087799994275,-0.01955597847700119,0.02188097108155489,-0.02885480560362339,0.0008063176472205668,0.0007182335015386343,0.0002719947777222842,219.999,190.674,78.001,"0.02,0.05,-1.06,-1.21,-0.70,-0.04,100623,24.5"
4.271087700035423,0.0028854887932538986,-0.005285605415701866,0.014406055212020874,-0.00014522420242428779,-0.0006082963198423385,0.00012086131027899683,219.999,190.997,78.001,"0.02,0.05,-1.06,-1.21,-0.70,-0.10,100630,24.5"
4.366123600048013,0.00833233967423439,-0.013402171805500985,0.015894092619419098,-0.0002834796905517578,-0.000867051538079977,0.00015325162094086408,219.999,190.999,78.001,"0.02,0.06,-1.06,-1.27,-0.76,-0.10,100634,24.5"
4.460092399967834,0.03791985176503658,-0.02368349377065897,0.06189629510045051,-0.0005971676670014858,-0.0019741393043659627,-0.00021007172181271018,219.999,190.999,78.001,"0.02,0.06,-1.06,-1.21,-0.82,-0.10,100614,24.5"
4.554081300040707,-0.004908955469727516,-0.014757567271590232,-0.007289809873327613,-0.00045727198594249787,-0.0007030855398625135,0.00036582563770934937,219.999,190.999,78.001,"0.02,0.06,-1.06,-1.27,-0.76,-0.10,100622,24.5"
4.65010309999343,-0.005463264137506485,-0.006118208542466164,-0.010959988087415695,-8.676067227497697e-05,-0.0002920686500146985,0.0003357849025633186,219.999,190.999,78.001,"0.02,0.05,-1.06,-1.27,-0.76,-0.16,100627,24.5"
4.746097399969585,0.016372709721326827,-0.03296919763088226,0.02300442084670067,-0.001021818071603775,-0.0015888328664004803,0.00018112501711584628,219.999,190.999,78.001,"0.02,0.06,-1.06,-1.15,-0.76,-0.16,100631,24.5"
4.843117100070231,0.016682911664247513,-0.023511227592825888,0.016764365881681443,-0.0005480848951265216,-0.0015245738322846591,0.00015071372035890818,219.999,190.999,78.001,"0.02,0.06,-1.06,-1.21,-0.76,-0.04,100633,24.5"
4.938143600011244,0.004373737424612045,-0.017186309769749643,0.013811368308961392,-0.00047519844956696035,-0.0009123447351157665,0.00021447677281685173,219.999,190.999,78.001,"0.02,0.05,-1.06,-1.21,-0.76,-0.10,100635,24.5"
5.033096299972385,0.005165044590830803,-0.010735957138240337,0.015514821372926235,-0.00011820545187219977,-0.0007551993476226926,0.00015630354755558074,219.999,190.999,78.001,"0.02,0.06,-1.06,-1.21,-0.76,-0.10,100633,24.5"
5.128122700029053,0.001250850036740303,-0.0204433748498559,-0.003392248461022973,-0.0006453294801758603,-0.0010231180407572539,0.000362231774488464,219.999,190.999,78.001,"0.02,0.06,-1.06,-1.15,-0.76,-0.10,100639,24.5"
5.223097400041297,0.0070507794618606566,0.01311391443014145,0.01054656128399074,0.0007133607927244156,-0.0003277257375884801,4.29814332164824e-05,219.999,190.999,78.001,"0.02,0.05,-1.06,-1.21,-0.76,-0.10,100639,24.5"
5.3190922000212595,0.022190774977207183,-0.03433150574564934,0.035702407360076904,-0.0010682976339012385,-0.0018727258779108525,0.00010546049452386796,219.999,190.999,78.001,"0.02,0.06,-1.06,-1.15,-0.76,-0.10,100631,24.5"
5.453135899966583,0.029786159843206407,0.0016033347696065904,0.04187098778784275,0.0002809258468914777,-0.001366221415810287,-0.00021378020173870027,219.999,191.183,78.001,"0.02,0.06,-1.06,-1.15,-0.82,-0.10,100626,24.5"
5.6031291000545025,-0.006863579899072647,-0.0013676268979907035,-0.0198624599725008,-4.306117771193385e-05,-0.00014125478628557175,0.0003064720949623734,219.999,191.497,78.001,"0.02,0.05,-1.06,-1.21,-0.82,-0.04,100622,24.5"
5.698080100002699,0.015185151249170303,0.020705728977918624,0.02493205349892378,0.0010328197793569415,-0.00023892098106443883,-0.00024685849202796815,219.999,191.499,78.001,"0.02,0.05,-1.06,-1.21,-0.70,-0.10,100621,24.5"
5.79311059997417,-0.006050541624426841,0.005043797940015793,-0.0114160917699337,0.00023480452364310622,-0.00014900548849254845,0.0002454779110848904,219.999,191.499,78.001,"0.02,0.05,-1.06,-1.09,-0.70,-0.10,100636,24.5"
5.889119100058451,0.0041757673025131226,0.02054535672068596,0.01162255983799696,0.0008655010955408215,0.000319508695974946,-9.142319904640318e-05,219.999,191.499,78.001,"0.02,0.06,-1.06,-1.27,-0.70,-0.04,100635,24.5"
5.985137999989092,0.007234971784055233,0.00781843289732933,0.013179539889097213,0.0005023637088015676,-0.0002694686991162598,-3.3113727113232017e-05,219.999,191.499,78.001,"0.02,0.05,-1.06,-1.15,-0.70,-0.04,100635,24.5"
6.082136700046249,-0.008490020968019962,-0.007598407147452235,-0.031165658310055733,-0.0001195259887026623,-0.0005576700350502506,0.0005287012667395174,219.999,191.499,78.001,"0.03,0.06,-1.06,-1.15,-0.76,-0.10,100623,24.5"
6.1801214000443,0.00990954302251339,-0.0066097498871386055,0.013678476959466935,-1.176656223833561e-05,-0.0008494877285556868,9.089942905120552e-05,219.999,191.499,78.001,"0.03,0.06,-1.06,-1.15,-0.88,-0.10,100615,24.5"
6.277114300057292,0.006219319626688957,0.00046142861247062684,0.01694011688232422,0.0001582999830134213,-0.0004027738468721509,2.7043162845075132e-06,219.999,191.499,78.001,"0.02,0.05,-1.06,-1.21,-0.76,-0.16,100639,24.5"
6.373103799996898,-0.01929911095649004,0.0470945693552494,-0.033712948113679884,0.0015902031678706407,0.0014677718107122927,9.579559555277229e-05,219.999,191.499,78.001,"0.03,0.06,-1.06,-1.21,-0.76,-0.04,100631,24.5"
6.4681307000573725,-0.00579470656812191,-0.01664338558912277,-0.008586904406547547,-0.0004962270497344435,-0.000551854760851711,0.0004261880530975759,219.999,191.499,78.001,"0.03,0.06,-1.06,-1.21,-0.76,-0.16,100623,24.5"
6.563103600055911,0.04001922309398651,-0.01845574816688895,0.06108990553766489,-0.0003501016413792968,-0.002144921140279621,-0.0002613196964375675,219.999,191.499,78.001,"0.02,0.06,-1.06,-1.21,-0.82,-0.10,100623,24.5"
6.65812390006613,0.00426349863409996,0.0050326183438301085,0.010019771754741669,0.00040253460174426435,-0.0003553103335434571,2.2527697728946806e-05,219.999,191.499,78.001,"0.02,0.06,-1.06,-1.15,-0.82,-0.04,100638,24.5"
6.808133800048381,0.017875367030501365,-0.0031753681600093842,0.005131158232688904,-7.512816227972507e-06,-0.0008241762639954686,-3.4810096258297564e-05,219.999,191.951,78.001,"0.03,0.05,-1.06,-1.27,-0.70,-0.16,100637,24.5"
6.940137800062075,0.0043663930147886275,0.0012414978817105293,-0.05495531894266605,0.0002317663631401956,-0.00034554009907878936,0.00021847105817869307,219.999,191.997,78.001,"0.03,0.06,-1.06,-1.21,-0.76,-0.04,100623,24.5"
7.036151300068013,-0.0066230611875653265,0.014920193888247012,-0.05709570497274399,0.0007640810625161975,0.00046586255775764583,0.00024971647653728726,219.999,191.999,78.001,"0.02,0.05,-1.06,-1.21,-0.82,-0.04,100639,24.5"
7.132171200006269,-0.007603152841329575,0.03494742885231972,-0.05854730792343617,0.0013845053035765886,0.0008659680606797338,6.3011355814524e-05,219.999,191.999,78.001,"0.02,0.06,-1.06,-1.15,-0.76,-0.16,100623,24.5"
7.229156999965198,0.017064580321311952,-0.012230783700942993,-0.020114143192768098,-0.00013008566165808588,-0.0009720947651658207,8.136050309985876e-05,219.999,191.999,78.001,"0.02,0.06,-1.06,-1.15,-0.76,-0.04,100623,24.5"
7.324110000045039,0.019635478407144545,-0.00842079296708107,-0.016556570678949355,3.9792491588741544e-05,-0.0008790079620666802,-3.3602211624383925e-05,219.999,191.999,78.001,"0.02,0.06,-1.06,-1.15,-0.82,-0.10,100617,24.5"
7.418144199997187,0.0004772856831550598,0.034498529881238936,-0.03354006167501211,0.0014958647079765797,0.0006553366780281067,-4.612692282535136e-05,219.999,191.999,78.001,"0.02,0.05,-1.06,-1.15,-0.82,-0.10,100638,24.5"
7.514163000043482,0.019959087669849395,-0.024938168376684187,-0.0052290216088294985,-0.0004977676784619689,-0.0014110704301856457,0.00010700472630560398,219.999,191.999,78.001,"0.02,0.05,-1.06,-1.21,-0.76,-0.10,100622,24.5"
7.608132199966349,0.022175028175115585,-0.042000146210193635,-0.016498599108308552,-0.0012537273112684488,-0.0016642238479107618,0.00024620818148832766,219.999,191.999,78.001,"0.02,0.06,-1.06,-1.15,-0.82,-0.04,100621,24.5"
7.704140800051391,0.019748010486364365,0.008514720108360052,-0.01829873868264258,0.0005937373556662351,-0.0004593831690726802,-9.062869939953088e-05,219.999,191.999,78.001,"0.02,0.06,-1.06,-1.09,-0.76,-0.16,100635,24.5"
7.799114700057544,0.02681042030453682,-0.009570605214685201,0.0002509169280529022,-9.94745350908488e-05,-0.00115729751996696,-0.00010440464247949422,219.999,191.999,78.001,"0.02,0.05,-1.06,-1.15,-0.82,-0.04,100633,24.5"
7.894133500056341,0.009850557893514633,-0.0052309339633211495,-0.029851571097970007,0.00010624896240187808,-0.000632593419868499,0.00017403290839865804,219.999,191.999,78.001,"0.02,0.05,-1.06,-1.21,-0.82,-0.10,100640,24.5"
7.989176700008102,0.020419710502028465,-0.00023129172623157502,-0.010969111695885658,0.00029027535347267983,-0.0007370004430413246,-3.4443900221958754e-05,219.999,191.999,78.001,"0.02,0.06,-1.06,-1.21,-0.82,-0.04,100641,24.5"
8.17819150001742,0.013154966942965984,-0.02487141825258732,-0.07615122273564338,-0.0006786247773561627,-0.0007514788478147239,0.00019517975742928685,219.999,192.487,78.001,"0.02,0.05,-1.06,-1.33,-0.76,-0.10,100635,24.5"
8.277164699975401,-0.0007155079394578934,0.04610082246363163,-0.10821826308965683,0.0019422880141064525,0.001421240228228271,-5.6733828387223184e-05,219.999,192.499,78.001,"0.02,0.06,-1.06,-1.27,-0.82,-0.16,100623,24.5"
8.372157900012098,0.027498610317707062,-0.014347347617149352,-0.06079442910850048,-3.144630463793874e-05,-0.0009201583336107433,-1.6159249935299157e-05,219.999,192.499,78.001,"0.03,0.06,-1.06,-1.27,-0.76,-0.10,100632,24.5"
8.466152100008912,0.02859165295958519,-0.006903746165335178,-0.0628016673028469,0.00021047298796474933,-0.0007537182187661529,-3.641678486019373e-05,219.999,192.499,78.001,"0.02,0.05,-1.06,-1.27,-0.82,-0.10,100616,24.5"
8.561165299965069,0.03977333381772041,-0.0644100584089756,-0.048199452459812164,-0.0018493728013709188,-0.002492472832091153,0.00029393780860118566,219.999,192.499,78.001,"0.03,0.06,-1.06,-1.21,-0.82,-0.10,100625,24.5"
8.656127399997786,0.019774360209703447,-0.05676597144920379,-0.07055890932679176,-0.0017585618246812374,-0.0017333987983874978,0.0004161920689512044,219.999,192.499,78.001,"0.02,0.05,-1.06,-1.21,-0.82,-0.10,100626,24.5"
8.751147800008766,0.008206505328416824,-0.017964234575629234,-0.08295635432004929,-0.0002123882411979139,-0.0005048261373303831,0.0003083981486270204,219.999,192.499,78.001,"0.02,0.06,-1.06,-1.21,-0.88,-0.10,100624,24.5"
8.846129200072028,0.017469558119773864,0.0023037982173264027,-0.07916598208248615,0.0004743420286104083,-0.00033494382805656644,5.9853328275494276e-05,219.999,192.499,78.001,"0.02,0.06,-1.06,-1.27,-0.76,-0.10,100633,24.5"
8.942139600054361,0.03342286199331283,-0.009560941904783248,-0.04425836391746998,4.55859350040555e-05,-0.0006811369210481643,-0.00022976796608418227,219.999,192.499,78.001,"0.02,0.06,-1.06,-1.27,-0.82,-0.10,100641,24.5"
9.03617670002859,0.011929456144571304,-0.020429545076331122,-0.07921684384346009,-0.00032946831197477877,-0.0007665965473279357,0.0003012463013874367,219.999,192.499,78.001,"0.02,0.06,-1.06,-1.15,-0.82,-0.10,100624,24.5"
9.131156500079669,0.02234309371560812,-0.022203037142753602,-0.06606146972626448,-0.0004947801877278835,-0.0010502760531380772,0.00016952225123532117,219.999,192.499,78.001,"0.02,0.05,-1.06,-1.27,-0.82,-0.10,100620,24.5"
9.225176400039345,0.03393565025180578,-0.021264970302581787,-0.05323525220155716,-0.00034798518754541874,-0.001326094742398709,3.786658635362983e-05,219.999,192.499,78.001,"0.03,0.05,-1.06,-1.21,-0.82,-0.10,100625,24.5"
9.33915670006536,0.02243177220225334,0.011100388411432505,-0.06091363746672869,0.0007703864655923098,-5.142274312674999e-05,-0.00020730795804411173,219.999,192.663,78.001,"0.02,0.05,-1.06,-1.52,-0.64,-0.04,100631,24.5"
9.505151999997906,0.06386663317680359,-0.049179837107658386,-0.08262472152709961,-0.001026656967587769,-0.0024711618199944494,-0.0001441903063096106,219.999,192.997,78.001,"0.02,0.06,-1.06,-1.33,-0.82,-0.04,100627,24.5"
9.599128799978644,0.0006322365254163742,0.028767272271215914,-0.1798349991440773,0.0014461689512245356,0.0013023484381847084,0.00014719515747856348,219.999,192.999,78.001,"0.02,0.06,-1.06,-1.33,-0.82,-0.04,100626,24.5"
9.694158900063485,0.028711611405014992,-0.010185661539435387,-0.1288963720202446,0.00018354568746872246,-0.00039062125724740324,1.3969733845442534e-05,219.999,192.999,78.001,"0.02,0.06,-1.06,-1.27,-0.82,-0.10,100618,24.5"
9.788139300071634,-0.012095904164016246,0.011892041191458702,-0.18397283554077148,0.0006528238765895367,0.0012764876009896398,0.0005171378143131733,219.999,192.999,78.001,"0.02,0.06,-1.06,-1.33,-0.82,-0.10,100635,24.5"
9.883172700065188,0.027772846817970275,-0.0034240758046507835,-0.12588061541318893,0.0005261801474262029,-0.0005400517373345792,6.329072348307819e-05,219.999,192.999,78.001,"0.02,0.06,-1.06,-1.27,-0.82,-0.04,100619,24.5"
9.977151600061916,0.023272748664021493,-0.01127146352082491,-0.13433895483613015,0.00019262530840933323,-0.0006587509764358401,0.00021059047430753707,219.999,192.999,78.001,"0.02,0.05,-1.06,-1.21,-0.88,-0.16,100635,24.5"
10.072167300037108,0.04218155629932881,-0.028885377943515776,-0.09685001075267792,-0.00044722179882228374,-0.0013025165419094265,-6.216011242941022e-05,219.999,192.999,78.001,"0.03,0.06,-1.06,-1.27,-0.82,-0.10,100623,24.5"
10.167204300058074,0.03003503642976284,-0.011394903576001526,-0.12020192369818687,0.00010779578005895018,-0.0005363432108424604,4.308393108658493e-05,219.999,192.999,78.001,"0.02,0.06,-1.06,-1.27,-0.82,-0.10,100637,24.5"
10.263143100077286,0.02016635946929455,-0.03357255342416465,-0.13998323827981948,-0.0007726093521341681,-0.0008505688281729817,0.00041939663933590057,219.999,192.999,78.001,"0.02,0.06,-1.06,-1.21,-0.88,-0.16,100633,24.6"
10.35915290005505,0.030288124829530715,-0.040230816975235936,-0.11897891014814377,-0.0009239900042302907,-0.0013323815772309899,0.00023712485563009977,219.999,192.999,78.001,"0.02,0.06,-1.06,-1.27,-0.76,-0.10,100621,24.6"
10.453197399969213,0.018194258213043213,0.01932983100414276,-0.12420227453112602,0.0011521517182700336,0.0004661425366066396,-5.185232730582356e-05,219.999,192.999,78.001,"0.02,0.05,-1.06,-1.21,-0.82,-0.16,100633,24.6"
10.547182900016196,0.03626197278499603,0.016621486004441976,-0.10819320231676102,0.0011772074736654758,-0.0001349700178252533,-0.00025224451965186743,219.999,192.999,78.001,"0.02,0.05,-1.06,-1.27,-0.82,-0.10,100630,24.5"
10.661173500004224,0.015006963163614273,-0.01739082336425781,-0.14805856272578238,-0.00017243319889530538,-0.00036842671688646077,0.00032196448592003435,219.999,193.173,78.001,"0.02,0.06,-1.06,-1.64,-0.57,-0.04,100627,24.5"
10.828200399992056,0.03721067383885383,-0.006894557364284992,-0.19896684736013412,0.0004044819041155279,-0.00026179009582847355,3.3807300496846437e-06,219.999,193.497,78.001,"0.02,0.06,-1.06,-1.27,-0.88,-0.16,100626,24.6"
10.924146800069138,0.048987310379743576,-0.010603979229927063,-0.17669683694839478,0.0004996985313482583,-0.0007656154688447714,-0.00011765524977818132,219.999,193.499,78.001,"0.02,0.06,-1.06,-1.27,-0.88,-0.10,100615,24.5"
11.02016640000511,0.034458871185779574,-0.01346277743577957,-0.19118918627500534,0.00031995944445952775,-0.00042345672845840455,8.255912689492106e-05,219.999,193.499,78.001,"0.02,0.06,-1.06,-1.21,-0.88,-0.04,100641,24.6"
11.11518269998487,0.0467518562451005,-0.006468944437801838,-0.17259450405836105,0.0005039481329731643,-0.0006346541456878185,-0.00015824150177650153,219.999,193.499,78.001,"0.02,0.05,-1.06,-1.21,-0.88,-0.04,100621,24.6"
11.212176800007,0.031613416969776154,-0.03805706463754177,-0.1972423493862152,-0.0007435457897372544,-0.0008902604458853602,0.0003662876391899772,219.999,193.499,78.001,"0.02,0.06,-1.06,-1.15,-0.88,-0.10,100625,24.5"
11.307220600079745,0.01746922228485346,-0.01308657145127654,-0.21638889610767365,6.73603848554194e-05,0.00023927828297019005,0.00036496644315775484,219.999,193.499,78.001,"0.03,0.06,-1.06,-1.15,-0.88,-0.10,100643,24.5"
11.402213099994697,0.03225957611575723,0.019253505393862724,-0.19512458890676498,0.0013782743480987847,0.00038313830737024546,-5.456296203192324e-05,219.999,193.499,78.001,"0.02,0.06,-1.06,-1.27,-0.88,-0.10,100633,24.6"
11.496211200021207,0.01580497547984123,0.02431946024298668,-0.2077476918697357,0.0015157005051150917,0.0009744789451360703,6.649189745076001e-05,219.999,193.499,78.001,"0.02,0.06,-1.06,-1.09,-0.94,-0.16,100627,24.5"
11.592372399987653,0.030623105354607105,-0.018642171286046505,-0.18484163880348206,6.885287002660334e-05,-0.000523171026725322,0.00017945665749721229,219.999,193.499,78.001,"0.02,0.06,-1.06,-1.15,-0.94,-0.10,100633,24.6"
11.687179800006561,0.05408165790140629,-0.007371949777007103,-0.15269453823566437,0.0005600355099886656,-0.0008333444828167557,-0.00025591051671653987,219.999,193.499,78.001,"0.02,0.06,-1.06,-1.15,-0.88,-0.10,100629,24.6"
11.782230800017715,0.049474805034697054,-0.024218452721834184,-0.16679000705480576,-6.312532350420952e-05,-0.0012301871553063392,4.2778167698998e-05,219.999,193.499,78.001,"0.02,0.05,-1.06,-1.15,-0.88,-0.10,100621,24.5"
11.876195800025016,0.058551103249192236,-0.053537388890981676,-0.13833051025867463,-0.0011191488476470113,-0.0018969902419485151,-1.548150321468711e-05,219.999,193.499,78.001,"0.02,0.06,-1.06,-1.15,-0.88,-0.10,100627,24.5"
12.008191999979317,0.07084174007177353,-0.007426411844789982,-0.14142140001058578,0.0005678927875123918,-0.0012776703923009336,-0.0004963902465533465,219.999,193.889,78.001,"0.02,0.06,-1.06,-1.52,-0.51,-0.04,100621,24.6"
12.16218620003201,0.04288487732410431,-0.011208787560462952,-0.280603951215744,0.0005041775526478887,-0.00011353552108630537,9.757689695106819e-05,219.999,193.997,78.001,"0.02,0.06,-1.06,-1.15,-0.94,-0.16,100629,24.5"
12.25820050004404,0.06190304681658745,-0.039512237347662446,-0.23341325521469117,-0.0004465603153221309,-0.0012702934676781298,-4.45215729996562e-05,219.999,193.999,78.001,"0.02,0.06,-1.06,-1.15,-0.88,-0.10,100631,24.5"
12.354213100043125,0.038941656425595286,-0.030974391847848892,-0.2600568920373917,-0.00010676920646801591,-0.0006155129987746478,0.00027719259378500283,219.999,193.999,78.001,"0.02,0.06,-1.06,-1.21,-0.88,-0.04,100625,24.5"
12.449170300038531,0.01910115499049425,0.005794915184378624,-0.280954909324646,0.0010735152871347963,0.0010243856580927969,0.0002546578471083194,219.999,193.999,78.001,"0.02,0.06,-1.06,-1.15,-0.94,-0.04,100618,24.5"
12.543216499965638,0.03967960551381111,-0.017590992152690887,-0.2641275316476822,0.0002940060920082033,-0.0001769007882103324,0.0002060565137071535,219.999,193.999,78.001,"0.02,0.06,-1.06,-1.21,-0.94,-0.16,100638,24.5"
12.639237600029446,0.05472346693277359,-0.03158169537782669,-0.23310053944587708,-6.153825670480728e-05,-0.0012008167803287506,9.333557682111859e-05,219.999,193.999,78.001,"0.02,0.06,-1.06,-1.15,-0.76,-0.10,100625,24.5"
12.73418769997079,0.042472174298018216,-0.0088181147351861,-0.25451636016368867,0.00047850438859313725,-0.00020309381652623416,0.00013371383538469673,219.999,193.999,78.001,"0.02,0.05,-1.06,-1.15,-0.94,-0.10,100633,24.5"
12.829219300067052,0.023551163263618946,-0.026357144862413407,-0.2797913014888763,-4.91331797093153e-05,2.0489911548793316e-05,0.0005707223434001207,219.999,193.999,78.001,"0.02,0.06,-1.06,-1.21,-0.94,-0.16,100643,24.5"
12.924178100074641,0.05306080672889948,-0.016340009681880475,-0.23644630312919618,0.00032712029060348867,-0.0005805922904983163,-3.6639481550082564e-05,219.999,193.999,78.001,"0.02,0.05,-1.06,-1.21,-0.82,-0.10,100633,24.5"
13.02019020006992,0.027578834630548953,0.007919599302113056,-0.26577564477920534,0.001128470350522548,0.0007934222463518381,0.00013829955132678152,219.999,193.999,78.001,"0.02,0.06,-1.06,-1.09,-0.88,-0.16,100638,24.5"
13.115224400069565,0.06504142507910729,-0.01640706993639469,-0.2082886666059494,0.0004667187575250864,-0.0009667837992310524,-0.00019830039818771183,219.999,193.999,78.001,"0.02,0.06,-1.06,-1.09,-0.94,-0.10,100626,24.5"
13.211231600027531,0.06502706483006478,-0.0195959045086056,-0.23794660568237305,0.00028318975819274783,-0.0006785340723581612,-0.0002737952920142561,219.999,194.413,78.001,"0.02,0.06,-1.06,-1.52,-0.57,-0.04,100625,24.5"
13.310193100012839,0.05184451341629028,0.002906078100204468,-0.3400512397289276,0.0012436889810487628,0.0005697280168533326,-0.0001359125191811472,219.999,194.497,78.001,"0.02,0.06,-1.06,-1.15,-0.94,-0.10,100628,24.5"
13.406217699986883,0.03959958031773567,-0.02679174542427063,-0.3684349894523621,0.00010752428788691759,-0.000153448898345232,0.0004556745145237073,219.999,194.499,78.001,"0.03,0.06,-1.06,-1.09,-1.06,-0.10,100615,24.5"
13.502211000071838,0.05852888748049736,0.005827980116009712,-0.3065984010696411,0.0015045602805912495,0.0004034135490655899,-0.00025340917782159524,219.999,194.499,78.001,"0.02,0.06,-1.06,-1.03,-0.94,-0.04,100623,24.5"
13.597247899975628,0.08343034535646439,-0.06966987866908311,-0.2757772207260132,-0.0012141164857894181,-0.002147239842452109,-3.693526377901435e-06,219.999,194.499,78.001,"0.02,0.06,-1.06,-1.09,-1.00,-0.16,100623,24.5"
13.693184499978088,0.04102209322154522,-0.029921995475888252,-0.3402010500431061,-3.173358272761107e-05,-0.0001842497382313013,0.00036650906986324117,219.999,194.499,78.001,"0.03,0.06,-1.06,-1.03,-1.00,-0.16,100639,24.5"
13.789203600026667,0.08131625857204199,-0.032616676017642024,-0.2693356603384018,0.00010672511998564005,-0.001427056547254324,-0.00024424929870292544,219.999,194.499,78.001,"0.02,0.06,-1.06,-1.03,-0.88,-0.10,100633,24.5"
13.883238999987952,0.057132080942392346,-0.042395108938217164,-0.3140954703092575,-0.00027463118312880396,-0.0009924545884132385,0.00028576036565937103,219.999,194.499,78.001,"0.02,0.06,-1.06,-1.09,-1.00,-0.16,100626,24.5"
13.978211099980399,0.04322538152337074,0.008878862485289574,-0.3295185208320618,0.001519350940361619,0.0005928928032517434,5.504089640453458e-05,219.999,194.499,78.001,"0.03,0.06,-1.06,-0.97,-1.00,-0.16,100618,24.5"
14.07322949997615,0.04236982241272926,0.008712576143443585,-0.32267196774482726,0.0013606167049147189,0.0008230594685301185,-3.730324388016015e-05,219.999,194.499,78.001,"0.02,0.06,-1.06,-1.03,-0.94,-0.10,100615,24.5"
14.168208200018853,0.04978819889947772,-0.006659594550728798,-0.30919220149517057,0.00098658197093755,0.0001341282157227397,4.301247536204755e-05,219.999,194.499,78.001,"0.02,0.05,-1.06,-1.09,-1.00,-0.10,100621,24.5"
14.26223580003716,0.06643465012311936,-0.03569774106144905,-0.29811676740646365,-0.0001109799835830927,-0.0011436674511060118,7.422991911880672e-05,219.999,194.499,78.001,"0.03,0.05,-1.06,-0.97,-0.94,-0.10,100639,24.5"
14.357230399968103,0.041004616767168045,-0.00037946831434965134,-0.36169192790985105,0.0011748426244594158,0.000755779049359262,0.0001479822094552219,219.999,194.921,78.001,"0.03,0.06,-1.06,-1.39,-0.70,-0.04,100620,24.5"
14.456228900002316,0.04323096722364426,0.016184516064822674,-0.43931896686553956,0.0019338041078299285,0.0015554928220808506,-4.546864038275089e-05,219.999,194.997,78.001,"0.02,0.05,-1.06,-1.03,-0.88,-0.10,100637,24.5"
14.55125020002015,0.06651067230850458,-0.04352202750742436,-0.39003169536590576,-4.410619148984551e-05,-0.0006790800020098686,0.00011468750599306077,219.999,194.999,78.001,"0.03,0.06,-1.06,-0.91,-1.00,-0.10,100622,24.5"
14.646224200027063,0.06645813751965761,-0.03502956666052341,-0.38478978872299197,0.0001447912072762847,-0.00040803842712193726,0.00011106866877526045,219.999,194.999,78.001,"0.02,0.06,-1.06,-1.03,-0.88,-0.16,100623,24.5"
14.740193500067107,0.040118918381631376,-0.02252846024930477,-0.42524540424346924,0.0005593947600573302,0.0005823916289955378,0.00042970923823304474,219.999,194.999,78.001,"0.02,0.06,-1.06,-0.91,-1.00,-0.16,100633,24.5"
14.835231399978511,0.06440384611487389,-0.03813230935484171,-0.377281641960144,0.00013300152495503425,-0.0003992163110524416,6.679428042843938e-05,219.999,194.999,78.001,"0.02,0.06,-1.06,-0.91,-0.94,-0.16,100636,24.5"
14.931232400005683,0.037178996950387955,-0.02987268231809139,-0.4193164110183716,0.00035411622375249865,0.00041421260684728625,0.0004840047506149858,219.999,194.999,78.001,"0.03,0.06,-1.06,-1.03,-0.88,-0.16,100641,24.5"
15.02521260001231,0.06351150795817376,-0.014389927685260772,-0.37437795996665957,0.0008507840801030397,0.00024485178291797636,-6.0639227740466595e-05,219.999,194.999,78.001,"0.02,0.06,-1.06,-0.91,-0.94,-0.22,100637,24.5"
15.120240100077353,0.07396380193531513,-0.051140813156962395,-0.3596035361289978,-0.0004316356964409351,-0.0010165325365960598,0.00012195542803965509,219.999,194.999,78.001,"0.02,0.06,-1.06,-0.91,-0.94,-0.16,100637,24.5"
15.214215100044385,0.042421622574329375,-0.024601925723254682,-0.39435511231422427,0.0004038324346765876,0.0004943386185914278,0.0003385782823897898,219.999,194.999,78.001,"0.03,0.06,-1.06,-0.91,-0.94,-0.22,100620,24.5"
15.30924380000215,0.09337669461965561,-0.03658361192792654,-0.31954666376113894,0.0003290957538411021,-0.0014027816243469716,-0.0003577851748559624,219.999,194.999,78.001,"0.03,0.06,-1.06,-0.91,-1.00,-0.16,100635,24.5"
15.404218400013633,0.06781478151679039,-0.025304511934518815,-0.36898008584976194,0.0006538031622767449,-0.00041613198118284345,2.1092442329972984e-05,219.999,194.999,78.001,"0.03,0.06,-1.06,-0.91,-1.00,-0.16,100619,24.5"
15.49923509999644,0.05919771008193493,-0.01255020871758461,-0.4208883881568909,0.0009784174151718616,0.00042219457682222126,6.786704179830849e-05,219.999,195.425,78.001,"0.02,0.06,-1.06,-1.39,-0.64,-0.04,100633,24.5"
15.600225200061686,0.0956913985311985,-0.0675932489335537,-0.44944815039634706,-0.00028780284337699414,-0.001653238362632692,4.236327949911356e-05,219.999,195.497,78.001,"0.02,0.06,-1.06,-0.91,-0.94,-0.10,100621,24.5"
15.695264299982227,0.06957317814230919,-0.011904336884617806,-0.46789119839668275,0.0013636847026646138,0.0005867022788152099,-6.87406281940639e-05,219.999,195.499,78.001,"0.03,0.06,-1.06,-0.91,-1.00,-0.16,100636,24.5"
15.791262699989602,0.06079667285084724,-0.036081670224666594,-0.4759821891784668,0.00048275559674948454,0.00030064110178500413,0.00020139662083238364,219.999,195.499,78.001,"0.02,0.06,-1.06,-1.03,-0.94,-0.16,100636,24.5"
15.88622690003831,0.061776232346892355,-0.04353434573858976,-0.4675753891468048,0.0002039145096205175,0.00024065293837338686,0.00025573641178198157,219.999,195.499,78.001,"0.02,0.06,-1.06,-0.85,-0.94,-0.10,100627,24.5"
15.980272900080308,0.09291489571332931,-0.0709569863975048,-0.4278126358985901,-0.0008230264764279127,-0.0016559939831495285,0.00013766202609986067,219.999,195.499,78.001,"0.02,0.06,-1.06,-0.78,-1.00,-0.10,100627,24.5"
16.076219500042498,0.059107187390327456,-0.01697493568062782,-0.4708177328109741,0.0011093103559687734,0.00044573196209967135,0.00020664500334532931,219.999,195.499,78.001,"0.02,0.06,-1.06,-0.91,-0.94,-0.16,100615,24.5"
16.171262399991974,0.08357985988259316,-0.05759346038103104,-0.4258193612098694,-0.00015417959075421096,-0.0010309664299711584,9.292658651247621e-05,219.999,195.499,78.001,"0.02,0.06,-1.06,-0.85,-1.00,-0.16,100635,24.5"
16.26727159996517,0.08110257238149643,-0.061936290562152864,-0.4285696029663086,-0.00029197235126048325,-0.001254892162978649,0.0002394522656686604,219.999,195.499,78.001,"0.03,0.05,-1.06,-0.78,-1.00,-0.16,100635,24.5"
16.36221629998181,0.07828708216547967,-0.06435548849403858,-0.4375770270824432,-0.0005351885920390487,-0.0009884841972962021,0.00019607904832810163,219.999,195.499,78.001,"0.03,0.06,-1.06,-0.91,-1.00,-0.10,100634,24.5"
16.457256200024858,0.09952549636363983,-0.0474401667714119,-0.39396790266036985,5.7961605489254e-05,-0.0008992373710498214,-0.00034699981333687904,219.999,195.499,78.001,"0.02,0.06,-1.06,-0.78,-1.00,-0.22,100631,24.5"
16.552268799976446,0.051996650919318196,-0.014537371695041656,-0.4676484167575836,0.001272450154647231,0.0008407576242461801,0.0002102603524690494,219.999,195.499,78.001,"0.02,0.06,-1.06,-0.85,-1.00,-0.16,100626,24.5"
16.647234600037336,0.054759331792593,-0.03250415027141571,-0.5115765631198883,0.0006461599841713905,0.000549060245975852,0.00040257658110931516,219.999,195.931,78.001,"0.02,0.06,-1.06,-1.09,-0.64,-0.16,100635,24.5"
16.74423960002605,0.04688383638858795,-0.022923700883984564,-0.6077641129493714,0.001260437653400004,0.0018714183010160924,0.00033571855165064334,219.999,195.997,78.001,"0.03,0.06,-1.06,-0.66,-0.94,-0.16,100631,24.5"
16.84024569997564,0.06331671141088009,-0.04516799971461296,-0.5628926515579223,0.0006486598867923021,0.0006710561690852046,0.0002636379620525986,219.999,195.999,78.001,"0.02,0.06,-1.06,-0.54,-1.00,-0.22,100635,24.5"
16.935267799999565,0.0680836245417595,-0.01567167267203331,-0.5530476033687591,0.001630541100166738,0.0008966769324615598,7.342164753936231e-05,219.999,195.999,78.001,"0.02,0.06,-1.06,-0.60,-0.94,-0.10,100639,24.5"
17.03023610007949,0.06019930094480515,-0.016411551646888255,-0.5594632387161255,0.001464374247007072,0.001123682945035398,0.00017877255741041153,219.999,195.999,78.001,"0.03,0.06,-1.06,-0.60,-0.94,-0.16,100625,24.5"
17.126257700030692,0.10870886296033859,-0.0952989101409912,-0.4785493016242981,-0.0010499394033104182,-0.002094933670014143,5.395739572122693e-05,219.999,195.999,78.001,"0.03,0.06,-1.06,-0.54,-0.94,-0.16,100630,24.5"
17.22028390003834,0.09185895547270775,-0.06573505811393261,-0.5028941810131073,-3.107099328190088e-05,-0.0010096666868776084,8.966156747192144e-05,219.999,195.999,78.001,"0.03,0.06,-1.06,-0.66,-0.94,-0.16,100642,24.5"
17.31426290003583,0.06286714375019073,-0.040127374976873395,-0.535360825061798,0.0006864293827675283,0.0006015763152390719,0.0002621469087898731,219.999,195.999,78.001,"0.02,0.06,-1.06,-0.60,-1.00,-0.16,100629,24.5"
17.408253900008276,0.07173328772187233,-0.054015154391527175,-0.5328941643238068,0.00018065201584249735,-7.684826850891113e-05,0.00028901265759486707,219.999,195.999,78.001,"0.02,0.06,-1.06,-0.60,-0.94,-0.16,100626,24.5"
17.50327109999489,0.06801203712821006,-0.01308120060712099,-0.5277644097805023,0.001633030641824007,0.0009181245230138301,6.94175745593384e-05,219.999,195.999,78.001,"0.02,0.06,-1.06,-0.66,-0.88,-0.16,100617,24.5"
17.598238700069487,0.11242964640259742,-0.08028134405612945,-0.4620793700218201,-0.0004027868155390024,-0.002018430130556226,-8.419979130849242e-05,219.999,195.999,78.001,"0.02,0.06,-1.06,-0.54,-0.94,-0.22,100625,24.5"
17.693267000024207,0.08627901375293731,-0.05822178479284048,-0.5033845126628875,8.759787306189537e-05,-0.0007032695459201932,0.00011630968074314297,219.999,195.999,78.001,"0.02,0.06,-1.06,-0.54,-0.94,-0.10,100637,24.5"
17.789277800009586,0.09248390346765518,-0.0503765719011426,-0.5421551883220672,0.0005980039946734905,-0.00035565742291510105,-3.5510887391865255e-05,219.999,196.443,78.001,"0.03,0.06,-1.06,-0.97,-0.57,-0.10,100641,24.5"
17.89127170003485,0.095558413118124,-0.06220169961452484,-0.6302800297737121,0.0006561307003721595,-0.00016220668330788613,-1.8045518663711847e-05,219.999,196.497,78.001,"0.03,0.06,-1.06,-0.54,-0.88,-0.16,100642,24.5"
17.986284199985676,0.10748019367456436,-0.06387729588896036,-0.5974311232566833,0.0006105669308453798,-0.0007185529917478562,-0.00011070235632359982,219.999,196.499,78.001,"0.02,0.06,-1.06,-0.42,-1.06,-0.16,100633,24.5"
18.08132810005918,0.09125608280301094,-0.05471306182444095,-0.6122070193290711,0.0007186779985204339,8.816230110824108e-05,1.8304784316569566e-05,219.999,196.499,78.001,"0.03,0.06,-1.06,-0.54,-0.88,-0.22,100637,24.5"
18.175285700010136,0.06961640939116479,-0.02268338743597269,-0.6344748616218567,0.0017738779075443744,0.0014000410214066506,7.053246954455972e-05,219.999,196.499,78.001,"0.03,0.06,-1.06,-0.48,-0.94,-0.10,100626,24.5"
18.271301400032826,0.11093713641166687,-0.07041487973183394,-0.5637988805770874,0.00014958563260734082,-0.0008996015880256891,-0.000218900601612404,219.999,196.499,78.001,"0.02,0.06,-1.06,-0.42,-1.06,-0.22,100615,24.5"
18.36625720001757,0.10585785508155823,-0.0778852429240942,-0.5679332137107849,-4.801310133188963e-05,-0.0010365144116804004,-3.2804015791043636e-05,219.999,196.499,78.001,"0.03,0.06,-1.06,-0.48,-0.88,-0.10,100631,24.5"
18.462265599984676,0.10090366750955582,-0.07904659919440746,-0.5834951400756836,-0.0002671736292541027,-0.0009047770872712135,0.0001058310503140092,219.999,196.499,78.001,"0.03,0.06,-1.06,-0.48,-0.94,-0.16,100631,24.5"
18.558294099988416,0.09637161940336228,-0.07896013036370278,-0.5871787309646607,-0.00024288541171699763,-0.0006927940994501114,0.00011373588349670172,219.999,196.499,78.001,"0.03,0.06,-1.06,-0.36,-1.00,-0.22,100640,24.5"
18.65526739996858,0.11127628982067109,-0.05364900678396225,-0.5541047096252442,0.0008648205315694213,-0.0007296514231711626,-0.00024578357697464527,219.999,196.499,78.001,"0.03,0.06,-1.06,-0.48,-0.88,-0.10,100631,24.5"
18.749247399973683,0.10032906383275986,-0.06980346068739891,-0.5603585600852966,0.00027785254642367365,-0.0007145081413909793,1.328376238234341e-05,219.999,196.499,78.001,"0.03,0.06,-1.06,-0.48,-1.00,-0.22,100631,24.5"
18.845267900032923,0.09236933588981629,-0.050152340345084666,-0.5901378870010376,0.0007116851629689336,-7.016260642558336e-05,2.9682641616091134e-05,219.999,196.499,78.001,"0.03,0.06,-1.06,-0.42,-1.00,-0.22,100637,24.5"
18.94029080006294,0.08761937469244004,-0.062372845411300656,-0.6469915270805359,0.0006163649959489703,0.00020070234313607216,0.0002228838624432683,219.999,196.949,78.001,"0.02,0.06,-1.06,-0.78,-0.76,-0.10,100632,24.5"
19.038268700009212,0.10024181008338928,-0.051469863206148145,-0.7263206601142883,0.0015493522863835097,0.0006257353816181421,-0.00011575876851566136,219.999,196.997,78.001,"0.02,0.06,-1.06,-0.54,-0.88,-0.16,100635,24.5"
19.134302800055593,0.1210558757185936,-0.09397664237767459,-0.6737367630004882,9.197238832712174e-05,-0.0010699384612962604,-0.00011571100912988186,219.999,196.999,78.001,"0.02,0.06,-1.06,-0.42,-1.06,-0.16,100625,24.5"
19.229309700080194,0.12419573962688446,-0.06719873175024986,-0.6545838475227356,0.0008958648890256881,-0.0006946759764105082,-0.00040396596887148917,219.999,196.999,78.001,"0.02,0.06,-1.06,-0.36,-0.94,-0.16,100631,24.5"
19.3253247999819,0.07810670286417007,-0.07389680966734886,-0.7189472317695618,0.0004893623292446137,0.0005753641482442618,0.0004328821669332683,219.999,196.999,78.001,"0.02,0.06,-1.06,-0.48,-0.88,-0.16,100635,24.5"
19.420286600012332,0.12084478214383125,-0.09634310603141785,-0.6490984082221984,-0.00017950793262571095,-0.0011715588625520468,-5.12333819642663e-05,219.999,196.999,78.001,"0.03,0.06,-1.06,-0.36,-1.00,-0.22,100616,24.5"
19.515315699973144,0.08268672823905945,-0.037675424665212634,-0.7074223518371582,0.001720868144184351,0.0011389633873477578,9.886465850286185e-05,219.999,196.999,78.001,"0.02,0.06,-1.06,-0.48,-0.88,-0.16,100623,24.5"
19.609282199991867,0.10819571539759636,-0.09048148691654205,-0.6630037426948547,-9.871909860521555e-05,-0.0006736468989402056,0.00010688226902857422,219.999,196.999,78.001,"0.02,0.06,-1.06,-0.48,-0.88,-0.16,100631,24.5"
19.705318700056523,0.08691802322864532,-0.08290907517075538,-0.6927989721298218,0.00026342817582190035,-7.577450014650822e-05,0.00040342544671148064,219.999,196.999,78.001,"0.02,0.06,-1.06,-0.42,-1.00,-0.22,100631,24.5"
19.799298500060104,0.08330647349357605,-0.042639114707708356,-0.6909811615943908,0.0014724341919645668,0.0012444133637472988,3.796697710640728e-05,219.999,196.999,78.001,"0.03,0.06,-1.06,-0.42,-0.88,-0.16,100647,24.5"
19.895290600019507,0.09320088624954223,-0.06202872171998024,-0.6760573387145996,0.000930465362034738,0.00022089192643761634,0.00013354585971683263,219.999,196.999,78.001,"0.03,0.06,-1.06,-0.42,-0.94,-0.16,100631,24.5"
19.989337400067598,0.09086723625659943,-0.08138092625886202,-0.6800582528114318,0.0002906746231019497,-0.00032810624688863756,0.0003663598152343184,219.999,196.999,78.001,"0.02,0.06,-1.06,-0.36,-0.94,-0.22,100635,24.5"
20.096293800044805,0.12661781013011933,-0.09600089266896247,-0.7211888074874878,0.00017744512297213078,-0.0009237259160727263,-0.00018603535136207938,219.999,197.467,78.001,"0.03,0.06,-1.06,-0.54,-0.94,-0.22,100633,24.5"
20.19328480004333,0.07814057916402817,-0.059776473045349124,-0.8802349209785462,0.0016385214636102318,0.001925728702917695,0.00030971544329077004,219.999,197.499,78.001,"0.03,0.06,-1.06,-0.54,-0.82,-0.16,100637,24.5"
20.288306900067255,0.09270934909582138,-0.07435368224978448,-0.8340441942214966,0.0013087616767734288,0.00076432004570961,0.0002902826527133584,219.999,197.499,78.001,"0.02,0.06,-1.06,-0.48,-0.94,-0.16,100631,24.5"
20.383332600002177,0.13206099569797516,-0.11210659332573414,-0.7782993316650391,-5.4531451314687726e-05,-0.0012504185549914836,3.454155521467328e-05,219.999,197.499,78.001,"0.03,0.06,-1.06,-0.42,-0.94,-0.22,100634,24.5"
20.4793124999851,0.10705804824829102,-0.08071794398128987,-0.7940725207328796,0.0009397573303431273,0.00013778461143374444,0.00015434606466442348,219.999,197.499,78.001,"0.03,0.06,-1.06,-0.54,-0.88,-0.16,100630,24.5"
20.575298400013708,0.11166297793388366,-0.09357215613126754,-0.7700159430503846,0.0005552001064643263,6.608925759792328e-05,3.28775611706078e-05,219.999,197.499,78.001,"0.03,0.06,-1.06,-0.54,-0.88,-0.16,100624,24.5"
20.671320499968715,0.10293405950069427,-0.06997691169381141,-0.7824434638023376,0.0012963670771569014,0.0007900313939899206,1.9348529167473317e-05,219.999,197.499,78.001,"0.03,0.06,-1.06,-0.42,-0.88,-0.28,100629,24.5"
20.766355799976736,0.12369732558727264,-0.07556790336966515,-0.7524720191955566,0.0011734470492228866,0.00010448833927512169,-0.0003039937117137015,219.999,197.499,78.001,"0.02,0.06,-1.06,-0.42,-0.88,-0.10,100635,24.5"
20.860331600066274,0.124062579870224,-0.09199053347110749,-0.7520656824111939,0.0005312800174579024,-0.0006224114913493395,-3.5388546530157326e-05,219.999,197.499,78.001,"0.03,0.06,-1.06,-0.48,-0.88,-0.22,100629,24.5"
20.955337699968368,0.13710388243198396,-0.1265210896730423,-0.7244091033935547,-0.0007777803111821413,-0.0016161033418029547,-5.338401533663273e-05,219.999,197.499,78.001,"0.03,0.06,-1.06,-0.42,-0.88,-0.16,100626,24.5"
21.04932940006256,0.15319584906101227,-0.13855962008237838,-0.7131526231765747,-0.0009401731658726931,-0.002668226510286331,-0.0001254126662388444,219.999,197.499,78.001,"0.02,0.06,-1.06,-0.42,-0.94,-0.22,100638,24.5"
21.145325000048615,0.11281859576702118,-0.11793052256107331,-0.7565159559249878,-0.0004631577292457223,-0.0007566445507109165,0.000259770208504051,219.999,197.499,78.001,"0.03,0.06,-1.06,-0.42,-0.94,-0.16,100633,24.5"
21.248283099965192,0.12489155977964402,-0.09116030745208263,-0.8648521304130554,0.0011313884519040585,0.00024546775966882706,-0.000125095434486866,219.999,197.971,78.001,"0.02,0.06,-1.06,-0.66,-0.88,-0.16,100655,24.5"
21.344300400000066,0.12703062742948532,-0.11223482638597489,-0.9625156044960022,0.0008460239507257939,0.00030143256299197674,0.00015921554295346142,219.999,197.999,78.001,"0.03,0.06,-1.06,-0.78,-0.82,-0.16,100630,24.5"
21.43931489996612,0.12472565323114396,-0.11058539673686027,-0.9405138492584229,0.0007862493395805359,0.00017264215275645257,0.00020772633142769338,219.999,197.999,78.001,"0.03,0.06,-1.06,-0.66,-0.88,-0.16,100630,24.5"
21.53434630006086,0.14232353419065474,-0.1567619889974594,-0.8929107427597046,-0.0008544783107936382,-0.0013187899254262446,0.00020603893790394068,219.999,197.999,78.001,"0.03,0.06,-1.06,-0.54,-1.00,-0.16,100633,24.5"
21.630299300071783,0.1338285982608795,-0.12738728448748587,-0.8978538513183594,9.033719543367624e-05,-0.0005322493612766266,0.00014045914285816253,219.999,197.999,78.001,"0.03,0.06,-1.06,-0.66,-0.88,-0.16,100629,24.5"
21.725318400072865,0.14301622211933135,-0.13931569159030915,-0.8697902917861938,-0.0002428623614832759,-0.0011837468482553959,5.266137886792421e-05,219.999,197.999,78.001,"0.03,0.06,-1.06,-0.60,-0.88,-0.16,100621,24.5"
21.820360300014727,0.138489830493927,-0.12371707707643509,-0.8758843064308166,0.0003672477789223194,-0.0006008225027471781,6.976415170356631e-05,219.999,197.999,78.001,"0.03,0.06,-1.06,-0.54,-0.94,-0.16,100638,24.5"
21.915314299985766,0.13089456111192704,-0.09752544984221459,-0.878477144241333,0.0011090572457760572,0.00014430019073188304,-2.3754383437335492e-05,219.999,197.999,78.001,"0.03,0.06,-1.06,-0.72,-0.88,-0.22,100629,24.5"
22.010346499970183,0.11112460643053054,-0.10824745744466782,-0.905562698841095,0.000611024210229516,0.0004538568668067455,0.00038862070068717,219.999,197.999,78.001,"0.03,0.06,-1.06,-0.60,-0.94,-0.22,100612,24.5"
22.105302900075912,0.13495479226112367,-0.133117912709713,-0.8680971145629883,-0.00017091301269829274,-0.0008372225798666477,0.0001740171341225505,219.999,197.999,78.001,"0.03,0.06,-1.06,-0.42,-0.94,-0.22,100637,24.5"
22.200324399978854,0.10334096997976303,-0.1035973608493805,-0.9054751873016358,0.0008020723471418023,0.0008806779980659485,0.0003401910653337836,219.999,197.999,78.001,"0.03,0.06,-1.06,-0.66,-0.82,-0.22,100624,24.5"
22.294306099996902,0.12849641144275664,-0.07504272162914276,-0.8706329941749573,0.0019151581451296805,0.0008408600464463234,-0.00022591027664020658,219.999,197.999,78.001,"0.03,0.06,-1.06,-0.54,-0.88,-0.16,100637,24.5"
22.398332600016147,0.11632245481014251,-0.10583226084709167,-1.0477081656455993,0.001322228112258017,0.0015440781135112047,0.00023741968907415868,219.999,198.475,78.001,"0.03,0.06,-1.06,-0.97,-1.00,-0.22,100692,24.5"
22.49531999998726,0.14872849732637405,-0.1484452411532402,-1.118528699874878,0.0006877048872411251,0.0003582360688596964,0.00028768870979547503,219.999,198.499,78.001,"0.03,0.06,-1.06,-0.78,-0.88,-0.16,100633,24.5"
22.589346900000237,0.14949727356433867,-0.16668222844600677,-1.0752222657203674,-0.00017843339592218399,-0.00029051192104816436,0.0003804211737588048,219.999,198.499,78.001,"0.03,0.06,-1.06,-0.78,-0.88,-0.10,100625,24.5"
22.68431020004209,0.18544836044311525,-0.18188105821609496,-1.0112949728965759,-0.0005842613521963358,-0.0018219257704913615,1.0136119090020657e-05,219.999,198.499,78.001,"0.03,0.06,-1.06,-0.54,-1.06,-0.22,100633,24.5"
22.781308499979787,0.15292346775531768,-0.156915882229805,-1.0613036036491394,9.945337660610676e-05,-0.000589427538216114,0.00038087795255705716,219.999,198.499,78.001,"0.03,0.06,-1.06,-0.72,-0.82,-0.22,100637,24.5"
22.87636770005338,0.1453306645154953,-0.13455722033977507,-1.048335886001587,0.0007420311681926251,0.0002687456086277962,0.0002591880620457232,219.999,198.499,78.001,"0.03,0.06,-1.06,-0.72,-0.88,-0.16,100622,24.5"
22.971375199966133,0.1383969858288765,-0.1448124647140503,-1.0480769157409668,0.0005382704548537731,0.0002138559240847826,0.0003906283644028008,219.999,198.499,78.001,"0.03,0.06,-1.06,-0.60,-1.00,-0.28,100629,24.5"
23.066348199965432,0.14630063474178315,-0.12522026151418686,-1.0351001739501953,0.0009992002975195645,0.0004807666875422001,0.00012903653550893067,219.999,198.499,78.001,"0.03,0.06,-1.06,-0.66,-0.82,-0.22,100637,24.5"
23.164377100067213,0.17811812460422516,-0.1594559818506241,-0.9854694724082946,-1.4376267790794372e-05,-0.0014013576786965133,-2.2483780048787595e-05,219.999,198.499,78.001,"0.03,0.06,-1.06,-0.60,-0.88,-0.16,100637,24.5"
23.260309700039215,0.1432874619960785,-0.1351345330476761,-1.02562073469162,0.0007248655427247285,0.0004213168751448393,0.00024923185119405387,219.999,198.499,78.001,"0.03,0.06,-1.06,-0.60,-0.94,-0.22,100637,24.5"
23.355347800068557,0.1737842559814453,-0.15501892417669297,-0.9797630667686462,4.0808552876114844e-05,-0.0011688883416354657,-9.63172409683466e-05,219.999,198.499,78.001,"0.03,0.06,-1.06,-0.60,-0.94,-0.22,100627,24.5"
23.45036350004375,0.15650161504745483,-0.1293877348303795,-1.0006681203842163,0.0007183946203440428,0.00028265174478292465,-0.00011303049977868795,219.999,198.499,78.001,"0.03,0.06,-1.06,-0.60,-0.88,-0.16,100625,24.5"
23.547366800019518,0.1061600923538208,-0.10924339964985848,-0.8951061367988586,0.00044264770112931726,0.0006730761379003525,0.00049160395283252,219.999,198.017,78.001,"0.02,0.06,-1.06,-0.78,-0.76,-0.10,100578,24.5"
23.646335700061172,0.11956018507480622,-0.10182789117097854,-0.7491597771644593,0.0001459849998354912,-0.00021304930560290815,0.00011511661577969789,219.999,197.999,78.001,"0.03,0.06,-1.06,-0.66,-0.82,-0.16,100629,24.5"
23.7403591000475,0.14336296766996384,-0.09941860437393188,-0.7362435340881348,0.000551361683756113,-0.000953470217064023,-0.00029183789156377314,219.999,197.999,78.001,"0.03,0.06,-1.06,-0.54,-0.94,-0.22,100627,24.5"
23.835351500078104,0.13228711485862732,-0.143511401116848,-0.764295220375061,-0.001093938248232007,-0.001612735539674759,0.00024030613712966442,219.999,197.999,78.001,"0.03,0.06,-1.06,-0.60,-0.82,-0.16,100633,24.5"
23.930363600025885,0.12409722506999969,-0.09634411111474037,-0.7759461998939514,0.0006781670032069087,-0.00021746326237916946,4.3320737313479184e-05,219.999,197.999,78.001,"0.03,0.06,-1.06,-0.54,-0.94,-0.16,100624,24.5"
24.0263861999847,0.107467520236969,-0.10994095280766487,-0.813673460483551,5.7528982870280744e-05,5.226931534707546e-05,0.00043230617884546516,219.999,197.999,78.001,"0.03,0.06,-1.06,-0.48,-1.00,-0.16,100631,24.5"
24.120346800074913,0.14257853031158446,-0.09770933538675308,-0.7535780549049378,0.0007440052926540375,-0.0008287844248116016,-0.0002598838764242828,219.999,197.999,78.001,"0.03,0.06,-1.06,-0.48,-0.88,-0.04,100635,24.5"
24.216357800061814,0.12162602096796035,-0.06625369191169739,-0.7851820349693298,0.0017061795573681594,0.0007068491075187921,-0.0002449165447615087,219.999,197.999,78.001,"0.03,0.06,-1.06,-0.48,-1.00,-0.10,100631,24.5"
24.311381799983792,0.1308252051472664,-0.13867515623569487,-0.7816991448402405,-0.0008512211963534356,-0.001525415014475584,0.0002958297496661544,219.999,197.999,78.001,"0.03,0.06,-1.06,-0.48,-1.00,-0.16,100628,24.5"
24.406373300007544,0.13063809126615525,-0.10339509509503841,-0.7845375776290894,0.0003977249376475811,-0.0006154300644993782,1.4317152090370654e-05,219.999,197.999,78.001,"0.03,0.06,-1.06,-0.48,-0.94,-0.16,100638,24.5"
24.501408700016327,0.11246933341026306,-0.05127381682395935,-0.807037353515625,0.0021371450275182724,0.0013387197162956,-0.00019967671250924467,219.999,197.999,78.001,"0.03,0.06,-1.06,-0.42,-1.00,-0.10,100637,24.5"
24.595357200014405,0.12225054949522018,-0.11292818561196327,-0.7950950264930725,0.00012106942012906075,-0.0006138858385384083,0.00020008577266708016,219.999,197.999,78.001,"0.03,0.06,-1.06,-0.42,-1.00,-0.22,100633,24.5"
24.690393100026995,0.10321563184261322,-0.05218872185796499,-0.674634051322937,0.0014861043309792876,0.0005781169282272458,-1.2999848695471883e-05,219.999,197.513,78.001,"0.03,0.06,-1.06,-0.72,-0.88,-0.10,100633,24.5"
24.788358799996786,0.11574359089136124,-0.09540554396808147,-0.5853100180625915,-0.0004935167729854584,-0.0010288043413311243,0.00011361701181158423,219.999,197.499,78.001,"0.03,0.06,-1.06,-0.66,-0.94,-0.16,100630,24.5"
24.88233749999199,0.120992711186409,-0.10385174304246902,-0.610127592086792,-0.0006041605956852436,-0.0013809282798320055,0.00010845974320545792,219.999,197.499,78.001,"0.03,0.06,-1.06,-0.48,-1.06,-0.16,100637,24.5"
24.978343400056474,0.07962036728858948,-0.054603532142937186,-0.6692233562469483,0.0009197841631248593,0.0011044414015486837,0.00030566900968551634,219.999,197.499,78.001,"0.02,0.06,-1.06,-0.60,-0.94,-0.16,100637,24.5"
25.07337270001881,0.10175644606351852,-0.0851018127053976,-0.6528954148292542,1.3893889263272286e-05,-0.0003891817759722471,0.0003311116830445826,219.999,197.499,78.001,"0.03,0.06,-1.06,-0.54,-0.94,-0.16,100633,24.5"
25.167359200073406,0.11795752346515656,-0.05210279021412134,-0.6286696672439576,0.0013930443674325943,-0.00020571798086166382,-0.0002019517938606441,219.999,197.499,78.001,"0.03,0.06,-1.06,-0.48,-1.00,-0.22,100629,24.5"
25.26336960005574,0.10721767842769622,-0.05827184058725834,-0.6556203007698059,0.001054408960044384,7.384065538644791e-05,2.9142422135919333e-05,219.999,197.499,78.001,"0.03,0.06,-1.06,-0.54,-0.94,-0.10,100625,24.5"
25.35937920003198,0.11807600855827331,-0.07069210447371006,-0.6318176865577698,0.0006694742245599627,-0.00038564472924917936,-0.00011604499304667115,219.999,197.499,78.001,"0.02,0.06,-1.06,-0.48,-0.94,-0.16,100630,24.5"
25.454346899990924,0.08588445857167244,-0.06590434275567532,-0.6794548749923706,0.000695080403238535,0.0007215220015496015,0.00031222980469465257,219.999,197.499,78.001,"0.03,0.06,-1.06,-0.42,-1.00,-0.16,100638,24.5"
25.55036230001133,0.11509651690721512,-0.08355134576559067,-0.6322274923324585,0.0002828862750902772,-0.00047493213787674904,3.161141648888588e-07,219.999,197.499,78.001,"0.03,0.06,-1.06,-0.48,-0.94,-0.10,100629,24.5"
25.645376299973577,0.11455191075801849,-0.10287850350141525,-0.6418077707290649,-0.0003239757614210248,-0.0011153824627399445,0.0002177122631110251,219.999,197.499,78.001,"0.03,0.06,-1.06,-0.54,-0.94,-0.16,100629,24.5"
25.74033459997736,0.14296529591083526,-0.07478055208921433,-0.5934654951095581,0.0006483168108388782,-0.001097708847373724,-0.0005633689812384546,219.999,197.499,78.001,"0.03,0.06,-1.06,-0.48,-1.00,-0.16,100633,24.5"
25.836381700006314,0.08214825093746185,-0.030179578438401224,-0.5520235478878022,0.0013755735475569964,0.0010897475760430098,9.299304510932416e-05,219.999,197.007,78.001,"0.03,0.06,-1.06,-0.72,-0.94,-0.10,100633,24.5"
25.938397599966265,0.0935794897377491,-0.04704719670116901,-0.505343097448349,0.0006799683207646013,1.678143162280321e-05,0.00011431019520387053,219.999,196.999,78.001,"0.03,0.06,-1.06,-0.78,-0.94,-0.16,100637,24.5"
26.034396499977447,0.1026912584900856,-0.05166103281080723,-0.5048554062843322,0.0006408473011106253,-0.00018121260218322276,-6.0916418442502616e-05,219.999,196.999,78.001,"0.02,0.06,-1.06,-0.72,-1.00,-0.16,100629,24.5"
26.129363500047475,0.10726477652788162,-0.06836354807019233,-0.5107397079467774,-1.786320935934782e-05,-0.0006313704652711749,6.341203115880489e-05,219.999,196.999,78.001,"0.03,0.06,-1.06,-0.60,-1.00,-0.16,100631,24.5"
26.22438210004475,0.10261729881167411,-0.06023000031709671,-0.5256384968757629,0.00030631187837570906,-0.0005615590140223503,0.00018336515640839934,219.999,196.999,78.001,"0.03,0.06,-1.06,-0.66,-1.00,-0.16,100638,24.5"
26.32039370003622,0.11672943532466888,-0.0957549799233675,-0.5036809742450714,-0.0007389658130705357,-0.0015980822034180164,0.00015992496628314257,219.999,196.999,78.001,"0.03,0.06,-1.06,-0.54,-1.06,-0.16,100623,24.5"
26.41643149999436,0.11009558588266373,-0.051589947938919065,-0.5162158906459808,0.0007023368263617158,-0.00038799368776381015,-0.00014340177876874803,219.999,196.999,78.001,"0.03,0.06,-1.06,-0.60,-1.06,-0.16,100629,24.5"
26.512360600056127,0.1019184410572052,-0.02499581892043352,-0.5305121839046478,0.001599472970701754,0.0006114398129284382,-0.0002796224143821746,219.999,196.999,78.001,"0.03,0.06,-1.06,-0.60,-1.00,-0.10,100630,24.5"
26.60641490004491,0.10137873068451882,-0.05599621534347534,-0.5383686423301697,0.0005060548894107342,-0.0001936339307576418,1.8975793500430883e-05,219.999,196.999,78.001,"0.02,0.06,-1.06,-0.60,-1.06,-0.22,100629,24.5"
26.700379900052212,0.08217251151800156,-0.04979351200163364,-0.5633962512016296,0.0007245638407766819,0.00044808494858443736,0.00029354268917813897,219.999,196.999,78.001,"0.03,0.06,-1.06,-0.54,-1.06,-0.10,100623,24.5"
26.79638920002617,0.0937812641263008,-0.06155855804681778,-0.5554482817649842,0.0003445673268288374,-0.0004051609663292766,0.00026524305576458573,219.999,196.999,78.001,"0.03,0.06,-1.06,-0.54,-1.00,-0.16,100630,24.5"
26.891353800077923,0.12458851486444474,-0.079815374314785,-0.5060369551181794,-0.0001587594160810113,-0.001554577611386776,-0.0001037408597767353,219.999,196.989,78.001,"0.03,0.06,-1.06,-0.48,-1.06,-0.16,100628,24.5"
26.986397700035013,0.11881285011768342,-0.07000228427350522,-0.38793999552726743,-0.00045741770882159474,-0.0016174095217138529,4.1403586510568854e-05,219.999,196.505,78.001,"0.03,0.06,-1.06,-0.72,-1.00,-0.10,100629,24.5"
27.085425300057977,0.07144164368510246,-0.0421117065474391,-0.4511049151420593,0.00027868072502315047,0.0002582116285338998,0.00046333428472280504,219.999,196.499,78.001,"0.02,0.06,-1.06,-0.85,-0.94,-0.16,100621,24.5"
27.180376200005412,0.11398914158344269,-0.06655779741704464,-0.3862643301486969,-0.00038942699320614337,-0.0011732515646144747,-0.00012468191562220454,219.999,196.499,78.001,"0.03,0.06,-1.06,-0.72,-1.00,-0.10,100637,24.5"
27.276380100054666,0.10132088512182236,-0.04481594040989876,-0.41350568532943727,0.0003862421726807952,-0.00037976757157593967,-9.33206989429891e-05,219.999,196.499,78.001,"0.03,0.06,-1.06,-0.60,-1.06,-0.10,100630,24.5"
27.37141620006878,0.10642275735735893,-0.06971615757793188,-0.4219931423664093,-0.0005189109826460481,-0.0012059617787599564,0.00010703831794671715,219.999,196.499,78.001,"0.03,0.06,-1.06,-0.72,-0.94,-0.16,100629,24.5"
27.467431399971247,0.0761406697332859,-0.048899498954415324,-0.46439228057861326,0.00015747298020869495,0.0003175276331603527,0.0003997880732640624,219.999,196.499,78.001,"0.02,0.06,-1.06,-0.72,-1.00,-0.22,100630,24.5"
27.56336160004139,0.09345691278576851,-0.06535085421055556,-0.4466939389705658,-0.0003036787500604987,-0.0007170579861849547,0.0002798988716676831,219.999,196.499,78.001,"0.03,0.06,-1.06,-0.66,-1.00,-0.22,100633,24.5"
27.65937170002144,0.12159619480371475,-0.10098192095756531,-0.4091487109661102,-0.0013809617375954986,-0.0025983779225498436,0.0001915066037327051,219.999,196.499,78.001,"0.02,0.06,-1.06,-0.66,-1.00,-0.16,100618,24.5"
27.755391300073825,0.06979008540511131,-0.07326751463115215,-0.4723606646060944,-0.000707762548699975,-0.00018588034436106682,0.0005579225602559745,219.999,196.499,78.001,"0.02,0.06,-1.06,-0.66,-1.00,-0.16,100631,24.5"
27.849429600057192,0.0732447274029255,-0.02763223312795162,-0.4876298189163208,0.0009197029983624816,0.0008703592233359813,0.00024795467033982276,219.999,196.499,78.001,"0.03,0.06,-1.06,-0.66,-1.00,-0.10,100629,24.5"
27.944389200070873,0.08913863897323608,-0.04667667336761951,-0.46413373947143555,0.0003961351234465837,-0.00028013712726533414,0.00026342166820541023,219.999,196.499,78.001,"0.03,0.06,-1.06,-0.66,-1.00,-0.10,100637,24.5"
28.03942150005605,0.07962680459022523,-0.04466921258717775,-0.46618759632110596,0.00048769756685942414,0.00014099869877099992,0.0002572270284872502,219.999,196.443,78.001,"0.03,0.06,-1.06,-0.30,-1.43,-0.28,100633,24.5"
28.135433300049044,0.07773628011345864,0.0013850696384906768,-0.34183349609375,0.0015904911560937762,0.0006468757055699825,-4.9980299081653357e-05,219.999,196.003,78.001,"0.02,0.06,-1.06,-0.72,-1.00,-0.16,100633,24.5"
28.231379900011234,0.10957888066768647,-0.06953104510903359,-0.3082018315792084,-0.000722665386274457,-0.0018627254059538246,5.094874068163335e-05,219.999,195.999,78.001,"0.02,0.06,-1.06,-0.85,-1.00,-0.10,100637,24.5"
28.32542720006313,0.10848328918218612,-0.031277327239513396,-0.3283674716949463,0.0006085608154535293,-0.0009766140719875693,-0.00015282831445802004,219.999,195.999,78.001,"0.03,0.06,-1.06,-0.78,-0.94,-0.16,100625,24.5"
28.422411400009878,0.09170643761754035,-0.041244252026081084,-0.34286072850227356,0.00037401611916720867,-0.0006981212180107832,5.5695674382150175e-05,219.999,195.999,78.001,"0.02,0.06,-1.06,-0.72,-1.06,-0.10,100638,24.5"
28.518422199995257,0.0821761928498745,-0.03417027816176414,-0.3756966233253479,0.0004386292072013021,-0.00015970221720635892,0.00021130219683982432,219.999,195.999,78.001,"0.03,0.06,-1.06,-0.78,-1.00,-0.16,100634,24.5"
28.614435099996626,0.10840481445193291,-0.05827118325978518,-0.31923136711120603,-0.00031560471979901193,-0.0011967984028160572,-0.00016371030360460282,219.999,195.999,78.001,"0.03,0.06,-1.06,-0.72,-1.00,-0.16,100629,24.5"
28.709393800003454,0.07173152267932892,-0.010402351431548596,-0.3926847517490387,0.001146363839507103,0.000745613663457334,0.00016647764132358134,219.999,195.999,78.001,"0.03,0.06,-1.06,-0.72,-1.06,-0.16,100630,24.5"
28.80442220007535,0.07854417338967323,-0.0060608889907598495,-0.37966497540473937,0.0014765556203201412,0.0008834842359647155,-1.0646035661920905e-05,219.999,195.999,78.001,"0.03,0.06,-1.06,-0.60,-1.06,-0.16,100631,24.5"
28.89839980006218,0.09264888763427734,-0.02805902101099491,-0.3491173982620239,0.0008165030041709543,-0.0002010383876040578,-0.00013400980387814342,219.999,195.999,78.001,"0.03,0.06,-1.06,-0.72,-1.00,-0.16,100626,24.5"
28.99343100003898,0.08832600265741349,-0.029009604640305043,-0.3716215372085571,0.0005332343745976687,4.3442752212286e-05,-9.282600367441774e-05,219.999,195.999,78.001,"0.03,0.06,-1.06,-0.60,-1.06,-0.16,100638,24.5"
29.08741729997564,0.07239588797092437,-0.03872181791812181,-0.40316793918609617,0.00019216018263250588,0.00019458394963294267,0.00032515896018594506,219.999,195.999,78.001,"0.03,0.06,-1.06,-0.66,-1.06,-0.10,100639,24.5"
29.183444699971005,0.10015253722667694,-0.04050021320581436,-0.35268000364303587,0.00029779262840747835,-0.0008303107926622034,-5.501508130691946e-05,219.999,195.905,78.001,"0.03,0.06,-1.06,-0.17,-1.43,-0.16,100630,24.5"
29.280415900051594,0.09968022406101226,-0.007098819315433502,-0.22695667743682862,0.001202364359050989,-0.0006968576926738024,-0.0003055502485949546,219.999,195.503,78.001,"0.02,0.06,-1.06,-0.85,-1.00,-0.22,100625,24.5"
29.375448300037533,0.08328983709216117,-0.0534880505874753,-0.269236746430397,-0.0005113860825076699,-0.0009481322020292282,0.00029604563023895026,219.999,195.499,78.001,"0.03,0.06,-1.06,-0.85,-0.94,-0.10,100637,24.5"
29.47041970002465,0.08871812969446183,0.002629125863313675,-0.26952993869781494,0.0016414519865065812,8.851576130837202e-05,-0.00020628322672564537,219.999,195.499,78.001,"0.02,0.06,-1.06,-0.78,-0.88,-0.10,100629,24.5"
29.565432899980806,0.08577556684613227,-0.05563189536333084,-0.2876917362213135,-0.0005238002864643932,-0.0010347911855205893,0.00029757063603028653,219.999,195.499,78.001,"0.02,0.06,-1.06,-0.72,-1.06,-0.16,100638,24.5"
29.660392399993725,0.06596084386110306,-0.01624091640114784,-0.3150192886590958,0.0008936219615861774,0.00031909747049212455,0.00026038710784632714,219.999,195.499,78.001,"0.03,0.06,-1.06,-0.78,-0.94,-0.10,100627,24.5"
29.75542509998195,0.059747014194726944,0.009889479167759419,-0.3227970123291016,0.0016620742389932275,0.0014990261057391762,2.6905362028628586e-05,219.999,195.499,78.001,"0.02,0.06,-1.06,-0.78,-0.94,-0.10,100639,24.5"
29.850465100025758,0.07917054295539856,-0.05695148389786482,-0.3056964874267578,-0.0006183790741488337,-0.0008714114082977176,0.0004136941744945943,219.999,195.499,78.001,"0.03,0.06,-1.06,-0.78,-1.00,-0.16,100622,24.5"
29.945413600071333,0.10704831779003143,-0.06304768547415733,-0.2686213761568069,-0.0006064796820282936,-0.001956315338611603,-5.310343112796545e-06,219.999,195.499,78.001,"0.02,0.06,-1.06,-0.72,-0.94,-0.22,100632,24.5"
30.042410900001414,0.09863624274730683,-0.04578064978122711,-0.28048655986785886,-8.285765070468188e-05,-0.0013644715305417775,-1.0690002818591893e-05,219.999,195.499,78.001,"0.02,0.06,-1.06,-0.72,-1.00,-0.16,100635,24.5"
30.13841490005143,0.06583975441753864,-0.05463585667312145,-0.3296670526266098,-0.0005342382239177824,-0.0004155137808993459,0.000512440362945199,219.999,195.499,78.001,"0.02,0.06,-1.06,-0.72,-1.00,-0.16,100638,24.5"
30.232472900068387,0.08695116564631462,-0.06767903491854668,-0.29954053163528443,-0.0008706842549145221,-0.001363772852346301,0.00033736189361661674,219.999,195.499,78.001,"0.03,0.06,-1.06,-0.66,-1.00,-0.16,100631,24.5"
30.327425600029528,0.09195306301116943,-0.03451501801609993,-0.28896380960941315,0.00036928383633494377,-0.0009675767971202732,7.832340779714286e-05,219.999,195.347,78.001,"0.03,0.06,-1.06,-0.30,-1.49,-0.22,100615,24.5"
30.42541450005956,0.08163973726332188,-0.004679055325686932,-0.19149063974618913,0.0010930409422144293,2.8332765214145184e-05,-0.00020792560535483063,219.999,195.001,78.001,"0.02,0.06,-1.06,-0.85,-1.00,-0.10,100626,24.5"
30.520472900010645,0.08883798345923424,0.0013924174010753632,-0.1865209758281708,0.0012777019292116165,-0.00014929752796888351,-0.00034653522307053207,219.999,194.999,78.001,"0.02,0.06,-1.06,-0.91,-1.00,-0.10,100639,24.5"
30.61840460007079,0.06864415258169174,-0.011623743176460265,-0.23612922430038452,0.000768548040650785,9.317172225564718e-05,8.33297599456273e-05,219.999,194.999,78.001,"0.02,0.06,-1.06,-0.97,-0.94,-0.16,100639,24.5"
30.713440000079572,0.05180351957678795,0.007590732909739018,-0.26113116145133974,0.0014912464423105121,0.0013556847465224565,0.00016346330521628262,219.999,194.999,78.001,"0.03,0.06,-1.06,-0.91,-0.94,-0.16,100628,24.5"
30.808465600013733,0.0681565023958683,-0.02506593372672796,-0.24832921326160431,0.0004042550455778837,-0.00018164303619414568,0.000258138999924995,219.999,194.999,78.001,"0.03,0.06,-1.06,-0.78,-1.00,-0.04,100633,24.5"
30.90440740005579,0.09275759980082512,-0.043228070437908175,-0.21393964886665345,-2.2313790395855905e-06,-0.0014956823084503411,1.4209136134013534e-05,219.999,194.999,78.001,"0.03,0.06,-1.06,-0.85,-0.94,-0.16,100631,24.5"
30.999449800001457,0.0987727776169777,-0.03663027472794056,-0.2063859909772873,0.00011675164569169283,-0.0013358887983486057,-0.00018330658494960516,219.999,194.999,78.001,"0.02,0.06,-1.06,-0.85,-1.00,-0.10,100623,24.5"
31.09445540001616,0.06801993511617184,-0.032610625773668286,-0.25896925926208497,7.422755006700755e-05,-0.0003329186234623194,0.0002974817471113056,219.999,194.999,78.001,"0.03,0.06,-1.06,-0.85,-0.94,-0.10,100639,24.5"
31.189423799980432,0.05820405036211014,-0.02991791982203722,-0.2692376673221588,2.731550484895706e-05,0.00010670798365026712,0.0003971984900999814,219.999,194.999,78.001,"0.02,0.06,-1.06,-0.85,-0.94,-0.10,100633,24.5"
31.28543070005253,0.07229837775230408,-0.02250850647687912,-0.2593536525964737,0.0003315228736028075,-0.0002792046871036291,0.00013752887025475502,219.999,194.999,78.001,"0.02,0.06,-1.06,-0.72,-1.00,-0.10,100637,24.5"
31.38046040001791,0.06523994654417038,0.010175149142742156,-0.2577787429094315,0.0016308684134855866,0.0006428460823372006,-2.2974901366978883e-05,219.999,194.999,78.001,"0.02,0.06,-1.06,-0.78,-0.94,-0.10,100641,24.5"
31.476476300042123,0.07935726195573807,-0.01662943437695503,-0.21743774116039277,0.0008427687222138047,-0.0003334945999085903,-0.0001660504611209035,219.999,194.758,78.001,"0.03,0.06,-1.06,-0.36,-1.55,-0.22,100632,24.5"
31.573467300040647,0.05976653303951025,-0.01135451178997755,-0.16283189207315446,0.000609108351636678,7.995490450412035e-05,0.00014898031222401186,219.999,194.501,78.001,"0.02,0.06,-1.06,-1.03,-0.88,-0.10,100625,24.5"
31.66947419999633,0.06997645944356919,-0.06806103065609932,-0.1768130272626877,-0.001335650566034019,-0.0017839353531599045,0.0005576910800300539,219.999,194.499,78.001,"0.03,0.06,-1.06,-0.91,-0.94,-0.10,100637,24.5"
31.764443299965933,0.10496757775545121,-0.03972847461700439,-0.12021356225013732,-0.00014757008757442235,-0.0020792978582903745,-0.0002993776346556842,219.999,194.499,78.001,"0.02,0.06,-1.06,-0.91,-0.88,-0.04,100632,24.5"
31.859468600014225,0.07277586385607719,-0.018718910589814185,-0.16905029714107514,0.0006088653113692999,-0.0005540081998333335,1.2778026575688273e-05,219.999,194.499,78.001,"0.03,0.06,-1.06,-0.97,-0.88,-0.10,100624,24.5"
31.95550739997998,0.056940009072422984,-0.03832101989537477,-0.2086397334933281,-0.00020323016215115786,-0.0004608206916600466,0.0004876662394963205,219.999,194.499,78.001,"0.02,0.06,-1.06,-0.85,-1.00,-0.10,100629,24.5"
32.05043750000186,0.05552782416343689,-0.005040339007973671,-0.21003975868225097,0.0008319218060933054,0.0004867166047915816,0.00021706923434976487,219.999,194.499,78.001,"0.02,0.06,-1.06,-0.85,-0.88,-0.16,100622,24.5"
32.144497100031,0.0697696901857853,0.019861174374818803,-0.1834525227546692,0.0018552063964307308,0.000631908467039466,-0.0003018078044988215,219.999,194.499,78.001,"0.03,0.06,-1.06,-0.91,-0.88,-0.16,100629,24.5"
32.239458100055344,0.09734452217817306,-0.025337337329983712,-0.13553123474121093,0.0004783179145306349,-0.0012147310189902782,-0.00031022124167066065,219.999,194.499,78.001,"0.02,0.06,-1.06,-0.91,-1.00,-0.22,100632,24.5"
32.33448109996971,0.0732810564339161,-0.02655792608857155,-0.1810324400663376,0.00040433132089674474,-0.0006793983746320009,0.00011507155722938478,219.999,194.499,78.001,"0.03,0.06,-1.06,-0.91,-1.00,-0.22,100637,24.5"
32.42945050005801,0.056944507732987405,-0.01614201869815588,-0.21303941309452057,0.00045383772812783717,0.00023254440166056156,0.00024325402337126433,219.999,194.499,78.001,"0.02,0.06,-1.06,-0.91,-0.88,-0.10,100630,24.5"
32.52642860007472,0.04161071814596653,0.0038638468831777573,-0.23254543542861938,0.0010500643402338028,0.00110256252810359,0.0003092933009611443,219.999,194.499,78.001,"0.02,0.06,-1.06,-0.78,-1.00,-0.16,100633,24.5"
32.620470999972895,0.06807162463665009,-0.02358069196343422,-0.1694874197244644,0.0004425208549946547,-0.000614544830750674,0.00012243366218172013,219.999,194.185,78.001,"0.02,0.06,-1.06,-0.66,-1.31,-0.22,100617,24.5"
32.71944770007394,0.06091881468892098,-0.033886182308197024,-0.09621115997433663,-0.0003268316620960832,-0.0007683451520279049,0.00012865164317190647,219.999,194.001,78.001,"0.02,0.06,-1.06,-1.15,-0.82,-0.10,100634,24.5"
32.814495200058445,0.05342623014003038,-0.05501220375299454,-0.13622243702411652,-0.0010513621265999973,-0.001070740120485425,0.0005045920959673821,219.999,193.999,78.001,"0.03,0.06,-1.06,-0.91,-0.88,-0.16,100635,24.5"
32.90950890001841,0.028400210849940776,0.0031488437205553057,-0.1769929349422455,0.0009356818627566099,0.001102784788236022,0.00047302927996497603,219.999,193.999,78.001,"0.02,0.06,-1.06,-1.03,-0.82,-0.04,100629,24.5"
33.00445870007388,0.04516828507184982,-0.03543561827391386,-0.16143961995840073,-0.00029201682191342114,-0.00046005083713680507,0.0005119441688293591,219.999,193.999,78.001,"0.02,0.06,-1.06,-0.97,-0.88,-0.16,100627,24.5"
33.099480899982154,0.06359788421541453,-0.02212116736918688,-0.12067409977316856,0.00027613467536866663,-0.0003672755556181073,-9.983550990000368e-06,219.999,193.999,78.001,"0.02,0.06,-1.06,-0.91,-0.88,-0.10,100628,24.5"
33.19345630006865,0.060186118632555005,-0.029491724260151387,-0.14283939301967621,-8.963525760918856e-06,-0.0007360224146395922,0.0002494886895874515,219.999,193.999,78.001,"0.02,0.06,-1.06,-0.97,-0.82,-0.16,100633,24.5"
33.28947279998101,0.06792311295866967,-0.02143055908381939,-0.13390317559242249,0.0002780064940452576,-0.0008166305720806122,7.699221168877557e-05,219.999,193.999,78.001,"0.02,0.06,-1.06,-1.03,-1.00,-0.22,100625,24.5"
33.38449640001636,0.09042189866304398,-0.05640976764261722,-0.09817501530051231,-0.0007555870222859084,-0.0022410867270082234,9.688176214694977e-06,219.999,193.999,78.001,"0.02,0.06,-1.06,-0.97,-0.94,-0.16,100625,24.5"
33.48044159996789,0.07323435693979263,-0.008919605612754821,-0.12902068942785264,0.0007969338330440223,-0.00043445606715977194,-0.00017244774207938462,219.999,193.999,78.001,"0.02,0.06,-1.06,-0.91,-0.82,-0.04,100635,24.5"
33.575479999999516,0.05919166151434183,0.001459243893623352,-0.14560045450925826,0.0010509984567761421,0.00014913978520780802,3.369921178091318e-05,219.999,193.999,78.001,"0.02,0.05,-1.06,-0.97,-0.88,-0.16,100628,24.5"
33.67147429997567,0.04564088163897395,-0.002747448533773422,-0.16762541234493256,0.0010691351257264615,0.00041269471403211356,0.0002094995346851647,219.999,193.999,78.001,"0.02,0.06,-1.06,-0.97,-0.94,-0.16,100634,24.5"
33.76644540007692,0.06373572684824466,0.00031541846692562103,-0.11123091578483582,0.0012097485596314073,-5.057237576693297e-05,-6.235075416043401e-05,219.999,193.665,78.001,"0.03,0.06,-1.06,-0.78,-1.18,-0.22,100623,24.5"
33.861474200035445,0.03881722018122673,-0.011371525004506111,-0.0790784027427435,0.00038736532442271707,0.00018242828082293272,0.00019151279993820936,219.999,193.501,78.001,"0.02,0.06,-1.06,-1.15,-0.82,-0.10,100629,24.5"
33.956503900000826,0.04337460957467556,-0.007295972481369972,-0.09058939181268215,0.0006803645635955035,0.00022251334739848972,0.0001566560153150931,219.999,193.499,78.001,"0.02,0.06,-1.06,-1.03,-0.88,-0.10,100633,24.5"
34.05252060003113,0.059769104979932305,-0.03281965088099241,-0.0734782125800848,-2.55293445661664e-05,-0.0009320589713752269,0.00014324215007945895,219.999,193.499,78.001,"0.02,0.06,-1.06,-1.03,-0.88,-0.04,100633,24.5"
34.14845089998562,0.07331721633672714,-0.026315438188612462,-0.050264771282672885,0.00017037007492035628,-0.0010828115744516253,-0.0001580179436132312,219.999,193.499,78.001,"0.02,0.06,-1.06,-1.09,-0.82,-0.16,100630,24.5"
34.244497500010766,0.04358015358448029,-0.023718563839793205,-0.11617687791585922,0.0001491073053330183,-0.0004201660165563226,0.00035571655607782306,219.999,193.499,78.001,"0.02,0.06,-1.06,-1.09,-0.88,-0.10,100635,24.5"
34.34048500005156,0.0854751244187355,-0.04477101154625416,-0.03941685110330582,-0.00032446861732751133,-0.0019502541283145547,-0.00014557276153936982,219.999,193.499,78.001,"0.02,0.06,-1.06,-1.03,-0.88,-0.10,100631,24.5"
34.43550690007396,0.06793333552777767,-0.02954150028526783,-0.07357445172965527,1.9162881653755903e-05,-0.0010889681754633785,6.098998710513115e-08,219.999,193.499,78.001,"0.03,0.06,-1.06,-1.09,-0.82,-0.04,100619,24.5"
34.53045820002444,0.08334377259016038,-0.05781351402401924,-0.04839981850236654,-0.0008948637638241053,-0.002337684715166688,-5.349345738068223e-05,219.999,193.499,78.001,"0.03,0.06,-1.06,-1.03,-0.82,-0.16,100631,24.5"
34.62549140001647,0.06108479350805283,-0.018833545222878455,-0.08081903159618378,0.0003644881886430085,-0.00046445148764178156,-4.070975701324642e-05,219.999,193.499,78.001,"0.02,0.06,-1.06,-1.03,-0.88,-0.16,100635,24.5"
34.719474100042135,0.0550018735229969,0.009769796580076217,-0.09291282519698144,0.0014700471423566342,0.0003503522835671902,-0.0002039482249529101,219.999,193.499,78.001,"0.02,0.06,-1.06,-1.03,-0.82,-0.16,100631,24.5"
34.813512700027786,0.04929313808679581,0.009058947116136551,-0.10318022444844246,0.0013905925676226615,0.00045554707758128644,-3.814234223682433e-05,219.999,193.499,78.001,"0.02,0.05,-1.06,-1.03,-0.82,-0.10,100627,24.5"
34.908480899990536,0.047449059598147866,-0.01596686989068985,-0.08351841419935227,0.000362667185254395,-0.00027711468283087015,0.0002506030956283212,219.999,193.131,78.001,"0.02,0.06,-1.06,-0.97,-1.06,-0.10,100631,24.5"
35.00548070005607,0.008040386065840722,-0.002646951377391815,-0.08313174247741699,0.0006058314465917647,0.0008795260917395353,0.0005229648202657699,219.999,193.001,78.001,"0.02,0.06,-1.06,-1.21,-0.70,-0.16,100625,24.5"
35.100516400067136,0.03943158108741045,-0.006141377612948418,-0.04447460472583771,0.0007757558487355709,-0.00013317740522325038,7.162039401009679e-05,219.999,192.999,78.001,"0.02,0.05,-1.06,-1.15,-0.82,-0.10,100631,24.5"
35.19548780005425,0.025411113724112512,0.02575922627002001,-0.07788638770580292,0.0016402855166234077,0.001225033076480031,8.433796028839424e-05,219.999,192.999,78.001,"0.02,0.06,-1.06,-1.15,-0.88,-0.16,100636,24.5"
35.289513000054285,0.03773717749863863,-0.008599141985177994,-0.063520447909832,0.000468600494787097,-4.077260382473469e-05,0.00018897719855885952,219.999,192.999,78.001,"0.03,0.06,-1.06,-1.21,-0.76,-0.10,100619,24.5"
35.38446650002152,0.05703444667160511,-0.012449618428945541,-0.025288796797394753,0.0006376544013619422,-0.0009176756953820586,-0.00011520758853293956,219.999,192.999,78.001,"0.02,0.06,-1.06,-1.21,-0.76,-0.10,100621,24.5"
35.4804843000602,0.01980716995894909,0.022519021574407817,-0.0793273214250803,0.0017433326574973762,0.0011967845377512277,0.00011370169231668114,219.999,192.999,78.001,"0.02,0.06,-1.06,-1.15,-0.82,-0.10,100637,24.5"
35.576497000060044,0.03034523669630289,-0.030710637196898462,-0.07720011472702026,-0.00021467839833348988,-0.00038963044062256813,0.0004472891450859606,219.999,192.999,78.001,"0.03,0.06,-1.06,-1.15,-0.70,-0.10,100624,24.5"
35.671518100076355,0.06399618573486805,-0.0305907778441906,-0.023852549958974123,-3.408621996641159e-05,-0.0012318999622948467,-8.251745020970702e-05,219.999,192.999,78.001,"0.02,0.06,-1.06,-1.09,-0.82,-0.10,100628,24.5"
35.7655060000252,0.057692569121718405,-0.03130555078387261,-0.044300288893282413,-0.00026865291874855757,-0.0011643923411611468,-1.9586895359680056e-05,219.999,192.999,78.001,"0.03,0.06,-1.06,-1.09,-0.76,-0.10,100636,24.5"
35.8594847000204,0.034636715054512025,0.023345037922263147,-0.06852374784648418,0.0015941319055855275,0.0010399521212093531,-7.850474503356963e-05,219.999,192.999,78.001,"0.03,0.06,-1.06,-1.15,-0.82,-0.04,100635,24.5"
35.95450510003138,0.03658536970615387,0.027573125064373018,-0.07420509196817875,0.0019291287288069725,0.000704484002199024,7.5091651524417106e-06,219.999,192.999,78.001,"0.03,0.06,-1.06,-1.15,-0.88,-0.16,100637,24.5"
36.05051560001448,0.08278323858976364,-0.04771197959780693,0.012341115064918995,-0.0006554166553542018,-0.0025928464252501725,-0.00017486356664448978,219.999,192.591,78.001,"0.02,0.05,-1.06,-1.15,-0.94,-0.16,100636,24.5"
36.150527000078,0.027936889603734017,-0.03049255656078458,-0.02361151985824108,-0.00043313947971910236,-0.0007332839537411928,0.0004355294164270163,219.999,192.501,78.001,"0.03,0.06,-1.06,-1.21,-0.76,-0.10,100627,24.5"
36.24548400007188,0.05401803627610206,-0.03639321345835924,0.015835277875885366,-0.0005405607284046709,-0.0015784991439431906,1.196615630760789e-06,219.999,192.499,78.001,"0.02,0.06,-1.06,-1.21,-0.76,-0.10,100624,24.5"
36.342481300001964,0.0488255949690938,-0.011241991072893143,-0.0015289250761270524,0.0002679740311577916,-0.0010028370656073094,-9.756589424796403e-05,219.999,192.499,78.001,"0.02,0.06,-1.06,-1.15,-0.76,-0.10,100624,24.5"
36.43850090005435,0.04062616433948278,-0.02474457137286663,-0.00592911709100008,-0.0001389147015288472,-0.0009905602782964706,4.4939015060663225e-05,219.999,192.499,78.001,"0.02,0.06,-1.06,-1.15,-0.76,-0.10,100636,24.5"
36.53449750004802,0.03442935217171907,0.016602224577218293,-0.023107848316431045,0.001328170404303819,0.0001955306506715715,-0.00010269747290294617,219.999,192.499,78.001,"0.02,0.05,-1.06,-1.15,-0.82,-0.10,100637,24.5"
36.6305272000609,0.04763747937977314,-0.022558354958891868,0.0031299980357289313,-0.00014678837032988667,-0.001099627697840333,-5.938378744758665e-05,219.999,192.499,78.001,"0.02,0.06,-1.06,-1.15,-0.76,-0.10,100629,24.5"
36.72450110001955,0.03127094395458698,0.023177485167980193,-0.02054911935701966,0.001721290813293308,0.00029653776437044144,-0.00010892399586737156,219.999,192.499,78.001,"0.02,0.05,-1.06,-1.09,-0.82,-0.10,100628,24.5"
36.82148280006368,0.03900802480056882,-0.01793979723006487,-0.007039220631122589,0.0001664423500187695,-0.0006387623492628336,4.3198541970923546e-05,219.999,192.499,78.001,"0.02,0.06,-1.06,-1.15,-0.82,-0.16,100637,24.5"
36.915539400069974,0.011862458009272814,-0.015394105389714242,-0.06705850437283516,0.00018789932364597916,-6.457397248595952e-05,0.0005664573749527335,219.999,192.499,78.001,"0.02,0.06,-1.06,-1.15,-0.76,-0.16,100619,24.5"
37.010499299969524,0.03992672488093376,0.002549686096608639,-0.011842738091945647,0.0010413450363557786,-0.0005160430329851807,-4.1889469139277934e-05,219.999,192.499,78.001,"0.02,0.05,-1.06,-1.15,-0.82,-0.10,100620,24.5"
37.10650490003172,0.024717576429247858,-0.0063741691410541534,-0.03467530235648155,0.0004596044949721545,-2.357953926548362e-05,0.00016681120032444597,219.999,192.499,78.001,"0.02,0.06,-1.06,-1.15,-0.76,-0.10,100636,24.5"
37.20154410006944,0.009523549862205983,0.007293063774704933,-0.03612647894769907,0.0008478546980768443,0.0005560686229728162,0.000250475766370073,219.999,192.043,78.001,"0.02,0.06,-1.06,-1.21,-0.70,-0.10,100628,24.5"
37.302546499995515,0.035346909798681735,-0.0562117600813508,0.028491332568228243,-0.0014234714733902365,-0.002172374667134136,0.0003369226469658315,219.999,191.999,78.001,"0.02,0.06,-1.06,-1.15,-0.82,-0.10,100621,24.5"
37.398537400062196,0.031156275048851968,0.014433840662240982,0.03235095776617527,0.0011129269609227777,-0.0005360583891160786,-0.00021766917197965085,219.999,191.999,78.001,"0.02,0.06,-1.06,-1.15,-0.76,-0.10,100633,24.5"
37.494551600073464,0.048436197079718114,0.0013213184662163257,0.05589943267405033,0.0006511647836305201,-0.0011238939594477415,-0.0004223034979077056,219.999,191.999,78.001,"0.02,0.06,-1.06,-1.21,-0.82,-0.10,100629,24.5"
37.591535400017165,0.028647758439183234,-0.00947126755490899,0.01557661071419716,4.2969314381480214e-05,-0.0007719248300418257,-4.3858803110197186e-05,219.999,191.999,78.001,"0.02,0.05,-1.06,-1.15,-0.82,-0.16,100618,24.5"
37.686519099981524,-0.00887011419981718,0.015629078820347787,-0.02947413194924593,0.0009521533211227506,0.000652428378816694,0.0003290297812782228,219.999,191.999,78.001,"0.03,0.06,-1.06,-1.15,-0.76,-0.10,100619,24.5"
37.781529500032775,0.013458532840013504,-0.00882775243371725,-0.004139459878206253,4.474865272641182e-06,-0.0004583438392728567,0.0001741877058520913,219.999,191.999,78.001,"0.02,0.06,-1.06,-1.21,-0.76,-0.16,100637,24.5"
37.878519400022924,0.012345267087221145,0.056211837381124494,-0.0015139077790081502,0.0024773805169388654,0.0012119580875150858,-0.00026905130653176457,219.999,191.999,78.001,"0.02,0.05,-1.06,-1.09,-0.76,-0.16,100636,24.5"
37.974531000014395,0.03987543825060129,0.0015508368611335754,0.025585419312119485,0.0005464558722451329,-0.0012181978207081556,-0.00016087052645161748,219.999,191.999,78.001,"0.03,0.06,-1.06,-1.09,-0.82,-0.04,100621,24.5"
38.06957499997225,0.03363811857998371,-0.005753846000880003,0.018733016727492214,0.00031290362821891906,-0.0009181442088447511,-8.544370066374541e-05,219.999,191.999,78.001,"0.02,0.05,-1.06,-1.09,-0.82,-0.16,100621,24.5"
38.1665561000118,0.009237202256917954,0.01175190471112728,-0.006577684730291367,0.0007286400068551302,0.0003539955301675946,3.196942270733416e-05,219.999,191.999,78.001,"0.02,0.06,-1.06,-1.09,-0.82,-0.04,100621,24.5"
38.26257140003145,0.03293630704283714,0.015361808240413666,0.028673522360622882,0.0010836095665581525,-0.0004966535838320851,-0.00026618897099979223,219.999,191.999,78.001,"0.02,0.06,-1.06,-1.15,-0.76,-0.22,100643,24.5"
38.364544600015506,0.0350741270929575,-0.029435602948069572,0.046362008154392245,-0.0005437209503725172,-0.0019271488999947906,-6.880647852085531e-05,219.999,191.513,78.001,"0.03,0.06,-1.06,-1.15,-0.76,-0.04,100633,24.5"
38.462512900005095,0.0184927511960268,0.020073796808719634,0.02251885160803795,0.0009453140897676349,-0.0006410756090190261,-0.0002101688995026052,219.999,191.499,78.001,"0.02,0.06,-1.06,-1.15,-0.76,-0.16,100632,24.5"
38.557550800032914,0.007495354861021042,0.034878522530198096,0.010008554719388486,0.0013112446060404182,0.00021537811262533068,-0.0001662640948779881,219.999,191.499,78.001,"0.02,0.06,-1.06,-1.15,-0.76,-0.10,100628,24.5"
38.653562400024384,0.030195775255560876,-0.023275237157940866,0.04014379195868969,-0.0006333656958304346,-0.0017620846861973404,-7.415171130560338e-05,219.999,191.499,78.001,"0.02,0.06,-1.06,-1.27,-0.76,-0.10,100633,24.5"
38.74956410005689,0.004082860797643662,-0.02960507944226265,0.0017688319087028504,-0.001025495259091258,-0.001350963581353426,0.00039755379548296333,219.999,191.499,78.001,"0.02,0.06,-1.06,-1.21,-0.82,-0.10,100633,24.5"
38.84454379999079,0.04069535247981548,-0.008004605956375598,0.056173406541347504,-5.588728236034512e-05,-0.0019748797407373787,-0.00036217647138983013,219.999,191.499,78.001,"0.02,0.05,-1.06,-1.15,-0.70,-0.16,100621,24.5"
38.93858010007534,0.027290888503193854,0.019810451939702035,0.040799463912844655,0.0009138010907918214,-0.0005598157527856529,-0.0003811695438344032,219.999,191.499,78.001,"0.02,0.05,-1.06,-1.21,-0.76,-0.10,100635,24.5"
39.0325827000197,0.011423914134502411,0.007258104160428047,0.017448634654283524,0.00032414784654974935,-0.00045337649062275885,-5.589459324255586e-05,219.999,191.499,78.001,"0.02,0.06,-1.06,-1.15,-0.76,-0.10,100624,24.5"
39.127516100066714,0.02222968153655529,-0.021005671937018633,0.03131803884170949,-0.0005481470434460789,-0.0015667671337723731,4.4752436224371195e-05,219.999,191.499,78.001,"0.02,0.06,-1.06,-1.09,-0.76,-0.16,100627,24.5"
39.22155650006607,-0.004145256802439689,0.014910752698779107,-0.004957605898380279,0.0006278582732193172,0.00027261661598458885,0.000103044044226408,219.999,191.499,78.001,"0.02,0.06,-1.06,-1.15,-0.76,-0.16,100635,24.5"
39.31556180003099,-0.012217485345900059,0.03455378338694572,-0.013970248401165009,0.0013276654994115234,0.0007867221836932003,0.00013948506093584002,219.999,191.499,78.001,"0.02,0.05,-1.06,-1.21,-0.76,-0.22,100629,24.5"
39.41155550000258,-0.006878790259361267,0.009641442075371742,-0.017152961622923613,0.0004608037415891886,-0.00011658431030809879,0.0003773363889195025,219.999,191.499,78.001,"0.02,0.05,-1.06,-1.21,-0.70,-0.16,100636,24.5"
39.51057420007419,0.019425253570079803,-0.01848112866282463,0.03406234830617905,-0.00039626904181204735,-0.001388026389759034,-3.1138129997998476e-05,219.999,191.009,78.001,"0.02,0.05,-1.06,-1.15,-0.82,-0.10,100627,24.5"
39.60953300003894,0.027969417721033098,-0.007851219922304153,0.043784969672560695,9.019908029586076e-05,-0.001494171586818993,-0.00016993558092508464,219.999,190.999,78.001,"0.02,0.06,-1.06,-1.15,-0.82,-0.10,100636,24.5"
39.704559099976905,0.00626446008682251,0.01662781201303005,0.013836951926350594,0.000805665145162493,-0.0002972490736283362,-3.4625211264938115e-05,219.999,190.999,78.001,"0.02,0.05,-1.06,-1.27,-0.76,-0.16,100632,24.5"
39.79854520002846,-0.005350900441408157,0.0034461092203855515,-0.013073368836194277,0.0001983036519959569,-0.00021244456293061375,0.0002487454563379288,219.999,190.999,78.001,"0.02,0.06,-1.06,-1.21,-0.70,-0.10,100631,24.5"
39.89258189999964,-0.002726302668452263,0.04565530978143215,-0.0030677241273224356,0.0017038898542523385,0.0008761273697018623,-0.0001271844608709216,219.999,190.999,78.001,"0.02,0.06,-1.06,-1.15,-0.82,-0.10,100629,24.5"
39.98656900005881,-0.007720829546451568,0.034819818660616876,-0.006994233466684818,0.0012907064519822598,0.0005789937335066497,2.762384829111397e-05,219.999,190.999,78.001,"0.02,0.06,-1.06,-1.09,-0.82,-0.16,100617,24.5"
40.080543000018224,-0.0008786644786596299,0.0006955508841201663,-0.014239981770515442,0.00015377060626633465,-0.0004916472054901533,0.0002862977620679885,219.999,190.999,78.001,"0.02,0.06,-1.06,-1.15,-0.76,-0.04,100632,24.5"
40.174599200021476,0.014676356688141823,-0.011996619775891304,0.01324629746377468,-0.000347080803476274,-0.00114779956638813,0.00013831914984621107,219.999,190.999,78.001,"0.02,0.06,-1.06,-1.21,-0.76,-0.10,100635,24.5"
40.26955269998871,-0.00959174446761608,-0.00684119388461113,-0.013263021409511567,-9.271502494812012e-05,-0.00033922393340617417,0.0003665542521048337,219.999,190.999,78.001,"0.03,0.06,-1.06,-1.21,-0.76,-0.10,100621,24.5"
40.36359109997284,0.014059506729245186,-0.0016234375536441803,0.019116206653416158,9.030180517584085e-05,-0.001049138349480927,6.271308520808816e-05,219.999,190.999,78.001,"0.02,0.06,-1.06,-1.15,-0.70,-0.16,100625,24.5"
40.45856000005733,-0.030301564373075962,0.03136629313230514,-0.050297985598444936,0.0011388179380446672,0.0010754565475508571,0.0005414225161075592,219.999,190.999,78.001,"0.02,0.06,-1.06,-1.15,-0.76,-0.22,100621,24.5"
40.553582899970934,0.007512801513075829,-0.038730517099611464,0.004319983907043934,-0.0011818985629361122,-0.0017089113825932145,0.00044312987593002616,219.999,190.999,78.001,"0.03,0.05,-1.06,-1.21,-0.70,-0.10,100637,24.5"
40.64854429999832,-0.02519303932785988,0.05847881063818931,-0.0387532714754343,0.0019738256232813,0.001869671023450792,0.00011391118750907481,219.999,190.511,78.001,"0.02,0.05,-1.06,-1.15,-0.76,-0.16,100632,24.5"
40.7465975000523,-0.022481783106923104,0.050274389982223514,-0.03291587121784687,0.001733178412541747,0.00154638274689205,0.00014379103668034078,219.999,190.499,78.001,"0.03,0.05,-1.06,-1.09,-0.76,-0.22,100639,24.5"
40.84259820007719,-0.016179995238780977,0.05855673551559448,-0.028987154364585876,0.001994853583164513,0.0014532267698086799,1.4795124297961592e-05,219.999,190.499,78.001,"0.03,0.05,-1.06,-1.09,-0.76,-0.04,100634,24.5"
40.93855409999378,0.006982728466391563,-0.012081005424261094,0.0032048825174570083,-0.00018023878801614045,-0.001113310013897717,0.0002730101929046214,219.999,190.499,78.001,"0.03,0.06,-1.06,-1.09,-0.76,-0.22,100637,24.5"
41.0345625000773,0.042187193781137465,-0.021301942132413387,0.062403975427150725,-0.0005333897483069449,-0.0021240360976662485,-0.0002986959007102996,219.999,190.499,78.001,"0.02,0.06,-1.06,-1.09,-0.70,-0.16,100625,24.5"
41.13056740001775,-0.0084248349070549,0.05530203059315682,-0.010098257660865783,0.002088497020304203,0.0011375194066204132,-9.896490955725312e-05,219.999,190.499,78.001,"0.02,0.05,-1.06,-1.15,-0.76,-0.10,100641,24.5"
41.225592300063,0.023533886671066283,-0.0021122310310602186,0.035293052345514296,0.00013785857299808413,-0.0010487336956430226,-0.0001981018576771021,219.999,190.499,78.001,"0.02,0.05,-1.06,-1.09,-0.76,-0.16,100636,24.5"
41.320560300024226,-0.001023152843117714,0.00279432088136673,-0.00701715387403965,0.00021031603682786226,-0.000603535317350179,0.0003204692213330418,219.999,190.499,78.001,"0.03,0.05,-1.06,-1.21,-0.76,-0.04,100632,24.5"
41.415587099967524,0.013158567249774933,0.05051277577877045,0.026783080026507377,0.0019366182503290474,0.000482124334666878,-0.0004068566660862416,219.999,190.499,78.001,"0.02,0.05,-1.06,-1.15,-0.76,-0.16,100631,24.5"
41.50956180004869,0.009730963036417961,0.005493625067174435,0.010357347317039967,0.00032279237057082356,-0.0006850382313132286,5.83283428568393e-05,219.999,190.499,78.001,"0.02,0.05,-1.06,-1.15,-0.76,-0.16,100635,24.5"
41.60458739998285,0.0290040273219347,-0.01354604884982109,0.05280839949846268,-0.0002189447171986103,-0.0016028272570110858,-0.0002551708195824176,219.999,190.499,78.001,"0.02,0.06,-1.06,-1.15,-0.76,-0.10,100635,24.5"
41.69956680003088,0.04661467038094998,-0.02949713096022606,0.06015640608966351,-0.00086746362503618,-0.0023414510069414973,-0.00023891788441687822,219.999,190.491,78.001,"0.02,0.06,-1.06,-1.15,-0.76,-0.10,100635,24.5"
41.7985901000211,-0.0030743204057216643,0.008346587046980858,-0.02113258894532919,0.0004642237938242033,-0.00033515461254864933,0.0003314402711112052,219.999,190.005,78.001,"0.02,0.06,-1.06,-1.21,-0.76,-0.10,100629,24.5"
41.896550700068474,-0.002120417729020119,0.014097671955823898,-0.014370108395814896,0.0005577944684773684,-0.00012275693006813526,0.0001870046660769731,219.999,189.999,78.001,"0.02,0.06,-1.06,-1.15,-0.76,-0.10,100620,24.5"
41.99059489998035,0.023947183787822724,-0.012910905573517085,0.033772336319088936,-0.0001875505317002535,-0.0017103093850892037,-2.465278375893831e-05,219.999,189.999,78.001,"0.02,0.05,-1.06,-1.21,-0.76,-0.10,100619,24.5"
42.085558900027536,0.005114324018359184,-0.013518233597278596,0.0038681980222463608,-0.0003948560683056712,-0.0009503170847892761,0.0002586844202596694,219.999,189.999,78.001,"0.02,0.05,-1.06,-1.09,-0.70,-0.04,100636,24.5"
42.18058559997007,0.01869797259569168,-0.006634417921304703,0.019667158275842665,-6.788694299757481e-05,-0.0012868870282545686,2.1685496903955937e-06,219.999,189.999,78.001,"0.02,0.05,-1.06,-1.15,-0.76,-0.10,100631,24.5"
42.27457880007569,-0.00886932760477066,0.024638576805591582,-0.02585807368159294,0.0008378873346373439,0.0003350544720888138,0.00021980633027851582,219.999,189.999,78.001,"0.02,0.06,-1.06,-1.15,-0.64,-0.16,100635,24.5"
42.370576999965124,0.019807678833603858,-0.00508680772036314,0.023257784731686115,6.00056373514235e-05,-0.0012116025667637587,-4.603836569003761e-05,219.999,189.999,78.001,"0.02,0.06,-1.06,-1.15,-0.76,-0.10,100620,24.5"
42.46561519999523,0.008608704060316085,0.014342008996754885,0.005464181303977966,0.0005597610434051603,-0.0004839700413867831,2.704985090531409e-05,219.999,189.999,78.001,"0.03,0.06,-1.06,-1.15,-0.70,-0.16,100637,24.5"
42.559594499995,0.012627736479043961,-0.01346142403781414,0.008509139157831669,-0.0003199067898094654,-0.0012826678808778524,0.00015474064857698978,219.999,189.999,78.001,"0.02,0.06,-1.06,-1.15,-0.82,-0.10,100644,24.5"
42.655593500006944,0.01663370952010155,-0.018775631207972765,0.01551273837685585,-0.0005211246490944177,-0.0014211890404112637,0.00014499429380521178,219.999,189.999,78.001,"0.02,0.06,-1.06,-1.09,-0.70,-0.16,100623,24.5"
42.75062289997004,0.04902596734464169,-0.05161692202091217,0.06763535775244237,-0.0014582952193450184,-0.0032014431431889533,-0.00014494399656541645,219.999,189.999,78.001,"0.02,0.06,-1.06,-1.21,-0.76,-0.16,100636,24.5"
42.845589000033215,-0.020898982882499695,0.05004097893834114,-0.03275893405079842,0.00173368148971349,0.0015034870593808591,9.985099895857275e-05,219.999,189.977,78.001,"0.02,0.05,-1.06,-1.15,-0.70,-0.16,100619,24.5"
42.94258000003174,0.03127678893506527,-0.035393332480452955,0.03637854047119617,-0.0010403789361589587,-0.0023653592725167982,4.243400762788951e-05,219.999,189.505,78.001,"0.02,0.05,-1.06,-1.09,-0.64,-0.10,100635,24.5"
43.03958119999152,0.018708160519599913,-0.013358027022331954,0.014337120205163955,-0.0002205649230745621,-0.0015187295444775372,0.00015346247237175704,219.999,189.499,78.001,"0.02,0.05,-1.06,-1.09,-0.82,-0.16,100627,24.5"
43.13459909998346,0.007782170549035072,-0.0060149582102894785,0.012613206543028355,-7.622742559760809e-05,-0.000813128479057923,9.861027356237174e-05,219.999,189.499,78.001,"0.02,0.06,-1.06,-1.15,-0.70,-0.10,100632,24.5"
43.23061279999092,0.0003021739423274994,0.04810119867324829,-0.0028184885159134865,0.0018563648452982306,0.0005266748834401369,-0.00010242040152661503,219.999,189.499,78.001,"0.02,0.05,-1.06,-1.27,-0.76,-0.16,100635,24.5"
43.32663769996725,0.0031961545348167418,0.024381549656391145,0.006726081483066082,0.000990529137197882,0.00010791055392473936,-4.992811009287834e-05,219.999,189.499,78.001,"0.02,0.06,-1.06,-1.09,-0.76,-0.04,100635,24.5"
43.421582699986175,-0.02416708692908287,0.03125466392375529,-0.044037225842475894,0.001003586435399484,0.0008628528739791363,0.00042521987343207,219.999,189.499,78.001,"0.03,0.06,-1.06,-1.15,-0.70,-0.16,100634,24.5"
43.516613500076346,0.012386483326554298,0.00949423499405384,0.008740747766569256,0.0005954743886832148,-0.00081308827502653,3.250433364883065e-05,219.999,189.499,78.001,"0.02,0.06,-1.06,-1.09,-0.70,-0.10,100635,24.5"
43.61157529999036,0.016721361130476,0.0014736115932464599,0.017251504212617876,6.904477486386895e-05,-0.0008476197253912687,-0.00011341580539010465,219.999,189.499,78.001,"0.02,0.05,-1.06,-1.15,-0.70,-0.04,100640,24.5"
43.70660180004779,0.014946049079298973,-0.016135162487626076,0.015229212166741491,-0.0004701318917796016,-0.001259239373030141,0.00017151975771412253,219.999,189.499,78.001,"0.02,0.06,-1.06,-1.15,-0.76,-0.16,100628,24.5"
43.80264570005238,0.018142525851726533,-0.00134001225233078,0.030319397151470185,0.00020431969314813614,-0.0011407209327444433,-5.364463431760669e-05,219.999,189.499,78.001,"0.02,0.06,-1.06,-1.15,-0.76,-0.16,100637,24.5"
43.897625599987805,0.010107999294996261,-0.009365995787084103,0.008190498501062394,-0.00021194344735704363,-0.0008118222700431943,7.556375931017101e-05,219.999,189.499,78.001,"0.02,0.06,-1.06,-1.15,-0.70,-0.10,100637,24.5"
43.992648800020106,0.05083693563938141,-0.05377297028899193,0.07283637374639511,-0.001567617862019688,-0.0032733422704041004,-0.00014625897747464479,219.999,189.367,78.001,"0.02,0.06,-1.06,-1.15,-0.76,-0.04,100636,24.5"
44.09661180002149,-0.0016853261739015579,-0.0071187160909175875,-0.019654232263565063,-0.00026125165168195964,-0.0006189500214532018,0.000346013467060402,219.999,189.003,78.001,"0.02,0.06,-1.06,-1.15,-0.70,-0.10,100633,24.5"
44.191636600065976,0.010096373409032822,0.02896273210644722,0.01407126635313034,0.0011348749743774534,1.6124453395605087e-05,-0.00021830988698638975,219.999,188.999,78.001,"0.03,0.05,-1.06,-1.15,-0.76,-0.04,100619,24.5"
44.28659679996781,0.032107307389378545,-0.003329142741858959,0.05082545708864927,0.00013404312776401638,-0.0013959367643110454,-0.0002573515346739441,219.999,188.999,78.001,"0.02,0.05,-1.06,-1.15,-0.82,-0.10,100635,24.5"
44.38261720002629,0.006548839434981346,-0.0011876476928591728,-0.004651594161987305,0.00013782232999801636,-0.0009378029819345102,0.00021159269963391125,219.999,188.999,78.001,"0.03,0.06,-1.06,-1.15,-0.76,-0.10,100626,24.5"
44.477641400066204,-0.015151162445545197,0.019261940848082304,-0.03329414315521717,0.0007841585378628224,0.00020641605369746684,0.00037207373534329233,219.999,188.999,78.001,"0.02,0.06,-1.06,-1.15,-0.76,-0.16,100643,24.5"
44.57161680003628,0.001805999130010605,0.01620039250701666,-0.006708287820219994,0.0006864064795081504,-0.0003808079636655748,0.00016418793238699437,219.999,188.999,78.001,"0.02,0.06,-1.06,-1.15,-0.76,-0.16,100631,24.5"
44.66666520002764,0.03241441771388054,-0.03404029365628958,0.0464447982609272,-0.0009224644047208131,-0.0022804136388003826,-2.0397250773385166e-05,219.999,188.999,78.001,"0.03,0.06,-1.06,-1.15,-0.76,-0.10,100619,24.5"
44.7616154999705,-0.012271592020988464,-0.02858161423355341,-0.02529250793159008,-0.0009888723259791731,-0.001056811783928424,0.000742804363835603,219.999,188.999,78.001,"0.03,0.06,-1.06,-1.15,-0.70,-0.04,100629,24.5"
44.856686700019054,-0.0011375192552804947,0.04670051001012325,-0.00355338379740715,0.0017728085978887976,0.0008688205794896931,-0.00015659724012948573,219.999,188.999,78.001,"0.03,0.06,-1.06,-1.09,-0.76,-0.10,100636,24.5"
44.95159389998298,-0.015213364362716674,0.01944048926234245,-0.023771850019693376,0.0007435086416080594,0.00047006316017359493,0.0003262673504650593,219.999,188.999,78.001,"0.03,0.05,-1.06,-1.15,-0.76,-0.10,100635,24.5"
45.04662500007544,0.009536220133304596,-0.0037322044372558594,0.009552881866693497,6.800657138228416e-06,-0.0010023028124123811,0.00014218904543668033,219.999,188.999,78.001,"0.03,0.06,-1.06,-1.09,-0.76,-0.22,100634,24.5"
45.141656000050716,-0.017333741299808025,0.06624656915664673,-0.028360018134117128,0.0023773082299157976,0.0016050239326432347,-3.5322539042681454e-05,219.999,188.999,78.001,"0.03,0.06,-1.06,-1.09,-0.70,-0.10,100637,24.5"
