Time(s),Fx,Fy,Fz,Tx,Ty,Tz,PosX,PosY,PosZ,SerialData
4.00003045797348e-07,-0.014781072363257408,0.02098767776042223,-0.028162589855492116,0.0007795207493472844,0.0005555389216169715,0.0001940935559105128,221.0,188.999,78.002,"0.02,0.05,-1.06,-1.46,-0.70,-0.10,100624,24.8"
0.1697165999794379,0.014146370440721511,-0.025087294168770313,0.017441028356552125,-0.0005663732503307983,-0.0014316438348032535,5.002336110919714e-05,221.0,189.457,78.002,"0.03,0.05,-1.06,-1.52,-0.70,-0.10,100620,24.8"
0.2856956000905484,0.00023245736956596376,-0.029388025030493738,-0.014112433791160584,-0.0007974674561410211,-0.0012171599693829194,0.0003551088157109916,221.0,189.497,78.002,"0.02,0.06,-1.06,-1.52,-0.76,-0.04,100614,24.8"
0.3806570000015199,0.03392237387597561,-0.03736963383853435,0.04687832780182362,-0.0009752127400133759,-0.002129451953805983,-0.00013354165421333163,221.0,189.499,78.002,"0.02,0.05,-1.06,-1.52,-0.70,-0.10,100622,24.8"
0.47666929999832064,0.008940115943551064,-0.00819734502583742,0.015027737244963646,-0.00013436406443361192,-0.0007055648238747381,-1.2218346819281578e-05,221.0,189.499,78.002,"0.02,0.05,-1.06,-1.52,-0.70,-0.10,100626,24.8"
0.5716909000184387,-0.006346821039915085,-0.019339064974337815,-0.018606943916529416,-0.0006014654849423095,-0.0005355606437660754,0.0003147756680846214,221.0,189.499,78.002,"0.03,0.06,-1.06,-1.46,-0.70,-0.04,100628,24.8"
0.6666598999872804,0.0014915969222784042,0.00860428884625435,-0.005898924544453621,0.00044749930966645477,-6.672728341072798e-05,1.1532806092873216e-05,221.0,189.499,78.002,"0.02,0.05,-1.06,-1.52,-0.76,-0.04,100618,24.8"
0.7616787999868393,0.0017398875206708908,-0.028156879544258117,-0.0035571625456213953,-0.0008024968163226731,-0.0011482793430332094,0.00026004889514297247,221.0,189.499,78.002,"0.03,0.06,-1.06,-1.46,-0.70,-0.10,100621,24.8"
0.8566407000180334,0.027849695459008218,-0.009385695680975914,0.043873904086649415,6.982344202697278e-05,-0.0012828094244468958,-0.0003441932029090822,221.0,189.499,78.002,"0.02,0.05,-1.06,-1.52,-0.70,-0.10,100620,24.8"
0.9506908999755979,0.010610202327370644,0.009705256856977939,0.021599336713552474,0.0005944405100308358,-0.0002832254860550165,-0.00021905333269387484,221.0,189.499,78.002,"0.02,0.05,-1.06,-1.52,-0.70,-0.10,100617,24.8"
1.046701000072062,0.026138757914304735,-0.050191613472998144,0.02662997879087925,-0.0015507075237110256,-0.00237127086147666,5.377857014536858e-05,221.0,189.499,78.002,"0.02,0.05,-1.06,-1.52,-0.76,-0.16,100622,24.8"
1.1426766000222415,-0.01551925167441368,0.023888269811868666,-0.01705864742398262,0.00103463166160509,0.0007006891071796417,0.00013547934941016138,221.0,189.499,78.002,"0.03,0.06,-1.06,-1.52,-0.70,-0.16,100620,24.8"
1.2366938000777736,0.001388361304998398,-0.017557021975517274,0.008046231884509324,-0.000437935721129179,-0.0006831722101196646,0.00012819463736377657,221.0,189.499,78.002,"0.02,0.05,-1.06,-1.58,-0.64,-0.10,100630,24.8"
1.3327002000296488,0.006774326786398888,0.00814472148194909,0.006580650620162487,0.0005718444590456784,-0.0003898507566191256,-0.00011388089042156935,221.0,189.499,78.002,"0.03,0.06,-1.06,-1.58,-0.76,-0.16,100616,24.8"
1.5206657000817358,-0.002594866417348385,0.006010711658746004,-0.0012217238545417786,0.000382095156237483,-1.6171846073120833e-05,3.827484324574471e-05,221.0,189.987,78.002,"0.03,0.05,-1.06,-1.58,-0.76,-0.04,100626,24.8"
1.6206842000829056,0.005781884118914604,0.0364111497066915,0.019766505062580108,0.0016105156857520342,0.00020139939151704312,-0.00029617323889397085,221.0,189.999,78.002,"0.02,0.05,-1.06,-1.46,-0.70,-0.10,100627,24.8"
1.7156895999796689,0.02156143672764301,0.0014477632939815521,0.03303601816296577,0.0003682821523398161,-0.000733821903122589,-0.00032956992799881846,221.0,189.999,78.002,"0.02,0.06,-1.06,-1.52,-0.64,-0.10,100626,24.8"
1.8096771000418812,0.0012726482003927232,0.012058194726705551,0.0025418268516659735,0.0008561697090044617,-0.0001677110092714429,-1.0422506602481007e-05,221.0,189.999,78.002,"0.02,0.05,-1.06,-1.52,-0.70,-0.10,100630,24.8"
1.906701200059615,-0.020273500680923463,-0.005498956236988306,-0.03785145268775523,-0.0001280153577681631,0.00014614334795624018,0.00047113025211729107,221.0,189.999,78.002,"0.02,0.05,-1.06,-1.58,-0.76,-0.10,100618,24.8"
2.0026894999900833,0.01716088205575943,0.009007429704070091,0.024495379254221916,0.0006486144498921931,-0.000674260058440268,-0.0002499702968634665,221.0,189.999,78.002,"0.03,0.06,-1.06,-1.46,-0.76,-0.04,100626,24.8"
2.097703800071031,-0.010657979175448418,-0.009766296995803714,-0.016889294050633906,-0.00021386297303251922,-0.000103965331800282,0.00027696959441527726,221.0,189.999,78.002,"0.02,0.05,-1.06,-1.58,-0.70,-0.10,100630,24.8"
2.191691800020635,0.01877259127795696,-0.0022673419676721095,0.028008745796978474,0.0002568326541222632,-0.0009688221151009202,-0.0002241500187665224,221.0,189.999,78.002,"0.02,0.06,-1.06,-1.52,-0.70,-0.04,100627,24.8"
2.2876950000645593,-0.008836166933178902,-0.015610259771347047,-0.027413254231214525,-0.00047021969221532344,-0.0005538019817322492,0.00038425029488280414,221.0,189.999,78.002,"0.02,0.05,-1.06,-1.46,-0.70,-0.04,100622,24.8"
2.383716100011952,0.015015055239200593,0.007450747862458229,0.028456272929906844,0.0005111521342769266,-0.0005532666575163603,-0.00022251748596318065,221.0,189.999,78.002,"0.02,0.05,-1.06,-1.52,-0.70,0.03,100626,24.8"
2.4776817000238225,0.015491750091314316,-0.0314207524061203,0.020072224736213683,-0.000785478507168591,-0.0015813547885045408,5.913171335123479e-05,221.0,189.999,78.002,"0.03,0.05,-1.06,-1.58,-0.70,-0.04,100626,24.8"
2.5737023000838235,0.002032310515642166,0.026991046126931907,0.0075430288445204495,0.0013083423022180797,0.000268759235041216,-0.00019102717633359134,221.0,189.999,78.002,"0.03,0.06,-1.06,-1.52,-0.76,-0.10,100622,24.8"
2.6866837000707164,-0.018812104500830172,0.014799929689615965,-0.02718413472175598,0.0007835481257643551,0.0003864584374241531,0.0002894947305321693,221.0,189.999,78.002,"0.02,0.06,-1.06,-1.52,-0.76,-0.10,100618,24.8"
2.8507234000135213,0.035053101181983945,-0.006838969886302948,0.04806764200329781,0.000129098683828488,-0.001499630673788488,-0.0003745300055015832,221.0,190.481,78.002,"0.02,0.06,-1.06,-1.64,-0.76,-0.04,100620,24.8"
2.946786400047131,0.03924180865287781,-0.020346658676862715,0.05660212486982345,-0.0003630138351581991,-0.0017959675344172866,-0.00040209018043242396,221.0,190.499,78.002,"0.02,0.05,-1.06,-1.52,-0.70,-0.16,100623,24.8"
3.042681400082074,0.00710967592895031,-0.014707811176776886,0.008384730713441969,-0.00032355613075196743,-0.0007814875803887844,6.947987712919712e-05,221.0,190.499,78.002,"0.02,0.05,-1.06,-1.46,-0.70,-0.10,100623,24.8"
3.136748500051908,0.02475995309650898,0.010020041232928633,0.05224899277091026,0.0007401037175441161,-0.0007397969951853156,-0.0004319041909184307,221.0,190.499,78.002,"0.03,0.06,-1.06,-1.52,-0.76,-0.10,100621,24.8"
3.232730400050059,0.015527288243174554,-0.05092420279979706,0.022638486791402103,-0.0015340082813054324,-0.0019447708735242486,0.0002056815370451659,221.0,190.499,78.002,"0.02,0.06,-1.06,-1.52,-0.70,-0.10,100614,24.8"
3.327698400011286,0.0125106330960989,-0.02429611496627331,0.016835453733801842,-0.0005781072715763003,-0.00134867737069726,7.406985387206077e-05,221.0,190.499,78.002,"0.02,0.06,-1.06,-1.52,-0.70,-0.10,100632,24.8"
3.4227128999773413,0.0023961782455444334,0.03969946312718094,0.01817160248756409,0.0017520001565571874,0.0007315849594306201,-0.00037118885666131973,221.0,190.499,78.002,"0.02,0.05,-1.06,-1.46,-0.70,-0.10,100629,24.8"
3.5187327000312507,0.0312540166079998,-0.013428906910121441,0.05352528840303421,-0.00014973088982515038,-0.0014472005539573729,-0.00035470034927129743,221.0,190.499,78.002,"0.03,0.06,-1.06,-1.46,-0.70,-0.10,100624,24.8"
3.614697300014086,-0.009566253423690796,0.011107206158339978,-0.005903867725282908,0.0005960074136964977,0.00020459207007661462,0.00010044558439403772,221.0,190.499,78.002,"0.02,0.05,-1.06,-1.52,-0.76,-0.10,100622,24.8"
3.708726500044577,-0.0025396771728992463,-0.006282669072970748,0.0009415596723556519,-2.3279956076294182e-05,-0.00039487926987931133,0.00014901196118444204,221.0,190.499,78.002,"0.02,0.06,-1.06,-1.58,-0.76,-0.10,100632,24.8"
3.803688200074248,-0.026755283772945403,0.049633550317958,-0.0403080478310585,0.001972174464026466,0.0015880380989983678,7.824418717063963e-05,221.0,190.499,78.002,"0.02,0.05,-1.06,-1.58,-0.70,-0.16,100622,24.8"
3.8977257000515237,0.015529967844486237,-0.03250460093840957,0.018679211055859922,-0.0008870980178471655,-0.0017789208082831464,7.46089848689735e-05,221.0,190.499,78.002,"0.02,0.05,-1.06,-1.52,-0.76,-0.16,100622,24.8"
3.9927029000828043,0.0042566385120153425,-0.012390434741973877,-0.0006540872156620026,-0.0002231928752735257,-0.0007740259636193514,0.00014777464093640447,221.0,190.499,78.002,"0.02,0.06,-1.06,-1.46,-0.70,-0.04,100622,24.8"
4.179740100051276,-0.015707790106534957,0.022814239002764226,-0.02378580644726753,0.0010156932868994773,0.0007147373165935278,0.00015591150731779634,221.0,190.987,78.002,"0.02,0.06,-1.06,-1.58,-0.70,-0.10,100623,24.8"
4.2797428000485525,-0.007364222779870033,0.027623267099261283,-0.0022230074275285004,0.0013382267206907272,0.0005118466244312004,-6.783833377994597e-05,221.0,190.999,78.002,"0.02,0.06,-1.06,-1.46,-0.70,-0.10,100616,24.8"
4.373711400083266,0.03798059597611427,-0.035829872637987134,0.05453126803040505,-0.0008276784792542458,-0.002282947488129139,-0.00025631863973103465,221.0,190.999,78.002,"0.02,0.05,-1.06,-1.46,-0.70,-0.04,100618,24.8"
4.468761000083759,0.015174919366836548,-0.018494030088186265,0.023597577959299086,-0.0004061143146827817,-0.0011288786074146629,-6.331590702757239e-06,221.0,190.999,78.002,"0.02,0.05,-1.06,-1.52,-0.70,-0.10,100631,24.8"
4.562721600057557,-0.025785493850708007,0.05383195653557778,-0.028304414078593253,0.0020074951462447643,0.0019351079128682614,-7.522142259404063e-05,221.0,190.999,78.002,"0.02,0.06,-1.06,-1.46,-0.76,-0.04,100623,24.8"
4.657767900032923,0.020774804055690765,0.0014709974639117718,0.032807580195367336,0.0005503591266460717,-0.0009776470251381397,-0.0002927556459326297,221.0,190.999,78.002,"0.02,0.05,-1.06,-1.52,-0.76,-0.04,100616,24.8"
4.751730200019665,-0.015025050193071366,0.03053857572376728,-0.014794918242841959,0.0012808173487428576,0.0008666267851367593,6.261661183089018e-05,221.0,190.999,78.002,"0.02,0.06,-1.06,-1.52,-0.76,-0.10,100627,24.8"
4.846705900039524,-0.0014614954590797425,0.0341468770056963,-0.0051853455603122715,0.001373582729138434,0.000463141268119216,-0.00012588733225129544,221.0,190.999,78.002,"0.02,0.06,-1.06,-1.39,-0.76,-0.10,100628,24.8"
4.941723100026138,0.040243138745427134,0.0074827374890446665,0.05563142746686935,0.0006904918234795332,-0.00134224952198565,-0.0005956209148280323,221.0,190.999,78.002,"0.02,0.05,-1.06,-1.52,-0.76,-0.10,100627,24.8"
5.036742800031789,0.0398547250777483,-0.020867922529578208,0.06621338240802288,-0.00038435969036072494,-0.00200722964364104,-0.0003864906437229365,221.0,190.999,78.002,"0.02,0.05,-1.06,-1.52,-0.70,-0.04,100626,24.8"
5.1317093999823555,-0.009978494420647622,0.010018931329250335,-0.01715063638985157,0.0004269120050594211,0.00019016331061720847,0.00012853085645474492,221.0,190.999,78.002,"0.02,0.05,-1.06,-1.46,-0.70,-0.04,100638,24.8"
5.225755000021309,-0.00714973509311676,0.04775967076420784,-0.010773866251111031,0.0019588448805734513,0.0009354120818898081,-0.00015569690731354058,221.0,190.999,78.002,"0.02,0.05,-1.06,-1.52,-0.76,-0.10,100632,24.8"
5.339726299978793,-0.005265022069215775,0.030051035434007646,-0.008408858254551888,0.0013936793839093298,0.0004634629120118916,-4.373911651782692e-05,221.0,191.253,78.002,"0.02,0.06,-1.06,-1.46,-0.70,-0.10,100622,24.8"
5.513723400072195,-0.011450126022100448,0.014937014877796173,-0.0032846689224243163,0.0006667057052254677,0.0005245331441983581,7.951527950353921e-05,221.0,191.497,78.002,"0.02,0.05,-1.06,-1.52,-0.76,-0.04,100625,24.8"
5.608748500002548,0.030500494316220282,-0.02290433123707771,0.05575368106365204,-0.00026887296698987486,-0.001800609822385013,-0.00022538869525305926,221.0,191.499,78.002,"0.02,0.05,-1.06,-1.58,-0.76,-0.10,100627,24.8"
5.703719199984334,-0.003925759717822075,-0.011292648315429688,-0.011329628247767686,-0.00028816452249884604,-0.000550368707627058,0.0002358818775974214,221.0,191.499,78.002,"0.02,0.06,-1.06,-1.46,-0.70,-0.04,100641,24.8"
5.798757300013676,0.009617815539240838,-0.026565040089190008,0.01847966080531478,-0.0005711266014259309,-0.001188901455316227,9.523865883238613e-05,221.0,191.499,78.002,"0.03,0.06,-1.06,-1.46,-0.64,-0.04,100620,24.8"
5.893775400007144,0.03488643653690815,-0.03833120223134756,0.05100457295775414,-0.0009031525813043117,-0.0022496077697724106,-0.00014121176209300757,221.0,191.499,78.002,"0.02,0.05,-1.06,-1.52,-0.76,-0.04,100624,24.8"
5.9887386000482365,0.011569485068321228,-0.012620805948972701,0.01732373461127281,-0.00011006527347490191,-0.0009364751866087317,2.759229391813278e-06,221.0,191.499,78.002,"0.02,0.05,-1.06,-1.46,-0.70,-0.10,100631,24.8"
6.0847404000815,0.01431647278368473,-0.008818251825869084,0.022981256432831287,-7.991190068423748e-06,-0.0009536812780424952,-8.470772299915553e-05,221.0,191.499,78.002,"0.02,0.06,-1.06,-1.46,-0.70,-0.10,100628,24.8"
6.179766100016423,0.0011669129133224487,0.0010538622736930847,0.0020811092108488083,0.00041778306476771834,-0.0004863835114520043,6.43086212221533e-05,221.0,191.499,78.002,"0.02,0.06,-1.06,-1.52,-0.76,-0.04,100631,24.8"
6.27472820004914,-0.0010021384805440903,-0.009299668949097395,-0.005686635756865144,-8.18034284748137e-05,-0.0006981086684390902,0.00020339114125818015,221.0,191.499,78.002,"0.02,0.05,-1.06,-1.46,-0.76,-0.16,100634,24.8"
6.370763899991289,-0.011226722598075866,0.03010886418633163,-0.012269910052418708,0.0013120956427883357,0.0008008742501260713,1.502141822129488e-06,221.0,191.499,78.002,"0.02,0.06,-1.06,-1.39,-0.70,-0.10,100637,24.8"
6.465770100010559,-0.01321742832660675,0.03852599086239934,-0.017504250351339578,0.0016544950427487492,0.0009698615642264486,-3.958082525059581e-05,221.0,191.499,78.002,"0.02,0.05,-1.06,-1.52,-0.70,-0.10,100627,24.8"
6.560738999978639,-0.0010518692433834076,-0.040139846689999106,0.002546162297949195,-0.001151741057401523,-0.0011849984526634215,0.0002961758291348815,221.0,191.499,78.002,"0.03,0.06,-1.06,-1.46,-0.70,-0.04,100628,24.8"
6.71174040006008,-0.028128897398710252,0.006841703783720732,-0.05306105804629624,0.0005707250646082684,0.0006689463974907994,0.0004142020014114678,221.0,191.959,78.002,"0.03,0.05,-1.06,-1.46,-0.70,-0.04,100628,24.8"
6.8487706000451,0.03451709486544132,-0.06506361737847328,0.013103516073897481,-0.0018501525046303868,-0.0024475920479744675,1.582939294166863e-05,221.0,191.997,78.002,"0.02,0.05,-1.06,-1.58,-0.70,-0.10,100632,24.8"
6.94477010006085,0.05107161179184914,-0.019517493061721326,0.037318316847085954,-0.00017756461747922003,-0.0020513075171038507,-0.0004983488528523594,221.0,191.999,78.002,"0.03,0.06,-1.06,-1.39,-0.76,-0.10,100625,24.8"
7.039749599993229,0.0007007569074630737,0.006967687606811523,-0.034848050028085706,0.0006338669481920078,-3.962678601965308e-05,2.9927329160273074e-05,221.0,191.999,78.002,"0.02,0.05,-1.06,-1.46,-0.76,-0.10,100628,24.8"
7.135753400041722,0.016658960655331612,0.01900784969329834,-0.000576804205775261,0.0012170081259682774,-0.0001780892489477992,-0.00031480767065659163,221.0,191.999,78.002,"0.02,0.06,-1.06,-1.52,-0.76,-0.04,100627,24.8"
7.230799000011757,-0.005270393937826157,0.016186854615807534,-0.03550464622676373,0.0007976865395903588,0.0006015334045514464,-1.3534212484955787e-06,221.0,191.999,78.002,"0.02,0.06,-1.06,-1.46,-0.70,-0.04,100623,24.8"
7.324771300074644,0.0080759696662426,-0.01951981522142887,-0.021789198368787767,-0.0004375295073259622,-0.0006443220889195799,9.671884472481907e-05,221.0,191.999,78.002,"0.02,0.05,-1.06,-1.39,-0.76,-0.04,100639,24.8"
7.419786300044507,0.0032660555094480514,-0.004387627821415663,-0.01875628810375929,0.0001100130146369338,-0.0001393546466715634,1.3184704585000873e-05,221.0,191.999,78.002,"0.03,0.06,-1.06,-1.46,-0.70,-0.16,100624,24.8"
7.513757499982603,-0.024684331938624383,0.046756502240896225,-0.06760416252072901,0.0017926407745108008,0.0018239211291074752,7.379089947789907e-05,221.0,191.999,78.002,"0.03,0.06,-1.06,-1.39,-0.64,-0.10,100630,24.8"
7.608794800005853,-0.003908985480666161,0.007749786227941513,-0.04267238341271877,0.0005199265666306019,0.00012920869048684835,0.00013900169869884849,221.0,191.999,78.002,"0.03,0.05,-1.06,-1.46,-0.76,-0.10,100628,24.8"
7.704729999997653,-0.012719418108463287,-0.009527994925156236,-0.05451137870550156,2.945840824395418e-05,-5.332808941602707e-05,0.0003717973071616143,221.0,191.999,78.002,"0.02,0.05,-1.06,-1.39,-0.76,-0.10,100632,24.8"
7.799765400006436,-0.016566483676433562,0.021477989060804246,-0.053503795992583036,0.0010999826190527529,0.0010210419888608158,0.00013888946268707513,221.0,191.999,78.002,"0.02,0.06,-1.06,-1.39,-0.76,-0.10,100631,24.8"
7.895776399993338,-0.02143925093114376,0.01832357281818986,-0.06869604140520096,0.0009609222281142138,0.001005817047553137,0.0002670464804396033,221.0,191.999,78.002,"0.03,0.05,-1.06,-1.46,-0.76,-0.10,100637,24.8"
8.08478290005587,0.029619061574339866,-0.007213246775791049,-0.027752861834596843,0.00029135039076209066,-0.0007725869305431843,-0.00035807788372039796,221.0,192.489,78.002,"0.03,0.06,-1.06,-1.52,-0.70,-0.10,100637,24.8"
8.18675480003003,0.016911158338189125,-0.04251027554273605,-0.07918222397565841,-0.001073884521611035,-0.0013058353215456009,0.00024089557118713855,221.0,192.499,78.002,"0.02,0.06,-1.06,-1.52,-0.76,-0.04,100631,24.8"
8.282776599982753,0.03075202666223049,-0.03108698781579733,-0.04900558774825185,-0.0005229402799159288,-0.0015645429957658052,-8.23388050775975e-05,221.0,192.499,78.002,"0.02,0.05,-1.06,-1.58,-0.76,-0.10,100631,24.8"
8.377826199983247,0.012088750302791596,0.019746292382478714,-0.06630374155938626,0.0012009817641228438,0.0005164640402654186,-0.00031320786802098156,221.0,192.499,78.002,"0.03,0.06,-1.06,-1.52,-0.76,-0.10,100631,24.8"
8.472750600078143,0.020091305300593377,-0.023924181796610357,-0.063278204575181,-0.0004191603686194867,-0.0009440199704840779,6.500775343738496e-05,221.0,192.499,78.002,"0.02,0.06,-1.06,-1.52,-0.70,-0.10,100623,24.8"
8.567781800054945,0.030853138491511344,-0.0044097423553466795,-0.04748430361505598,0.000454058829927817,-0.0007532374758739025,-0.0003009288338944316,221.0,192.499,78.002,"0.03,0.06,-1.06,-1.58,-0.70,-0.10,100623,24.8"
8.662742800079286,0.03522168658673763,-0.012787273526191712,-0.04088246412575245,2.3412250448018314e-05,-0.0011386505386326462,-0.0003103201685007662,221.0,192.499,78.002,"0.03,0.05,-1.06,-1.46,-0.70,-0.04,100628,24.8"
8.75777340005152,0.020080439001321792,-0.0013182517141103745,-0.05270480737090111,0.0004290080745704472,-0.0003933229949325323,-0.00013415098655968904,221.0,192.499,78.002,"0.02,0.05,-1.06,-1.52,-0.76,-0.16,100631,24.8"
8.851760199991986,0.011539074033498764,-0.008087142556905746,-0.07572526645381003,0.00015007537440396844,-0.00044752229005098345,7.21332267858088e-05,221.0,192.499,78.002,"0.02,0.05,-1.06,-1.58,-0.76,-0.10,100631,24.8"
8.946776200085878,0.023773140087723733,-0.011257341876626015,-0.054924251511693,5.301086348481476e-05,-0.000697736139409244,-7.334059046115726e-05,221.0,192.499,78.002,"0.02,0.05,-1.06,-1.52,-0.76,-0.10,100623,24.8"
9.040765100042336,0.015980024263262747,0.002413545548915863,-0.06279837321490049,0.0005900451797060668,-0.00016487937537021936,-0.00014887150609865785,221.0,192.499,78.002,"0.03,0.06,-1.06,-1.52,-0.76,-0.16,100624,24.8"
9.136764700058848,0.0025528548285365105,0.026960673555731774,-0.08360456498339772,0.0014331843587569893,0.0006992262904532253,-0.00011736282322090119,221.0,192.499,78.002,"0.02,0.06,-1.06,-1.52,-0.76,-0.10,100627,24.8"
9.231793300015852,-0.004125529155135155,0.005446219816803932,-0.08324006274342537,0.0006570596480742097,0.0004932128009386361,0.0001295092748478055,221.0,192.511,78.002,"0.02,0.05,-1.06,-1.52,-0.70,0.03,100634,24.8"
9.415755700087175,0.035659635439515114,-0.027370332926511764,-0.10567407533526421,-0.00037844738690182564,-0.001251052599400282,-9.167056996375322e-05,221.0,192.993,78.002,"0.02,0.06,-1.06,-1.70,-0.76,-0.16,100635,24.8"
9.513808300020173,0.013244666531682015,-0.031562057742848995,-0.15141222402453422,-0.0005832633934915066,-0.0005721962079405785,0.00031415302073583006,221.0,192.999,78.002,"0.02,0.05,-1.06,-1.64,-0.76,0.03,100620,24.8"
9.608780700014904,0.050330919399857524,-0.021137616783380508,-0.07173340618610383,0.00011642459430731833,-0.001364175253547728,-0.0004181005526334047,221.0,192.999,78.002,"0.02,0.06,-1.06,-1.64,-0.76,-0.16,100635,24.8"
9.702817099983804,-0.0008287813514471054,0.008749391697347165,-0.15520535707473754,0.0009675670473370702,0.0007408853038214147,0.00014716776204295456,221.0,192.999,78.002,"0.03,0.06,-1.06,-1.58,-0.70,-0.10,100624,24.8"
9.797771500074305,0.014179965108633041,0.00398453688248992,-0.13528688848018647,0.0009381912765093148,0.00010763363970909268,-3.2334867864847186e-05,221.0,192.999,78.002,"0.02,0.06,-1.06,-1.58,-0.76,-0.04,100634,24.8"
9.892788500059396,0.0408471904695034,-0.06267974227666855,-0.10148100182414055,-0.0014852498075924813,-0.0022866768995299935,0.00017150045605376362,221.0,192.999,78.002,"0.03,0.05,-1.06,-1.58,-0.82,-0.04,100627,24.8"
9.986770100076683,0.03991671688854694,-0.04520502220839262,-0.09929213970899582,-0.0010739425430074333,-0.0017685318307485431,7.328810170292854e-06,221.0,192.999,78.002,"0.02,0.05,-1.06,-1.64,-0.82,-0.10,100621,24.8"
10.080829599988647,-0.01617865264415741,0.029986384976655244,-0.17202648669481277,0.001600299635902047,0.0017245790106244386,0.00019722129218280315,221.0,192.999,78.002,"0.02,0.05,-1.06,-1.58,-0.76,-0.10,100628,24.8"
10.175788099993952,-0.009338739141821862,-0.00435456819832325,-0.16656677722930907,0.00025340195279568436,0.0006624491885304451,0.00039486980822402986,221.0,192.999,78.002,"0.02,0.05,-1.06,-1.46,-0.70,-0.10,100623,24.8"
10.270806199987419,0.042606981843709944,-0.04600467076525092,-0.09500180631875992,-0.0009423942188732326,-0.0019308693939819933,3.249866422265768e-05,221.0,192.999,78.002,"0.02,0.06,-1.06,-1.52,-0.82,-0.10,100629,24.8"
10.366823600023054,0.005561213754117489,0.010086152795702219,-0.13752778843045235,0.0010685892251785845,0.0004517644178122282,4.9079765449278054e-05,221.0,192.999,78.002,"0.02,0.06,-1.06,-1.52,-0.76,-0.04,100624,24.8"
10.460797699983232,0.02484413720667362,-0.02042887732386589,-0.11018367260694503,-2.4699978530406953e-05,-0.0007799357641488314,-1.230990164913237e-06,221.0,192.999,78.002,"0.02,0.05,-1.06,-1.58,-0.76,-0.04,100624,24.8"
10.574768800055608,0.020663036778569222,-0.010557540133595467,-0.1172247774899006,0.0002567306743003428,-0.000411277124658227,-5.4899975657463075e-05,221.0,193.017,78.002,"0.03,0.06,-1.06,-1.52,-0.76,-0.10,100628,24.8"
10.741830000071786,0.03341152295470238,-0.027941821794956922,-0.1700082913041115,-0.00017320839688181878,-0.0004198629583697766,-0.00014660676242783666,221.0,193.493,78.002,"0.03,0.06,-1.06,-1.58,-0.76,-0.16,100625,24.8"
10.836794200004078,0.007588325440883637,0.004954569041728973,-0.22781794667243957,0.00107908466598019,0.000643643969669938,0.00013332414091564714,221.0,193.499,78.002,"0.02,0.05,-1.06,-1.58,-0.88,-0.10,100620,24.8"
10.931802700040862,0.03854750245809555,-0.024707614071667196,-0.17483581602573395,4.013150464743376e-05,-0.0007649183855392039,-0.00010694524389691651,221.0,193.499,78.002,"0.02,0.05,-1.06,-1.52,-0.82,-0.10,100626,24.8"
11.02579230000265,0.008541516773402692,0.03756132759153843,-0.20761307179927826,0.0021653658244758845,0.0014829387713689358,-7.820933824405074e-05,221.0,193.499,78.002,"0.02,0.05,-1.06,-1.52,-0.76,-0.04,100632,24.8"
11.11985120002646,0.057558121904730794,-0.021286169067025185,-0.13806532621383666,0.00022720000706613063,-0.0014074300532229244,-0.0003690472221933305,221.0,193.499,78.002,"0.02,0.06,-1.06,-1.52,-0.88,-0.16,100623,24.8"
11.214793400024064,0.023963168635964392,0.008075740188360214,-0.18248381912708284,0.0011767490534111858,0.00036643771454691887,-8.713838178664446e-05,221.0,193.499,78.002,"0.03,0.06,-1.06,-1.52,-0.76,-0.10,100632,24.8"
11.308832600014284,0.019611205253750087,-0.019395344704389573,-0.189738729596138,-4.3996842578053474e-06,-1.5974394045770168e-05,0.0001296974893193692,221.0,193.499,78.002,"0.03,0.06,-1.06,-1.52,-0.82,-0.10,100620,24.8"
11.403798000072129,0.040162182226777074,-0.03299932964146137,-0.15314635783433914,-0.00020929109887219967,-0.0010713007708545775,-0.00014356537722051143,221.0,193.499,78.002,"0.02,0.06,-1.06,-1.52,-0.82,-0.10,100634,24.8"
11.497785700019449,0.014625187404453755,-0.02195186298340559,-0.19678175896406175,-3.16255958750844e-05,-8.313602302223444e-05,0.0002375807787757367,221.0,193.499,78.002,"0.02,0.05,-1.06,-1.52,-0.82,-0.10,100628,24.8"
11.593789200065657,0.01854638773947954,-0.009848497435450554,-0.1941177800297737,0.00045131784863770006,0.0001641665818169713,0.00012459104764275252,221.0,193.499,78.002,"0.02,0.06,-1.06,-1.52,-0.88,-0.16,100623,24.8"
11.688833600026555,0.007542900927364826,0.015039897337555886,-0.2015809863805771,0.0014907530625350774,0.001004377834033221,4.5907209278084336e-05,221.0,193.499,78.002,"0.02,0.06,-1.06,-1.46,-0.82,-0.04,100634,24.8"
11.783848399994895,0.03682154342532158,-0.02101687714457512,-0.15463091284036637,-2.7454891824163497e-05,-0.0005207599722780287,-0.00017086388543248178,221.0,193.499,78.002,"0.02,0.05,-1.06,-1.46,-0.82,-0.16,100618,24.8"
11.877823100076057,0.023478147201240064,0.004127592081204057,-0.17164493650197982,0.0010042544919997454,0.00047325632185675205,-0.00016394644044339656,221.0,193.499,78.002,"0.02,0.06,-1.06,-1.46,-0.76,-0.04,100624,24.8"
12.04383300000336,0.041670729778707026,-0.04785242024809122,-0.19404905438423156,-0.0007033941627014428,-0.0013783382484689355,6.30323775112629e-05,221.0,193.963,78.002,"0.02,0.05,-1.06,-1.64,-0.82,-0.10,100629,24.8"
12.163822400034405,0.049383356049656865,-0.03852634429931641,-0.24358707070350646,-0.00012106377398595214,-0.0011349349981173873,-9.560962207615376e-05,221.0,193.999,78.002,"0.02,0.05,-1.06,-1.46,-0.82,-0.10,100625,24.8"
12.258852700004354,0.03417968768626452,-0.037053444981575014,-0.2554492771625519,-7.94849533122033e-05,-0.0006905719637870789,0.00017507350712548942,221.0,193.999,78.002,"0.02,0.06,-1.06,-1.52,-0.88,-0.10,100624,24.8"
12.35381270002108,0.0070602897554636005,-0.030751917324960232,-0.2848728448152542,-0.00014169292990118265,0.00038601348642259837,0.0004672947048675269,221.0,193.999,78.002,"0.02,0.05,-1.06,-1.52,-0.82,-0.10,100630,24.8"
12.448838800075464,0.01341944932937622,-0.021071278676390647,-0.2831475555896759,0.0003110132180154324,0.00022301959106698632,0.00038861316861584785,221.0,193.999,78.002,"0.02,0.05,-1.06,-1.52,-0.82,-0.10,100622,24.8"
12.544860600028187,0.06028498858213425,-0.04911627843976021,-0.2092811495065689,-0.0005046743201091886,-0.0018838770221918822,-6.567028467543423e-05,221.0,193.999,78.002,"0.02,0.05,-1.06,-1.46,-0.82,-0.04,100632,24.8"
12.638831800082698,0.022636303678154945,-0.013121532276272774,-0.25985472500324247,0.0007202505134046078,0.0002302485634572804,0.0001708607072941959,221.0,193.999,78.002,"0.02,0.05,-1.06,-1.33,-0.82,-0.10,100620,24.8"
12.733792299986817,0.02774285785853863,0.005889592319726944,-0.24729037880897523,0.0014363121532369404,0.0006546869757585227,-7.34662899048999e-05,221.0,193.999,78.002,"0.03,0.06,-1.06,-1.58,-0.88,-0.10,100622,24.8"
12.827838800032623,0.019576301984488963,-0.007358851283788681,-0.25909792482852934,0.000883834483101964,0.0004423690144903958,0.0001470008777687326,221.0,193.999,78.002,"0.03,0.06,-1.06,-1.52,-0.88,-0.10,100632,24.8"
12.921833500033244,0.028696643188595772,-0.0041061719879508015,-0.2420305073261261,0.0009643217548727989,0.0002945549786090851,-8.185446495190262e-06,221.0,193.999,78.002,"0.03,0.06,-1.06,-1.52,-0.82,-0.10,100624,24.8"
13.016848500003107,0.0137027433142066,-0.017962768906727433,-0.26908803582191465,0.0002700642799027264,0.00045258349273353816,0.00032036092597991227,221.0,193.999,78.002,"0.02,0.05,-1.06,-1.39,-0.82,-0.10,100637,24.8"
13.111806500004604,0.03376184981316328,-0.021871509798802435,-0.23421393036842347,0.0004167261649854481,-0.00034905190113931894,0.00010190641041845084,221.0,193.999,78.002,"0.02,0.06,-1.06,-1.39,-0.88,-0.10,100632,24.8"
13.223833300056867,0.04100375939160585,-0.007600762136280537,-0.278539115190506,0.0010917932260781527,0.00035074615152552724,-0.00027409862959757445,221.0,194.483,78.002,"0.02,0.05,-1.06,-1.46,-0.88,-0.04,100622,24.8"
13.326834500068799,0.04338187668472528,-0.03427112996578217,-0.3206967175006866,8.368315175175667e-05,-0.000321439141407609,-1.6035458247642965e-05,221.0,194.499,78.002,"0.02,0.06,-1.06,-1.46,-0.82,-0.16,100631,24.8"
13.42185879999306,0.05194121170789003,-0.027126969397068025,-0.29319866597652433,0.0005263473722152412,-0.00032101753167808057,-0.00022649364545941354,221.0,194.499,78.002,"0.02,0.06,-1.06,-1.52,-0.82,-0.04,100630,24.8"
13.515833800076507,0.0322087749838829,-0.04517948105931282,-0.32332883477211,-0.00016091130673885347,-0.00014907573349773884,0.00021897997939959168,221.0,194.499,78.002,"0.03,0.06,-1.06,-1.46,-0.88,-0.22,100631,24.8"
13.610900200088508,0.07381656095385551,-0.05855692476034165,-0.2651191085577011,-0.0006227221456356347,-0.0020864025922492147,-0.0001407651696354151,221.0,194.499,78.002,"0.02,0.06,-1.06,-1.39,-0.82,-0.04,100620,24.8"
13.705829699989408,0.02851044535636902,0.02035134956240654,-0.3178888589143753,0.002055936143733561,0.0012062672059983015,-0.000134662669734098,221.0,194.499,78.002,"0.02,0.06,-1.06,-1.46,-0.82,-0.10,100622,24.8"
13.799808599986136,0.04743982069194317,-0.017940396815538405,-0.29555611610412597,0.0006995787844061852,-0.00012845550663769244,-5.4368301061913374e-05,221.0,194.499,78.002,"0.03,0.06,-1.06,-1.33,-0.94,-0.10,100623,24.8"
13.894844299997203,0.023103746026754378,-0.00045204050838947295,-0.3315779954195023,0.0012607102748006583,0.0009886137442663312,0.00012919269211124628,221.0,194.499,78.002,"0.02,0.06,-1.06,-1.46,-0.88,-0.10,100626,24.8"
13.989870300050825,0.040571622364223,-0.0044648399576544765,-0.30538882613182067,0.0010712967603467404,0.0004227406345307827,-9.6419141482329e-05,221.0,194.499,78.002,"0.02,0.05,-1.06,-1.46,-0.94,-0.10,100630,24.8"
14.0848268000409,0.05215320624411106,-0.038164547830820086,-0.28326607346534727,-0.00013636507792398335,-0.0006260902271606028,-0.00011259903549216687,221.0,194.499,78.002,"0.03,0.06,-1.06,-1.39,-0.94,-0.04,100630,24.8"
14.180830600089394,0.05142684951424599,-0.021857470273971558,-0.272589248418808,0.0007458656327798963,-0.0004912936128675938,-0.00016654377104714514,221.0,194.499,78.002,"0.02,0.06,-1.06,-1.46,-0.88,-0.10,100638,24.8"
14.276848100009374,0.06413686983287334,-0.05235113427042961,-0.26870461702346804,-0.0003553875256329775,-0.0016895745415240527,-6.880740402266383e-05,221.0,194.499,78.002,"0.03,0.06,-1.06,-1.39,-0.88,-0.10,100622,24.8"
14.374834000016563,0.049166520871222016,-0.02663091951981187,-0.36024460196495056,0.00069626365439035,8.837715722620487e-06,-0.00012113399570807814,221.0,194.985,78.002,"0.02,0.06,-1.06,-1.39,-0.94,-0.10,100630,24.8"
14.47084020008333,0.06852816417813301,-0.039587720111012456,-0.3653315544128418,0.000434938189573586,-0.0009118634043261409,-0.00026020703080575913,221.0,194.999,78.002,"0.02,0.06,-1.06,-1.27,-0.88,-0.04,100623,24.8"
14.565856300061569,0.04870119076222181,-0.04486824236810207,-0.3788382411003113,8.024852722883224e-05,-0.0005179864354431629,8.004791452549398e-05,221.0,194.999,78.002,"0.02,0.05,-1.06,-1.27,-0.82,-0.10,100624,24.8"
14.660830300068483,0.08021572232246399,-0.040217621624469756,-0.32278252840042115,0.0005075571592897177,-0.0011837191064842044,-0.0004435999726410955,221.0,194.999,78.002,"0.03,0.06,-1.06,-1.27,-0.94,-0.16,100622,24.8"
14.755853799986653,0.06519842036068439,-0.03526044012978673,-0.34364630579948424,0.0004886411363258958,-0.0005174792138859629,-0.0002412539834040217,221.0,194.999,78.002,"0.02,0.06,-1.06,-1.27,-0.94,-0.16,100634,24.8"
14.850888699991629,0.08203179910778999,-0.040684033930301663,-0.31516292691230774,0.0002742780139669776,-0.0011912379646673798,-0.0004157419316470623,221.0,194.999,78.002,"0.02,0.06,-1.06,-1.33,-0.88,-0.16,100629,24.8"
14.945844299974851,0.03825383130460978,-0.025574872456490993,-0.36892111897468566,0.0006566234049387276,0.0005178076680749655,1.3520140782929956e-06,221.0,194.999,78.002,"0.03,0.06,-1.06,-1.21,-0.94,-0.10,100626,24.8"
15.040882700006478,0.04690349437296391,-0.021343618631362915,-0.3629214107990265,0.0008893851423636079,0.00017037487123161554,-7.263201623572968e-05,221.0,194.999,78.002,"0.02,0.06,-1.06,-1.33,-0.88,-0.10,100620,24.8"
15.13688300002832,0.07008205726742744,-0.0725991390645504,-0.3270438611507416,-0.0007914750836789608,-0.0017377184936776756,-3.181598731316626e-05,221.0,194.999,78.002,"0.02,0.06,-1.06,-1.33,-0.88,-0.16,100629,24.8"
15.231841600034386,0.04819401130080223,-0.06869036871939897,-0.3597132503986359,-0.0007754629710689187,-0.0008423584280535579,0.00027267702971585096,221.0,194.999,78.002,"0.02,0.06,-1.06,-1.27,-0.94,-0.16,100630,24.8"
15.326875500031747,0.03381868749856949,-0.05257320627570152,-0.3781211495399475,-0.00022415684070438148,-0.00016394541598856448,0.00025304484879598024,221.0,194.999,78.002,"0.03,0.06,-1.06,-1.27,-0.88,-0.04,100628,24.8"
15.422880799975246,0.006633803294971585,-0.003175630420446396,-0.42093694806098936,0.0013176208885852247,0.001859621424227953,0.0003405274066608399,221.0,194.999,78.002,"0.03,0.06,-1.06,-1.27,-0.94,-0.10,100614,24.8"
15.521852300036699,0.060754593834280966,-0.04717309246771038,-0.42429391741752626,0.0003744170069694519,-0.0004461095435544848,-0.00011541765416041016,221.0,195.489,78.002,"0.03,0.06,-1.06,-1.27,-0.88,-0.10,100628,24.8"
15.62086560006719,0.03616550946608186,-0.044724905584007504,-0.48478356599807737,0.0004583303933031857,0.0003264670493081212,0.00026576781820040194,221.0,195.499,78.002,"0.02,0.05,-1.06,-1.09,-0.94,-0.16,100624,24.8"
15.716880000079982,0.07058266773819924,-0.018920707702636718,-0.41530164480209353,0.0016976132988929748,-7.625975413247943e-05,-0.0004228551362757571,221.0,195.499,78.002,"0.03,0.06,-1.06,-1.21,-0.82,-0.16,100630,24.8"
15.812895099981688,0.043833722919225694,-0.0811468968167901,-0.46067097783088684,-0.0009688852820545435,-0.000783007126301527,0.0004706433333922178,221.0,195.499,78.002,"0.03,0.06,-1.06,-1.15,-0.88,-0.16,100630,24.8"
15.90890500007663,0.054968276619911195,-0.06964121870696545,-0.4285982549190521,-0.0003287360654212534,-0.0007569590350612998,0.00015364353312179445,221.0,195.499,78.002,"0.02,0.06,-1.06,-1.09,-0.88,-0.04,100630,24.8"
16.004851200035773,0.06967975050210953,-0.06026089498773217,-0.4035113453865051,-5.957644898444414e-05,-0.0008689348702318967,-0.00016958191990852357,221.0,195.499,78.002,"0.02,0.05,-1.06,-1.15,-0.88,-0.10,100629,24.8"
16.09987270005513,0.057653102837502954,-0.05534276515245438,-0.41986897587776184,0.00017298427410423757,-0.0005604735342785716,4.754199180752039e-05,221.0,195.499,78.002,"0.03,0.06,-1.06,-1.21,-0.94,-0.10,100623,24.8"
16.194909500074573,0.06236288025975227,-0.04683955833315849,-0.4158478558063507,0.00033584057819098235,-0.00036739036440849306,-7.611591718159616e-05,221.0,195.499,78.002,"0.02,0.06,-1.06,-1.15,-0.94,-0.16,100629,24.8"
16.29083770001307,0.03359283022582531,-0.01649351455271244,-0.45078569650650024,0.0014826251310296357,0.0010221562348306178,0.00011969067127211019,221.0,195.499,78.002,"0.02,0.06,-1.06,-1.15,-0.88,-0.10,100626,24.8"
16.386897500022314,0.0760765664279461,-0.05480409096926451,-0.38345929980278015,0.00022648493759334088,-0.0010328179923817515,-0.0002576158236479387,221.0,195.499,78.002,"0.03,0.06,-1.06,-1.15,-0.88,-0.16,100628,24.8"
16.48188239999581,0.03738396912813187,-0.028672352060675622,-0.44676085710525515,0.0009758353466168046,0.0007139431545510888,0.00017985797603614628,221.0,195.499,78.002,"0.02,0.06,-1.06,-1.09,-1.00,-0.10,100620,24.8"
16.576849700068124,0.05792527757585049,-0.059913304075598715,-0.4136864423751831,-9.745210409164428e-05,-0.000556915276683867,9.464282047701999e-05,221.0,195.503,78.002,"0.03,0.06,-1.06,-1.15,-0.88,-0.22,100620,24.8"
16.67286629998125,0.05838261246681213,-0.026887557934969664,-0.5072706520557404,0.0016504144994542002,0.00033155723940581083,-0.00011543523869477213,221.0,195.993,78.002,"0.02,0.06,-1.06,-1.15,-0.82,-0.10,100635,24.8"
16.771883000037633,0.053553720191121104,-0.08269273191690445,-0.5306749999523163,-0.0004954023868776857,-0.00023956249933689832,0.0001854043803177774,221.0,195.999,78.002,"0.03,0.06,-1.06,-0.97,-0.94,-0.16,100632,24.8"
16.867920799995773,0.04183940440416336,-0.030955060478299858,-0.5324203133583069,0.0014167528483085335,0.0010894670616835357,3.28848502249457e-05,221.0,195.999,78.002,"0.03,0.06,-1.06,-1.03,-0.94,-0.10,100620,24.8"
16.963915599975735,0.09257062375545502,-0.08705742806196212,-0.4566404402256012,-0.0004994047107174992,-0.0017044127453118563,-0.0003085978445596993,221.0,195.999,78.002,"0.03,0.06,-1.06,-0.97,-0.82,-0.10,100633,24.8"
17.05788560002111,0.05022451356053352,-0.08271603211760521,-0.5230042397975921,-0.0006214590393938124,-0.0003003389341756701,0.00031525553204119204,221.0,195.999,78.002,"0.02,0.06,-1.06,-0.97,-0.94,-0.16,100630,24.8"
17.152908400050364,0.0593175008893013,-0.045963669661432505,-0.5015670537948609,0.000824618712067604,-5.228687077760696e-05,-2.262163907289505e-05,221.0,195.999,78.002,"0.02,0.06,-1.06,-1.03,-0.82,-0.10,100628,24.8"
17.246888800058514,0.09177225828170776,-0.09130508452653885,-0.4502793252468109,-0.0007964601274579764,-0.0016467097215354443,-0.00029507348081097006,221.0,195.999,78.002,"0.02,0.06,-1.06,-0.97,-0.82,-0.22,100624,24.8"
17.34191269997973,0.0863124117255211,-0.05384003622457385,-0.4526605665683746,0.0006753574125468731,-0.0007055980619043112,-0.00046053684782236813,221.0,195.999,78.002,"0.02,0.06,-1.06,-0.97,-0.88,-0.16,100634,24.8"
17.436880300054327,0.10224335342645645,-0.10422243773937226,-0.43282302021980285,-0.001022955309599638,-0.00258905584923923,-0.00021220711059868335,221.0,195.999,78.002,"0.02,0.06,-1.06,-0.97,-0.94,-0.16,100618,24.8"
17.531914600054733,0.06476428881287574,-0.07712758779525757,-0.48882230520248415,-0.00041243871673941613,-0.0008539336733520031,0.00011490468750707805,221.0,195.999,78.002,"0.02,0.06,-1.06,-0.97,-0.88,-0.16,100634,24.8"
17.626871600048617,0.07065811567008495,-0.06954812835901976,-0.4627777099609375,-2.229553647339344e-05,-0.0008012943435460329,-0.00010138241777895019,221.0,195.999,78.002,"0.03,0.06,-1.06,-0.91,-0.88,-0.04,100627,24.8"
17.721897899988107,0.06048603728413582,-0.06179354023188353,-0.4865296483039856,0.00023199268616735935,-0.00030542146414518355,8.253818232333288e-05,221.0,196.017,78.002,"0.03,0.05,-1.06,-0.97,-0.76,-0.22,100630,24.8"
17.820940500008874,0.06643812358379364,-0.06814736044034361,-0.5917295694351197,0.000721107586286962,-0.00021438710391521453,-8.004611590877176e-05,221.0,196.493,78.002,"0.02,0.06,-1.06,-0.91,-0.82,-0.10,100631,24.8"
17.92191500007175,0.06304816007614136,-0.09790380746126175,-0.6001999020576477,-0.00036050771595910194,-0.0007760529406368732,0.00022881107870489358,221.0,196.499,78.002,"0.02,0.06,-1.06,-0.78,-0.82,-0.22,100637,24.8"
18.01794280007016,0.07266390398144722,-0.06261607119813561,-0.5722452521324157,0.000977768562734127,-0.00043405280448496344,-0.0001305557700106874,221.0,196.499,78.002,"0.02,0.05,-1.06,-0.72,-0.82,-0.22,100623,24.8"
18.112893300014548,0.05841910094022751,-0.07640647205989808,-0.5870281457901001,0.00024548606015741827,-0.0001544000580906868,8.827869896776974e-05,221.0,196.499,78.002,"0.03,0.06,-1.06,-0.78,-0.82,-0.16,100631,24.8"
18.208909100038,0.06413289457559586,-0.07854238534346222,-0.5699896931648254,0.00015538756269961596,-0.00017248867079615592,2.62428424321115e-05,221.0,196.499,78.002,"0.02,0.06,-1.06,-0.78,-0.94,-0.22,100630,24.8"
18.30490440002177,0.08023681193590164,-0.08369432836771011,-0.5484395980834961,0.00011671306565403938,-0.0011317191878333689,-6.542965420521795e-05,221.0,196.499,78.002,"0.02,0.06,-1.06,-0.66,-0.82,-0.16,100619,24.8"
18.39987540000584,0.05426216498017311,-0.03797979326918721,-0.5814706444740295,0.0015795462299138308,0.0008573050377890468,-5.47838892089203e-05,221.0,196.499,78.002,"0.02,0.05,-1.06,-0.78,-0.88,-0.16,100635,24.8"
18.494894900009967,0.05492563918232918,-0.07554155215620995,-0.5811094760894775,0.00015433926600962877,-3.8947071880102156e-05,0.0002751961990725249,221.0,196.499,78.002,"0.02,0.06,-1.06,-0.78,-0.88,-0.22,100620,24.8"
18.58993100002408,0.07021797373890877,-0.06947125438600779,-0.5530291616916656,0.00038438907358795404,-0.00042683733627200124,-7.705574971623718e-05,221.0,196.499,78.002,"0.02,0.05,-1.06,-0.72,-0.88,-0.16,100628,24.8"
18.68594120000489,0.037598483823239805,-0.045933859143406156,-0.6005097985267639,0.0011902676429599523,0.0009439065586775541,0.0002753891487373039,221.0,196.499,78.002,"0.02,0.06,-1.06,-0.78,-0.88,-0.10,100635,24.8"
18.78187980002258,0.070295500010252,-0.09153778329491616,-0.5515019595623016,-0.00040841123554855583,-0.0008741516154259443,0.00012718458310700953,221.0,196.499,78.002,"0.02,0.06,-1.06,-0.72,-0.82,-0.16,100628,24.8"
18.875932199996896,0.07718897759914398,-0.10933886617422103,-0.5388538002967834,-0.001028764876537025,-0.0014944148249924182,0.0001646404853090644,221.0,196.5485,78.002,"0.02,0.06,-1.06,-1.09,-0.64,-0.10,100630,24.8"
18.970896700047888,0.05349062830209732,-0.08459452092647553,-0.71095712184906,0.0005435034167021513,0.0003365819342434406,0.00017535777296870947,221.0,196.995,78.002,"0.02,0.06,-1.06,-0.66,-0.76,-0.16,100630,24.8"
19.068946100072935,0.061125028878450394,-0.08481377139687538,-0.6860600709915161,0.0005648671882227063,0.0002039292361587286,4.6058336738497016e-05,221.0,196.999,78.002,"0.03,0.06,-1.06,-0.72,-0.88,-0.22,100630,24.8"
19.163904100074433,0.03473280016332865,-0.09799317941069603,-0.719688892364502,8.62437766045332e-05,0.00028940015472471713,0.0006196629023179412,221.0,196.999,78.002,"0.03,0.06,-1.06,-0.60,-0.88,-0.16,100629,24.8"
19.259908200008795,0.08936541378498078,-0.15162383317947387,-0.6318249821662902,-0.0018588996026664972,-0.0022188509348779915,0.00020451580639928578,221.0,196.999,78.002,"0.02,0.05,-1.06,-0.66,-0.88,-0.16,100625,24.8"
19.353886500000954,0.05158994495868683,-0.04004889335483312,-0.6727444052696228,0.001972788339480758,0.0014137716498225927,-0.0001451820571674034,221.0,196.999,78.002,"0.03,0.06,-1.06,-0.66,-0.82,-0.16,100626,24.8"
19.447943500010297,0.0923154667019844,-0.11782836019992829,-0.6110296964645385,-0.0005910162813961506,-0.0017872129566967488,-0.00014579311828128995,221.0,196.999,78.002,"0.02,0.06,-1.06,-0.54,-0.88,-0.22,100635,24.8"
19.54290880006738,0.05475573092699051,-0.08600427210330963,-0.670132327079773,0.00019173079635947943,0.00028147988487035034,0.00025838842848315837,221.0,196.999,78.002,"0.03,0.06,-1.06,-0.66,-0.76,-0.16,100630,24.8"
19.637922800029628,0.07806445807218551,-0.08670766539871692,-0.6173477172851562,0.0004175848560407758,-0.0002851752797141671,-0.0001859470154158771,221.0,196.999,78.002,"0.02,0.06,-1.06,-0.66,-0.82,-0.22,100631,24.8"
19.73189850000199,0.07374246530234814,-0.10069592893123627,-0.6230361104011536,-0.00021045224275439978,-0.0005971497856080532,1.968268770724535e-05,221.0,196.999,78.002,"0.02,0.06,-1.06,-0.60,-0.82,-0.16,100636,24.8"
19.82791220000945,0.07081642597913743,-0.1041611298918724,-0.6290212631225586,-0.00034297157544642686,-0.0008174512768164277,0.00014541848213411868,221.0,196.999,78.002,"0.02,0.06,-1.06,-0.66,-0.76,-0.16,100622,24.8"
19.9239306000527,0.08678776174783706,-0.12404124438762665,-0.6097549796104431,-0.0009732428938150406,-0.0016208044718950987,2.1616744925267993e-05,221.0,196.999,78.002,"0.03,0.06,-1.06,-0.66,-0.82,-0.16,100632,24.8"
20.019949899986386,0.08703048452734947,-0.10665007904171944,-0.610866367816925,-0.0002900868421420455,-0.0013676515780389308,-3.740650718100369e-05,221.0,197.0845,78.002,"0.02,0.06,-1.06,-1.15,-0.45,-0.10,100626,24.8"
20.119941300014034,0.06284311711788178,-0.12861838191747665,-0.8103414177894592,-0.0002693229587748647,-0.0005514144664630294,0.00047482745721936224,221.0,197.495,78.002,"0.03,0.06,-1.06,-0.60,-0.76,-0.28,100629,24.8"
20.21490600006655,0.08330342173576355,-0.11480626165866852,-0.7506825089454651,0.00024223511572927237,-0.0003900931216776371,-0.00012697539059445262,221.0,197.499,78.002,"0.03,0.06,-1.06,-0.54,-0.88,-0.10,100626,24.8"
20.308934699976817,0.05290826968848705,-0.12079346776008607,-0.7913616538047791,-0.00010231609921902418,0.00012198120821267366,0.0004432635148987174,221.0,197.499,78.002,"0.03,0.05,-1.06,-0.42,-0.82,-0.16,100631,24.8"
20.40391210000962,0.07572262287139893,-0.08936518058180809,-0.7396808981895446,0.0009179100859910249,0.00037185894325375557,-0.00018196767196059226,221.0,197.499,78.002,"0.03,0.06,-1.06,-0.54,-0.76,-0.16,100625,24.8"
20.497970100026578,0.06596553884446621,-0.09944066256284714,-0.7558624863624572,0.0006133453221991658,0.00018503295723348856,0.00015071684028953314,221.0,197.499,78.002,"0.03,0.06,-1.06,-0.48,-0.88,-0.28,100626,24.8"
20.592924700002186,0.0626605648547411,-0.10927879810333252,-0.7452910661697387,0.00026514281053096055,0.00013154204934835435,0.0002163425146136433,221.0,197.499,78.002,"0.03,0.06,-1.06,-0.48,-0.82,-0.22,100626,24.8"
20.687937900074758,0.09280989468097686,-0.14030933976173401,-0.7087648868560791,-0.0008779325755313039,-0.0016215027309954167,2.0291085820645095e-05,221.0,197.499,78.002,"0.03,0.06,-1.06,-0.60,-0.70,-0.16,100628,24.8"
20.78191370004788,0.06649660766124725,-0.0930870421230793,-0.7409447193145752,0.0007195398444309831,0.000123514118604362,0.00010063082445412874,221.0,197.499,78.002,"0.03,0.06,-1.06,-0.54,-0.88,-0.22,100628,24.7"
20.877934899996035,0.08403645753860474,-0.1406925618648529,-0.7165238261222839,-0.0009807711001485586,-0.001395211135968566,0.00020974803483113645,221.0,197.499,78.002,"0.03,0.06,-1.06,-0.48,-0.82,-0.16,100627,24.8"
20.972974400036037,0.08255624398589134,-0.07944925054907799,-0.7006740808486939,0.0013072511181235313,0.00024561695754528047,-0.0003734849859029055,221.0,197.499,78.002,"0.03,0.05,-1.06,-0.48,-0.82,-0.22,100631,24.8"
21.067935300059617,0.0762866772711277,-0.12032213881611824,-0.7200041770935058,-0.00032950302120298146,-0.0007433726452291012,9.738323860801757e-05,221.0,197.499,78.002,"0.02,0.06,-1.06,-0.48,-0.82,-0.10,100626,24.8"
21.162947800010443,0.08449317514896393,-0.07491805553436279,-0.7073007941246032,0.0013951636618003249,9.911155793815852e-05,-0.00033718959311954675,221.0,197.601,78.002,"0.02,0.06,-1.06,-1.09,-0.21,-0.16,100632,24.7"
21.265973399975337,0.10174477994441986,-0.15773709118366241,-0.86696937084198,-0.00031801233999431135,-0.0012574621941894293,-0.00011100504780188203,221.0,197.995,78.002,"0.02,0.06,-1.06,-0.54,-0.82,-0.22,100628,24.8"
21.36093309998978,0.08131334409117699,-0.13453514575958253,-0.8921602964401245,0.00032798978500068186,-3.543186467140913e-05,7.448184187524021e-05,221.0,197.999,78.002,"0.03,0.06,-1.06,-0.54,-0.82,-0.16,100626,24.8"
21.454910200089216,0.05848004296422005,-0.14650042951107026,-0.9019833445549011,-5.329998675733805e-05,6.871623918414116e-05,0.0005083620199002326,221.0,197.999,78.002,"0.03,0.06,-1.06,-0.48,-1.00,-0.22,100626,24.8"
21.550929100019857,0.0825891688466072,-0.10198868662118912,-0.8476873755455017,0.001444026781246066,0.0005439629312604666,-0.00021885823225602507,221.0,197.999,78.002,"0.03,0.06,-1.06,-0.48,-0.76,-0.16,100634,24.8"
21.645965000032447,0.059551332518458365,-0.15046376734972,-0.8891242861747741,-0.00040445763152092696,-0.00021737930364906788,0.0006349078379571438,221.0,197.999,78.002,"0.03,0.06,-1.06,-0.48,-0.82,-0.28,100634,24.8"
21.74091980000958,0.11390367150306702,-0.14637874960899352,-0.7981485009193421,-9.93045512586832e-05,-0.0017221737653017044,-0.00018473835079930724,221.0,197.999,78.002,"0.03,0.06,-1.06,-0.36,-0.82,-0.22,100625,24.8"
21.834955500089563,0.0572046048939228,-0.09970615357160569,-0.8611700773239136,0.0013172863982617855,0.001207075617276132,0.00017962796264328062,221.0,197.999,78.002,"0.03,0.06,-1.06,-0.48,-0.76,-0.22,100625,24.8"
21.929922300041653,0.06394379213452339,-0.09556553959846496,-0.8546280264854431,0.0014310932718217372,0.0010407736990600824,6.888294010423123e-05,221.0,197.999,78.002,"0.03,0.06,-1.06,-0.42,-0.88,-0.16,100630,24.8"
22.02396330004558,0.0945186261087656,-0.13342456221580506,-0.813036835193634,0.00028285356238484384,-0.0007842624327167869,-6.960649625398219e-05,221.0,197.999,78.002,"0.03,0.06,-1.06,-0.36,-0.82,-0.22,100625,24.8"
22.11997980007436,0.09367401152849197,-0.1336307257413864,-0.8151031255722045,0.00012852682266384363,-0.0007117428816854954,-6.30668830126524e-05,221.0,197.999,78.002,"0.03,0.06,-1.06,-0.42,-0.82,-0.22,100624,24.7"
22.21591939998325,0.08684941381216049,-0.12836333438754083,-0.8161182522773742,0.00030824439600110056,-0.0006291435100138187,7.157734944485128e-05,221.0,197.999,78.002,"0.02,0.06,-1.06,-0.36,-0.82,-0.16,100634,24.8"
22.310953499982134,0.06766517758369446,-0.10761624872684479,-0.8399625062942505,0.0009830514434725046,0.0006824753247201443,5.050651961937547e-05,221.0,198.101,78.002,"0.02,0.06,-1.06,-1.03,-0.09,-0.10,100626,24.8"
22.409976600087248,0.1033397689461708,-0.1994987279176712,-1.0339006900787353,-0.000535317650064826,-0.0010565817821770907,0.0002397398464381695,221.0,198.495,78.002,"0.03,0.06,-1.06,-0.72,-0.70,-0.10,100629,24.8"
22.504934400087222,0.09803548157215118,-0.1504105731844902,-1.032744288444519,0.0010717298835515976,0.00031895278953015805,2.1801161346957086e-05,221.0,198.499,78.002,"0.03,0.06,-1.06,-0.60,-0.76,-0.16,100626,24.8"
22.59996680007316,0.09477538987994194,-0.17179765105247496,-1.0193005323410034,1.7423531971871853e-05,-0.0002314595505595207,0.00025685513392090795,221.0,198.499,78.002,"0.03,0.06,-1.06,-0.48,-0.94,-0.28,100634,24.8"
22.694919800036587,0.09583499282598495,-0.15352304130792618,-0.9954996228218078,0.0007766514318063855,-3.322954289615154e-05,0.00016553238965570926,221.0,198.499,78.002,"0.03,0.06,-1.06,-0.66,-0.70,-0.10,100630,24.8"
22.788967000087723,0.07262642979621887,-0.1320929318666458,-1.0199150562286377,0.0014104073401540519,0.001068760361522436,0.0002941852086223662,221.0,198.499,78.002,"0.03,0.06,-1.06,-0.42,-0.82,-0.16,100625,24.8"
22.88296529999934,0.09436282813549042,-0.16527991890907287,-0.9820912480354309,0.00029218660201877353,-0.0003460686653852463,0.00018913930980488658,221.0,198.499,78.002,"0.03,0.06,-1.06,-0.42,-0.88,-0.22,100631,24.8"
22.977976400055923,0.11063881665468216,-0.17421834468841552,-0.9508314251899719,-0.0001354122767224908,-0.0008682933636009693,-1.5933113172650337e-05,221.0,198.499,78.002,"0.03,0.06,-1.06,-0.60,-0.76,-0.16,100618,24.8"
23.072946700034663,0.10008854866027832,-0.18238437473773955,-0.962476396560669,-0.0003883705008774996,-0.0010049147997051478,0.00026964698918163776,221.0,198.499,78.002,"0.03,0.06,-1.06,-0.42,-0.76,-0.22,100634,24.8"
23.16698900004849,0.0961870476603508,-0.17587798237800598,-0.9711901187896729,-0.00023974622599780558,-0.0006709614302963018,0.0002789110643789172,221.0,198.499,78.002,"0.03,0.06,-1.06,-0.42,-0.82,-0.16,100630,24.8"
23.26098500005901,0.09439913630485534,-0.1533850237727165,-0.965665054321289,0.00044061073567718266,4.883343353867531e-05,0.00010513503220863641,221.0,198.499,78.002,"0.02,0.06,-1.06,-0.54,-0.76,-0.22,100630,24.8"
23.35598990006838,0.11652185618877411,-0.19041186571121216,-0.9266126036643982,-0.0008191734552383423,-0.0016990554518997668,4.8733653966337445e-05,221.0,198.499,78.002,"0.03,0.06,-1.06,-0.42,-0.82,-0.22,100630,24.8"
23.45097030000761,0.10633696615695953,-0.1700688362121582,-0.9407619714736939,-3.393995575606823e-05,-0.0010123759508132934,7.488650735467672e-05,221.0,198.427,78.002,"0.02,0.06,-1.06,0.25,-1.61,-0.34,100624,24.7"
23.550962600042112,0.06354889422655105,-0.13398910760879518,-0.7482295036315918,-0.0005911087617278099,-0.00047435592859983443,0.00048804942052811385,221.0,198.003,78.002,"0.02,0.06,-1.06,-0.60,-0.82,-0.16,100630,24.8"
23.6459848000668,0.08241099081933498,-0.12346810400485993,-0.7113782525062561,-0.00017969668842852116,-0.0005778282415121794,9.316738287452608e-05,221.0,197.999,78.002,"0.03,0.06,-1.06,-0.60,-0.82,-0.10,100626,24.8"
23.740944000077434,0.08224606439471245,-0.10045100003480911,-0.7338934659957885,0.0005400427151471376,9.24277352169156e-05,-4.533986211754382e-05,221.0,197.999,78.002,"0.03,0.06,-1.06,-0.60,-0.76,-0.16,100634,24.8"
23.835974300047383,0.06119171231985092,-0.06900945529341698,-0.7612444519996643,0.001705713360570371,0.0013703356031328439,6.614421727135777e-06,221.0,197.999,78.002,"0.03,0.06,-1.06,-0.42,-0.94,-0.16,100630,24.8"
23.930950300069526,0.0541052408516407,-0.06490357369184493,-0.7911174654960632,0.0018814233131706714,0.0015092581743374467,0.0001241144200321287,221.0,197.999,78.002,"0.02,0.06,-1.06,-0.60,-0.76,-0.16,100630,24.8"
24.025964600034058,0.11210498362779617,-0.10594317764043808,-0.7082641243934631,0.000730153569020331,-0.00105646513402462,-0.0004198550421278924,221.0,197.999,78.002,"0.03,0.06,-1.06,-0.54,-0.88,-0.16,100638,24.8"
24.121010900009423,0.0976005181670189,-0.11956102252006531,-0.7350132822990417,6.646825931966305e-05,-0.000928228534758091,-9.734813356772065e-05,221.0,197.999,78.002,"0.03,0.06,-1.06,-0.48,-0.94,-0.16,100626,24.8"
24.21595750004053,0.08292802721261978,-0.09023252725601197,-0.7536247611045838,0.0012303589144721627,1.5508523210883142e-05,-9.36143973376602e-05,221.0,197.999,78.002,"0.02,0.06,-1.06,-0.48,-0.76,-0.10,100635,24.8"
24.310003100079484,0.08615856245160103,-0.10328596085309982,-0.7366922259330749,0.0006736986804753542,-4.094578325748443e-05,-0.00017696317518129946,221.0,197.999,78.002,"0.03,0.06,-1.06,-0.54,-0.82,-0.16,100626,24.8"
24.407001100014895,0.08200707882642747,-0.06689759194850922,-0.743897306919098,0.002114551328122616,0.0008723329287022352,-0.00035540949902497233,221.0,197.999,78.002,"0.03,0.06,-1.06,-0.42,-0.88,-0.16,100636,24.8"
24.502024100045674,0.09969567582011223,-0.12374566942453384,-0.7248850345611573,0.00012110222596675157,-0.0010338793974369765,-0.0001884888974018395,221.0,197.999,78.002,"0.02,0.06,-1.06,-0.48,-0.82,-0.22,100627,24.8"
24.595999800018035,0.07598557397723198,-0.135077628493309,-0.7569525241851807,-0.0005858809221535921,-0.0005311730317771434,0.00026520359679125247,221.0,197.877,78.002,"0.03,0.06,-1.06,0.01,-1.61,-0.28,100626,24.8"
24.69600930006709,0.07102457955479621,-0.03636604975908995,-0.5785383582115173,0.0018877424765378237,0.0008903461508452893,-0.00022708285832777618,221.0,197.503,78.002,"0.03,0.06,-1.06,-0.66,-0.88,-0.16,100640,24.7"
24.790969700086862,0.09393330961465836,-0.09518570154905319,-0.5573238730430603,-0.0001581314252689481,-0.0009702888783067465,-0.00014308756217360497,221.0,197.499,78.002,"0.03,0.06,-1.06,-0.60,-0.88,-0.16,100626,24.8"
24.884960200055502,0.09545660614967347,-0.12234681844711304,-0.5698338150978088,-0.0010981731582432985,-0.0018245978280901909,6.837369874119758e-05,221.0,197.499,78.002,"0.02,0.06,-1.06,-0.66,-0.82,-0.16,100630,24.8"
24.978993199998513,0.07162410989403725,-0.05682448307052255,-0.6145176410675048,0.0014017003821209073,0.0004677681252360344,-4.951868904754519e-05,221.0,197.499,78.002,"0.02,0.06,-1.06,-0.54,-0.94,-0.16,100626,24.8"
25.075989000033587,0.08817049637436866,-0.06941132470965386,-0.5894346833229065,0.0008991924813017249,-0.00019764325115829707,-0.00027392935007810595,221.0,197.499,78.002,"0.03,0.06,-1.06,-0.54,-0.94,-0.16,100633,24.8"
25.17101030005142,0.09350950121879578,-0.1034658320248127,-0.5791088223457337,-0.0003059827722609043,-0.0012103205546736718,-7.697246037423611e-05,221.0,197.499,78.002,"0.03,0.06,-1.06,-0.66,-0.82,-0.10,100630,24.8"
25.266971400007606,0.07007901966571808,-0.07484986390918494,-0.6343561172485351,0.0006034710211679339,5.639935843646526e-05,0.00011505630100145936,221.0,197.499,78.002,"0.03,0.06,-1.06,-0.60,-0.94,-0.10,100626,24.8"
25.362985000014305,0.07708577513694763,-0.10768229067325592,-0.6253773927688598,-0.0005399092100560665,-0.0006983369123190642,0.00021627991227433086,221.0,197.499,78.002,"0.03,0.06,-1.06,-0.54,-0.94,-0.22,100628,24.8"
25.45800840004813,0.08402736485004425,-0.06106744632124901,-0.6085928201675415,0.0012946791714057327,0.00017375641036778688,-0.00022458783932961525,221.0,197.499,78.002,"0.03,0.06,-1.06,-0.60,-0.82,-0.16,100635,24.8"
25.55296260002069,0.08587134927511215,-0.08046527467668056,-0.5990648388862609,0.0005671836668625474,-0.00030429637990891933,-0.0002046632464043796,221.0,197.499,78.002,"0.03,0.06,-1.06,-0.54,-0.94,-0.16,100637,24.8"
25.64799149997998,0.06777546182274818,-0.03475678386166692,-0.6294391989707947,0.00222807505633682,0.0013444034149870277,-0.00021725386031903326,221.0,197.499,78.002,"0.03,0.06,-1.06,-0.54,-0.88,-0.22,100634,24.8"
25.74198030005209,0.09333865940570832,-0.1285915642976761,-0.5969979763031006,-0.0012188769411295652,-0.002003208780661225,0.00025770446518436074,221.0,197.303,78.002,"0.03,0.06,-1.06,0.01,-1.67,-0.22,100624,24.8"
25.84305550006684,0.09651487469673156,-0.09150416664779186,-0.43265756368637087,-0.0006307128816843033,-0.0015731916995719076,-6.5744912717491385e-06,221.0,197.001,78.002,"0.02,0.06,-1.06,-0.91,-0.82,-0.10,100630,24.8"
25.93799260002561,0.09588362872600556,-0.05343270115554333,-0.4572701930999756,0.0007919179974123835,-0.0007848265348002314,-0.00028449372039176526,221.0,196.999,78.002,"0.03,0.06,-1.06,-0.66,-0.88,-0.22,100620,24.8"
26.033030200051144,0.056326383352279664,-0.0642020631581545,-0.5316717624664307,0.0003089563921093941,0.00019521485082805157,0.00035650357604026793,221.0,196.999,78.002,"0.02,0.06,-1.06,-0.78,-0.82,-0.16,100620,24.7"
26.12700219999533,0.06792032867670059,-0.07013877956196665,-0.5229632616043091,-4.429370164871216e-07,-0.0003064516931772232,0.00029196289833635094,221.0,196.999,78.002,"0.03,0.06,-1.06,-0.72,-0.88,-0.16,100628,24.8"
26.22202320001088,0.07928718104958535,-0.08876106664538383,-0.4996702015399933,-0.00047647991450503466,-0.0008133586030453444,0.00012408948969095946,221.0,196.999,78.002,"0.02,0.06,-1.06,-0.72,-0.88,-0.16,100626,24.8"
26.316010200069286,0.05749167464673519,-0.07535033002495765,-0.5397461354732513,-3.190501593053341e-06,-6.143455393612385e-05,0.00039419162785634396,221.0,196.999,78.002,"0.02,0.06,-1.06,-0.66,-0.88,-0.16,100627,24.8"
26.411037700017914,0.08710388243198394,-0.048846198804676534,-0.4981711745262146,0.0010299134766682983,-0.0001393639948219061,-0.00030434138607233764,221.0,196.999,78.002,"0.02,0.06,-1.06,-0.66,-0.88,-0.16,100637,24.8"
26.506000100052916,0.08329292386770248,-0.09846950098872184,-0.5043692886829376,-0.0007548456778749824,-0.001042831758968532,0.0001517267315648496,221.0,196.999,78.002,"0.03,0.06,-1.06,-0.66,-0.94,-0.16,100636,24.8"
26.60102010006085,0.07555636912584304,-0.08480780739337206,-0.5244115114212036,-0.00036045315209776163,-0.0008923668880015612,0.0002566945971921086,221.0,196.999,78.002,"0.03,0.06,-1.06,-0.72,-0.88,-0.10,100634,24.8"
26.694999600062147,0.05987482443451882,-0.033098862320184705,-0.5479741632938385,0.0014140742598101497,0.0010302605340257287,0.00010089984280057252,221.0,196.999,78.002,"0.03,0.06,-1.06,-0.60,-0.88,-0.22,100630,24.8"
26.791019600001164,0.06129513010382652,-0.07064014747738838,-0.5433169901371002,7.933679735288024e-05,0.00014323529321700335,0.0003033653018064797,221.0,196.999,78.002,"0.03,0.06,-1.06,-0.66,-0.88,-0.22,100628,24.8"
26.88603689998854,0.0837151676416397,-0.05703376792371273,-0.49485461711883544,0.0006487870588898659,-0.00018495398107916118,-0.0001472835021559149,221.0,196.803,78.002,"0.02,0.05,-1.06,-0.11,-1.61,-0.22,100628,24.8"
26.98304140008986,0.08711841069161892,-0.06847631074488163,-0.3719391703605652,-0.0004190939711406827,-0.0010526851983740926,0.00011711075203493237,221.0,196.501,78.002,"0.03,0.06,-1.06,-0.85,-0.88,-0.10,100635,24.8"
27.07799400005024,0.07939101457595825,-0.07296126708388329,-0.40012418627738955,-0.0005183621076866984,-0.001187886414118111,0.0002607501111924648,221.0,196.499,78.002,"0.03,0.06,-1.06,-0.78,-0.94,-0.22,100619,24.8"
27.173020699992776,0.05871651172637939,-0.058331846818327905,-0.432910168170929,-1.8008414190262557e-05,-5.146535113453865e-06,0.0003537274547852576,221.0,196.499,78.002,"0.03,0.06,-1.06,-0.85,-0.76,-0.22,100630,24.8"
27.267013199976645,0.06555173248052597,-0.03526415191590786,-0.43820950388908386,0.0007807820802554488,0.0004943991778418421,6.2233887729235e-05,221.0,196.499,78.002,"0.03,0.06,-1.06,-0.85,-0.88,-0.22,100619,24.8"
27.36202790006064,0.06249856278300285,-0.07140792757272721,-0.45925324559211733,-0.00025763432495296,-0.0005211045499891043,0.00052458067657426,221.0,196.499,78.002,"0.03,0.06,-1.06,-0.78,-0.94,-0.16,100628,24.8"
27.45804739999585,0.0648398108780384,-0.020763988606631756,-0.43935964703559877,0.0013451498933136463,0.0008386169094592333,-3.638326306827366e-05,221.0,196.499,78.002,"0.03,0.06,-1.06,-0.85,-0.82,-0.16,100628,24.8"
27.553020799998194,0.06962230503559112,-0.0368894575163722,-0.4431657373905182,0.0008640655782073736,0.0003151892218738794,1.1024254490621388e-05,221.0,196.499,78.002,"0.02,0.06,-1.06,-0.85,-0.82,-0.22,100636,24.8"
27.64901070005726,0.09606555998325347,-0.050278857722878455,-0.40451404452323914,0.0005608773557469249,-0.000809366861358285,-0.0002573953242972493,221.0,196.499,78.002,"0.03,0.06,-1.06,-0.72,-0.88,-0.16,100627,24.8"
27.745024800067768,0.08201705068349838,-0.0545072965323925,-0.42241027355194094,0.0002737016184255481,-0.0004185396945104003,-6.22109801042825e-05,221.0,196.499,78.002,"0.02,0.05,-1.06,-0.85,-0.88,-0.16,100618,24.8"
27.84106270002667,0.07167227417230607,-0.062199370563030244,-0.4482153058052063,-3.806939348578453e-05,-0.0005482451291754842,0.00021843224531039595,221.0,196.499,78.002,"0.02,0.06,-1.06,-0.72,-0.88,-0.16,100627,24.8"
27.93601469998248,0.06495810449123382,-0.023087802901864053,-0.45199460387229917,0.0014973459532484413,0.0005597630515694618,4.5628304360434416e-05,221.0,196.499,78.002,"0.02,0.06,-1.06,-0.72,-0.94,-0.16,100631,24.8"
28.032008600072004,0.07187314070761204,-0.05159215200692415,-0.4149360418319702,0.00037404310423880813,-4.239578265696764e-05,8.115931414067745e-05,221.0,196.237,78.002,"0.03,0.06,-1.06,-0.23,-1.55,-0.28,100628,24.8"
28.128022400080226,0.08727177754044532,-0.017623497918248177,-0.29442411065101626,0.0011413039639592171,-0.00022345890756696462,-0.00024309639702551066,221.0,196.001,78.002,"0.03,0.06,-1.06,-0.97,-0.76,-0.16,100629,24.8"
28.223051800043322,0.088047107309103,-0.040100575983524324,-0.3095647573471069,0.0004624606226570904,-0.0007201509783044457,-9.033288806676864e-05,221.0,195.999,78.002,"0.02,0.06,-1.06,-0.91,-0.88,-0.10,100616,24.8"
28.318008100031875,0.056482497975230216,-0.05908821262419224,-0.3698333203792572,-0.00041563271079212425,8.263066411018371e-06,0.0004314337158575654,221.0,195.999,78.002,"0.02,0.06,-1.06,-0.97,-0.88,-0.16,100628,24.8"
28.415019100066274,0.07610527202486991,-0.03405112363398075,-0.341927307844162,0.0006132867885753513,-0.0002117631956934929,-7.140968518797308e-05,221.0,195.999,78.002,"0.03,0.06,-1.06,-0.85,-0.82,-0.22,100632,24.8"
28.509095399989747,0.08869143426418305,-0.036143145710229876,-0.32530408501625063,0.0006758418399840594,-0.0005283197853714228,-0.0002256664854940027,221.0,195.999,78.002,"0.03,0.06,-1.06,-0.85,-0.94,-0.10,100628,24.8"
28.603026500088163,0.06354730501770973,-0.050997857190668586,-0.36915587186813353,-5.133147351443768e-06,-0.00016203895211219788,0.0002559743617894128,221.0,195.999,78.002,"0.02,0.06,-1.06,-0.72,-0.88,-0.16,100625,24.8"
28.698061599978246,0.062488756328821185,-0.04366866685450077,-0.3638400137424469,0.000290273642167449,0.0002731934888288379,0.00015065608313307165,221.0,195.999,78.002,"0.02,0.05,-1.06,-0.78,-0.88,-0.16,100622,24.8"
28.793013200047426,0.08297741413116455,-0.037696005403995515,-0.34002981781959535,0.0006308958865702153,-0.00037229766603559257,-0.00015434625092893838,221.0,195.999,78.002,"0.02,0.06,-1.06,-0.78,-0.88,-0.16,100628,24.8"
28.888044200022705,0.07095699608325959,-0.04406838025897741,-0.3665103495121002,0.00023149654734879732,-0.00024412251077592372,0.00012935615377500652,221.0,195.999,78.002,"0.02,0.06,-1.06,-0.85,-0.88,-0.16,100629,24.8"
28.98202090000268,0.08539676666259766,-0.05114602204412222,-0.35564651489257815,8.378715720027685e-05,-0.0009055480128154159,-1.1281864135526121e-05,221.0,195.999,78.002,"0.02,0.05,-1.06,-0.78,-0.88,-0.10,100622,24.8"
29.077046200050972,0.06976611912250519,-0.036550825275480744,-0.3658273100852966,0.0005417920183390379,-5.6815962307155135e-05,1.6293866792693734e-05,221.0,195.999,78.002,"0.02,0.06,-1.06,-0.85,-0.88,-0.22,100634,24.8"
29.17103520000819,0.05912940055131912,0.020881332084536554,-0.3678955972194672,0.0026663895696401596,0.001547298487275839,-0.00019475554290693253,221.0,195.747,78.002,"0.02,0.06,-1.06,-0.23,-1.43,-0.22,100624,24.8"
29.26703950006049,0.07508911043405533,-0.069154616817832,-0.2544202744960785,-0.0010691831936128437,-0.0013469638535752893,0.00039092474617064,221.0,195.501,78.002,"0.02,0.06,-1.06,-0.97,-0.82,-0.10,100630,24.8"
29.362077700090595,0.06616271547973156,-0.021250751800835133,-0.2680264800786972,0.0007965684169903397,0.0002055893186479807,4.738230200018734e-05,221.0,195.499,78.002,"0.02,0.06,-1.06,-0.78,-0.88,-0.22,100634,24.8"
29.457027700031176,0.0858820229768753,-0.02228538691997528,-0.2608648926019669,0.0009358049603179098,-0.0005727060604840517,-0.0002626888221129775,221.0,195.499,78.002,"0.02,0.05,-1.06,-0.85,-0.88,-0.16,100635,24.8"
29.553049799986184,0.09090654850006104,-0.09051266163587571,-0.2633281409740448,-0.001607580529525876,-0.0022836972959339617,0.00025653312914073465,221.0,195.499,78.002,"0.03,0.06,-1.06,-0.85,-0.82,-0.16,100626,24.8"
29.649064800003543,0.0951662965118885,-0.027987300790846346,-0.24449886977672577,0.000706751924008131,-0.0007029675878584384,-0.00042408474255353215,221.0,195.499,78.002,"0.03,0.06,-1.06,-0.85,-0.88,-0.16,100630,24.8"
29.745074199978262,0.07215953096747399,-0.003311662934720516,-0.29107819497585297,0.0016480153193697334,0.0004594817757606506,-0.00017897583602461965,221.0,195.499,78.002,"0.02,0.06,-1.06,-0.85,-0.88,-0.16,100622,24.8"
29.84002300002612,0.07511249780654908,-0.026498104445636272,-0.28288620710372925,0.000706786208320409,-7.483898662030697e-05,-0.00017110967892222106,221.0,195.499,78.002,"0.02,0.06,-1.06,-0.78,-0.88,-0.10,100630,24.8"
29.93505119998008,0.06452169194817543,-0.03575912062078714,-0.3049610733985901,0.00035629974445328116,-0.00011122417636215687,0.00015006178291514515,221.0,195.499,78.002,"0.02,0.06,-1.06,-0.78,-0.88,-0.10,100620,24.8"
30.029029999976046,0.08317196965217591,-0.04206375796347857,-0.27852902710437777,0.0002250166144222021,-0.0006702566053718329,-0.00013609579764306545,221.0,195.499,78.002,"0.03,0.06,-1.06,-0.85,-0.88,-0.16,100622,24.8"
30.12504790001549,0.07298594042658806,-0.05565410144627094,-0.2908778578042984,-0.00031203904654830694,-0.000762376724742353,0.0001797748846001923,221.0,195.499,78.002,"0.02,0.06,-1.06,-0.78,-0.88,-0.22,100630,24.8"
30.21910890005529,0.09065783768892288,-0.07036901935935021,-0.27671582996845245,-0.0009303342783823609,-0.0016721112187951803,-1.6755593242123724e-05,221.0,195.499,78.002,"0.03,0.06,-1.06,-0.78,-0.88,-0.10,100618,24.8"
30.313066400005482,0.08328925967216491,-0.05585063472390175,-0.25843786001205443,-0.0003509960835799575,-0.0011922192992642523,2.897359081543982e-06,221.0,195.195,78.002,"0.02,0.06,-1.06,-0.42,-1.31,-0.16,100622,24.8"
30.411042400053702,0.06599946841597557,-0.004174880683422089,-0.20356259644031524,0.0012027074582874775,0.00015453884843736888,-4.2852840851992366e-05,221.0,195.001,78.002,"0.02,0.06,-1.06,-0.91,-0.76,-0.22,100622,24.8"
30.50509150000289,0.06584064811468124,0.004890589043498039,-0.2209350883960724,0.0015354680363088846,0.0005429428536444902,-0.00012914812832605095,221.0,194.999,78.002,"0.02,0.05,-1.06,-0.91,-0.94,-0.16,100627,24.8"
30.600055400049314,0.0870369516313076,-0.014789498597383498,-0.1891000062227249,0.000917404843494296,-0.0004999239463359118,-0.00034797663101926446,221.0,194.999,78.002,"0.03,0.06,-1.06,-0.85,-0.82,-0.16,100616,24.8"
30.695075100054964,0.07928791828453541,-0.03603881560266018,-0.2079330176115036,0.00022426771465688944,-0.0008075191406533122,-8.142776787281036e-05,221.0,194.999,78.002,"0.02,0.06,-1.06,-0.91,-0.82,-0.16,100620,24.8"
30.79004240001086,0.07724248021841049,-0.05303147993981838,-0.22333984673023224,-0.00042565141338855026,-0.001164827449247241,6.748940504621714e-05,221.0,194.999,78.002,"0.03,0.06,-1.06,-0.78,-0.88,-0.10,100627,24.8"
30.885063000023365,0.05201078914105892,-0.03687937054783106,-0.2587740749120712,1.851351698860526e-05,-5.937688983976841e-05,0.0003819843754172325,221.0,194.999,78.002,"0.03,0.06,-1.06,-0.85,-0.88,-0.22,100638,24.8"
30.980093599995598,0.08134151995182037,-0.013574419356882573,-0.2090037852525711,0.0010037109954282642,-0.00012792606139555573,-0.00036293655866757033,221.0,194.999,78.002,"0.02,0.05,-1.06,-0.91,-0.82,-0.16,100625,24.8"
31.075062800082378,0.0745304249227047,-0.0629050962626934,-0.2312365233898163,-0.0008282769587822259,-0.001440934929996729,0.00018222169601358473,221.0,194.999,78.002,"0.03,0.06,-1.06,-0.85,-0.88,-0.22,100624,24.8"
31.1701074000448,0.0922105148434639,-0.057455030642449854,-0.20751385092735292,-0.0005933279637247324,-0.0015484049217775464,-0.00011457893997430801,221.0,194.999,78.002,"0.03,0.05,-1.06,-0.85,-0.88,-0.16,100628,24.8"
31.265045600011945,0.055410781875252724,-0.030445139855146408,-0.26235862374305724,0.00019126029219478368,0.0001489080488681793,0.00022356787812896072,221.0,194.999,78.002,"0.03,0.06,-1.06,-0.85,-0.88,-0.16,100632,24.8"
31.360073400079273,0.0873180314898491,-0.051561648957431316,-0.20892417430877686,-0.0002280154498293996,-0.0012752828653901816,-0.00018350839382037521,221.0,194.999,78.002,"0.03,0.05,-1.06,-0.85,-0.88,-0.16,100626,24.8"
31.456078700022772,0.06270076017826795,-0.025530425272881983,-0.22772228717803955,0.00044779489981010555,-5.595013499259949e-05,1.4050828758627176e-05,221.0,194.685,78.002,"0.02,0.06,-1.06,-0.60,-1.25,-0.16,100624,24.8"
31.552107600029558,0.0849854838103056,-0.05073282867670059,-0.12127007693052291,-0.0005994320847094059,-0.0016023543663322925,-8.764987578615546e-05,221.0,194.501,78.002,"0.02,0.06,-1.06,-1.03,-0.70,-0.10,100632,24.8"
31.647057400085032,0.04609223566949368,-0.023501256108283998,-0.20387435853481292,0.00018657457549124955,0.00013789127115160227,0.00042488478939048944,221.0,194.499,78.002,"0.02,0.05,-1.06,-0.85,-0.76,-0.10,100624,24.8"
31.741101799998432,0.05413127318024635,-0.03791792020201683,-0.1866448402404785,-0.00020213675452396274,-0.00033214553259313105,0.0002544226415921003,221.0,194.499,78.002,"0.02,0.06,-1.06,-0.91,-0.88,-0.22,100625,24.8"
31.83508210000582,0.058162251859903334,-0.002730259485542774,-0.17675071060657502,0.0011472133221104742,0.00046665053814649583,-0.0001101561589166522,221.0,194.499,78.002,"0.02,0.06,-1.06,-1.03,-0.82,-0.10,100629,24.8"
31.930106300045736,0.04778587408363819,-0.011489034071564675,-0.20055112838745118,0.0007627546321600676,0.0003885904094204307,0.00014634390245191753,221.0,194.499,78.002,"0.02,0.06,-1.06,-0.85,-0.88,-0.22,100629,24.8"
32.026074000052176,0.06696055978536605,0.0037917373701930046,-0.1810616821050644,0.0015357890166342258,0.0003300310345366597,-0.0002735696325544268,221.0,194.499,78.002,"0.02,0.06,-1.06,-0.91,-0.82,-0.16,100631,24.8"
32.12111080007162,0.055781733524054286,-0.004499018006026745,-0.18966831564903258,0.0010492027504369617,0.0004790660692378879,-8.209154475480319e-06,221.0,194.499,78.002,"0.02,0.06,-1.06,-0.97,-0.82,-0.10,100643,24.8"
32.215061200084165,0.07705784291028976,-0.02198654357343912,-0.16110135316848756,0.0005248022731393576,-0.0004446187638677657,-0.00026280488236807287,221.0,194.499,78.002,"0.02,0.06,-1.06,-0.91,-0.88,-0.16,100626,24.8"
32.3100879000267,0.07839751057326794,-0.06992504484951496,-0.17277098894119264,-0.0010951070231385528,-0.001788693992421031,0.0001625605160370469,221.0,194.499,78.002,"0.02,0.06,-1.06,-0.91,-0.88,-0.16,100628,24.8"
32.40504230000079,0.08083787858486176,-0.024364101141691206,-0.16732997298240662,0.0006396328564733267,-0.0008189948508515954,-0.000280758470762521,221.0,194.499,78.002,"0.02,0.05,-1.06,-0.85,-0.88,-0.10,100635,24.8"
32.499091000063345,0.03302358984947205,-0.01629504784941673,-0.23092619180679322,0.0005203359411098063,0.0009821744170039892,0.00036171977408230307,221.0,194.499,78.002,"0.02,0.06,-1.06,-0.85,-0.82,-0.16,100625,24.8"
32.594063300057314,0.06558229401707649,-0.06699370592832565,-0.1712007999420166,-0.0010629450203850864,-0.0014293757500126957,0.00030825977446511386,221.0,194.185,78.002,"0.02,0.06,-1.06,-0.66,-1.18,-0.16,100640,24.8"
32.69113050005399,0.059351683035492896,0.011953026056289673,-0.09665364176034927,0.0015817339066416026,0.0004049466107971966,-0.00027431266789790243,221.0,194.001,78.002,"0.03,0.06,-1.06,-1.09,-0.76,-0.10,100621,24.8"
32.786074300063774,0.04251117333769798,-0.023085079900920392,-0.14652481228113173,0.0003314891248010099,-2.6106135919690132e-05,0.00035607860772870483,221.0,193.999,78.002,"0.02,0.05,-1.06,-1.03,-0.76,-0.16,100624,24.8"
32.8800558000803,0.0656062975525856,-0.00446898378431797,-0.10744492262601853,0.0010013450169935822,-2.3724755737930537e-05,-0.0002597797734779306,221.0,193.999,78.002,"0.02,0.05,-1.06,-1.03,-0.76,-0.16,100636,24.8"
32.97412560007069,0.04259069403633475,0.013537798449397087,-0.14373068809509276,0.0016982602654024958,0.0009771473705768585,-5.637090653181076e-05,221.0,193.999,78.002,"0.02,0.06,-1.06,-1.03,-0.82,-0.22,100628,24.8"
33.06807939999271,0.04858468100428581,-0.005655183829367161,-0.1446365311741829,0.0009486238704994321,0.00033934791572391986,0.00010185950668528676,221.0,193.999,78.002,"0.02,0.06,-1.06,-0.97,-0.82,-0.10,100626,24.8"
33.162057199981064,0.047541747242212294,0.01182009931653738,-0.14695111215114592,0.0016598199028521777,0.0008076961617916823,-9.55476425588131e-05,221.0,193.999,78.002,"0.03,0.06,-1.06,-1.09,-0.82,-0.16,100628,24.8"
33.258083300082944,0.07224923819303512,-0.01186410579830408,-0.11122130751609802,0.0008777432143688202,-0.0004842833848670125,-0.000301662614219822,221.0,193.999,78.002,"0.03,0.06,-1.06,-0.97,-0.82,-0.16,100629,24.8"
33.354089400032535,0.08123638480901718,-0.012845242768526078,-0.10493723973631859,0.0008262060116976499,-0.0007434289669618011,-0.0004341232270235196,221.0,193.999,78.002,"0.03,0.06,-1.06,-0.97,-0.88,-0.10,100637,24.8"
33.45108320005238,0.04225887265056372,0.008733100071549416,-0.1669644981622696,0.0015158594236709178,0.0007974467938765883,0.00010917207691818476,221.0,193.999,78.002,"0.02,0.06,-1.06,-0.91,-0.76,-0.10,100632,24.8"
33.545127500081435,0.05472532659769058,-0.0035311214625835417,-0.14552529156208038,0.0011374935624189676,0.0001131836324930191,-3.998132888227701e-06,221.0,193.999,78.002,"0.03,0.06,-1.06,-0.91,-0.82,-0.16,100630,24.8"
33.64110350003466,0.058451919350773096,-0.030976062081754206,-0.13109492063522338,5.078635876998305e-05,-0.00032188501209020617,-3.476230194792152e-05,221.0,193.999,78.002,"0.02,0.06,-1.06,-0.97,-0.76,-0.16,100622,24.8"
33.73609160003252,0.039012087509036064,-0.003897431027144194,-0.15105256140232087,0.0008983538951724768,0.0005746475420892238,0.0001521969519671984,221.0,193.657,78.002,"0.02,0.06,-1.06,-0.78,-1.06,-0.10,100630,24.8"
33.83407039998565,0.059102019481360915,-0.04222192578017712,-0.058343281410634516,-0.0006753705907613039,-0.0011429356643930077,0.0001242004393134266,221.0,193.501,78.002,"0.02,0.06,-1.06,-1.09,-0.76,-0.10,100629,24.8"
33.92909310001414,0.06598401479423047,-0.03652053009718657,-0.052825880236923695,-0.00024312951136380435,-0.0011281745508313179,-2.0009581930935383e-05,221.0,193.499,78.002,"0.02,0.06,-1.06,-1.15,-0.76,-0.10,100630,24.8"
34.02411890006624,0.04225633703172207,-0.011120237410068512,-0.09637602716684342,0.0006260684342123568,0.0002869962016120553,4.658018006011844e-05,221.0,193.499,78.002,"0.02,0.06,-1.06,-1.03,-0.76,-0.22,100629,24.8"
34.12013440008741,0.057811289094388485,-0.035940930247306824,-0.07651281766593457,-0.00018375242361798883,-0.0009154740255326033,6.079869344830513e-05,221.0,193.499,78.002,"0.02,0.06,-1.06,-1.03,-0.70,-0.10,100620,24.8"
34.21411400008947,0.052839281316846606,-0.024056765623390673,-0.0877019027248025,0.00027148330118507145,-0.0005992020480334759,1.6365526244044303e-05,221.0,193.499,78.002,"0.02,0.06,-1.06,-1.09,-0.76,-0.10,100630,24.8"
34.310124800074846,0.058418881893157956,-0.024257733672857284,-0.09199918210506439,0.00029425410320982337,-0.0008692509261891245,6.584175280295312e-05,221.0,193.499,78.002,"0.02,0.06,-1.06,-1.03,-0.76,-0.10,100630,24.8"
34.404111000010744,0.055826378241181376,-0.03207369409501552,-0.09432672560214997,-0.00010493480367586016,-0.0007486085174605251,9.900099248625339e-05,221.0,193.499,78.002,"0.02,0.06,-1.06,-1.03,-0.76,-0.10,100629,24.8"
34.501097599975765,0.03965238304808736,-0.03665681928396225,-0.10941019877791405,-0.0002139902557246387,-0.00024209297262132168,0.0002778880414552987,221.0,193.499,78.002,"0.02,0.05,-1.06,-1.09,-0.76,-0.16,100637,24.8"
34.59514680004213,0.06150840558111668,-0.016126040369272232,-0.07808767519891262,0.0006469058454968036,-0.0005512887262739241,-0.0001860051939729601,221.0,193.499,78.002,"0.03,0.06,-1.06,-1.03,-0.70,-0.16,100625,24.8"
34.68912840005942,0.054935760144144294,-0.0599612507969141,-0.08971839100122452,-0.0010119669372215868,-0.0012416126206517219,0.0002487936755642295,221.0,193.499,78.002,"0.02,0.06,-1.06,-1.09,-0.76,-0.16,100629,24.8"
34.785131599986926,0.0396141653880477,-0.030583199486136435,-0.11395717561244964,4.8133102245628835e-05,-0.00012910421937704087,0.00021771935280412436,221.0,193.499,78.002,"0.03,0.05,-1.06,-1.09,-0.76,-0.04,100620,24.8"
34.88114399998449,0.07618433833122254,-0.05364266149699688,-0.03125005848705768,-0.0006026912946254015,-0.0021178999450057745,-0.00012361521366983653,221.0,193.109,78.002,"0.02,0.05,-1.06,-0.97,-1.00,-0.10,100630,24.8"
34.97912370006088,0.05911787785589695,0.008006750047206879,-0.00037888102233409884,0.001306696911342442,-0.00021128712687641383,-0.0004439476935658604,221.0,193.001,78.002,"0.02,0.06,-1.06,-1.21,-0.64,-0.10,100630,24.8"
35.07414839998819,0.03287537512369454,0.01772097870707512,-0.055335475504398345,0.0013983562937937676,0.000972272758372128,-0.00016294569068122655,221.0,192.999,78.002,"0.02,0.05,-1.06,-1.21,-0.70,-0.16,100622,24.8"
35.16912139998749,0.03508123140782118,-0.03108051512390375,-0.058774005994200705,-0.00011588651686906814,-0.0004029759904369712,0.0002383245860983152,221.0,192.999,78.002,"0.02,0.06,-1.06,-1.15,-0.76,-0.10,100627,24.8"
35.2641706999857,0.04112176336348057,-0.010515198111534119,-0.04848515130579471,0.0006815936765633523,-0.0002692231675609946,-1.266378676518798e-05,221.0,192.999,78.002,"0.03,0.06,-1.06,-1.15,-0.70,-0.16,100627,24.8"
35.3591005000053,0.02576271090656519,-0.007309611327946186,-0.07731834016740322,0.0006541601149365305,0.0003843051381409168,0.0002338048623641953,221.0,192.999,78.002,"0.02,0.06,-1.06,-1.15,-0.76,-0.16,100620,24.8"
35.454122100025415,0.0492668591439724,-0.01649194285273552,-0.042869033943861726,0.0003832626389339566,-0.00043203260283917186,-0.00010818403170560486,221.0,192.999,78.002,"0.02,0.05,-1.06,-1.15,-0.76,-0.16,100627,24.8"
35.549170800019056,0.05131772868335247,-0.04108712822198868,-0.0525456516072154,-0.00038633100921288134,-0.001248453138396144,0.00013013659627176822,221.0,192.999,78.002,"0.02,0.06,-1.06,-1.15,-0.70,-0.04,100631,24.8"
35.6441160000395,0.015853682719171047,-0.018079846864566207,-0.10141759961843491,0.00026555821532383563,0.0003754592500627041,0.00046706516004633156,221.0,192.999,78.002,"0.02,0.06,-1.06,-1.03,-0.82,-0.16,100629,24.8"
35.73809700005222,0.06895191930234432,-0.021488495543599127,-0.010021109133958817,0.000369198271073401,-0.0012070357333868742,-0.0003941787435906008,221.0,192.999,78.002,"0.02,0.06,-1.06,-1.15,-0.82,-0.10,100635,24.8"
35.833127700025216,0.021142426878213882,0.033451503794640305,-0.08648028001189231,0.0021031701704487204,0.0015262067317962646,-4.688738554250449e-05,221.0,192.999,78.002,"0.02,0.06,-1.06,-1.09,-0.76,-0.04,100623,24.8"
35.928166400059126,0.05675186086446047,-0.053947481140494344,-0.03530897796154022,-0.0008283542003482581,-0.0015614184085279703,0.0001286656246520579,221.0,192.999,78.002,"0.02,0.06,-1.06,-1.15,-0.76,-0.16,100627,24.8"
36.02312640007585,0.05505049396306276,-0.02832353115081787,-0.012012752331793308,3.159752814099193e-05,-0.0011863178573548795,-8.580146823078394e-05,221.0,192.597,78.002,"0.02,0.06,-1.06,-1.09,-0.88,-0.16,100631,24.8"
36.120119899977,0.06661165207624435,-0.04881329797208309,0.04188287872821093,-0.0007787122391164303,-0.0021932310075499116,-0.00025903446367010475,221.0,192.501,78.002,"0.03,0.06,-1.06,-1.15,-0.70,-0.10,100629,24.8"
36.215132500045,0.05959980264306068,-0.02788279317319393,0.03654530122876167,-9.515398414805532e-05,-0.0015522063011303544,-0.00032273199176415803,221.0,192.499,78.002,"0.03,0.06,-1.06,-1.21,-0.70,-0.10,100632,24.8"
36.31116939999629,0.05065167173743248,-0.04766576047986746,0.010051480308175088,-0.0008678667945787311,-0.0018086180672980845,2.1895102690905333e-05,221.0,192.499,78.002,"0.02,0.05,-1.06,-1.15,-0.76,-0.16,100639,24.8"
36.406116000027396,0.0401221863925457,-0.009839745797216892,-0.008684484520927072,0.0005362102878279984,-0.0005418218905106186,-0.00012422038707882166,221.0,192.499,78.002,"0.03,0.06,-1.06,-1.21,-0.70,-0.16,100629,24.8"
36.50015420001,0.023222207836806775,-0.03729816395789385,-0.029112998954951765,-0.000519751087995246,-0.0007513442891649902,0.00029785007936879995,221.0,192.499,78.002,"0.02,0.05,-1.06,-1.21,-0.70,-0.10,100627,24.8"
36.594131499994546,0.05110431350767612,-0.007511405274271965,0.013370350748300553,0.0006843024631962181,-0.0008469662396237254,-0.0003222663654014468,221.0,192.499,78.002,"0.02,0.05,-1.06,-1.15,-0.70,-0.10,100632,24.8"
36.689160000067204,0.037601091898977757,-0.002713407389819622,-0.02128482572734356,0.0006077464786358178,-0.00031854428816586734,-0.00011414297623559832,221.0,192.499,78.002,"0.02,0.06,-1.06,-1.21,-0.70,-0.04,100633,24.8"
36.783140500076115,0.03400978054851293,-0.019384508579969408,-0.019581932947039603,0.00012966360663995146,-0.0005739205633290112,-3.2438780181109906e-06,221.0,192.499,78.002,"0.02,0.06,-1.06,-1.15,-0.82,-0.10,100625,24.8"
36.87916980008595,0.06191014088690281,-0.05323964282870293,0.01194700263440609,-0.0009115119813941419,-0.0024864312377758323,-3.147367388010025e-05,221.0,192.499,78.002,"0.02,0.05,-1.06,-1.15,-0.70,-0.16,100633,24.8"
36.97515920002479,0.018639450147747993,0.015126645192503929,-0.03177803442813456,0.001346659241244197,0.0007857900578528643,-8.936066296882927e-05,221.0,192.499,78.002,"0.02,0.05,-1.06,-1.09,-0.76,-0.10,100630,24.8"
37.06916439998895,0.02927930001169443,-0.0028026752173900605,-0.02766656270250678,0.000677720457315445,-0.0001494320807978511,-1.0093362652696669e-05,221.0,192.499,78.002,"0.02,0.06,-1.06,-1.27,-0.76,-0.10,100632,24.8"
37.16613370005507,0.017558991443365812,-0.01114459875971079,-0.02173412013798952,0.00024165181675925851,-4.048831760883331e-06,0.0001977444509975612,221.0,192.0895,78.002,"0.02,0.05,-1.06,-1.21,-0.70,-0.16,100633,24.8"
37.26116350002121,0.03497419133782387,-0.007623570598661899,0.040472557209432124,0.00035145420115441085,-0.0008608186588389799,-0.0002564166090451181,221.0,192.001,78.002,"0.02,0.05,-1.06,-1.21,-0.76,-0.16,100628,24.8"
37.35611729999073,0.034397832676768304,0.009137783013284207,0.035843680053949355,0.0009305666084401309,-0.00051163753378205,-0.00041608172468841074,221.0,191.999,78.002,"0.02,0.06,-1.06,-1.27,-0.64,-0.16,100633,24.8"
37.4521654000273,0.01944090351462364,-0.023305213451385497,0.011017129942774772,-0.00032606606837362053,-0.0008345239097252488,6.608899566344917e-05,221.0,191.999,78.002,"0.03,0.06,-1.06,-1.21,-0.70,-0.16,100633,24.8"
37.54715990007389,0.01869079452008009,-0.009548673778772354,-0.0011069882661104203,0.0001309532904997468,-0.0007805555127561092,8.470625034533441e-05,221.0,191.999,78.002,"0.03,0.06,-1.06,-1.15,-0.70,-0.10,100625,24.8"
37.642159400042146,-0.017124968767166137,0.03541258852928877,-0.0424671511631459,0.0015639717297744938,0.00154571202583611,0.00013525285758078098,221.0,191.999,78.002,"0.02,0.06,-1.06,-1.21,-0.76,-0.16,100629,24.8"
37.736167300026864,0.024803561717271806,-0.020574207231402398,0.010330696403980256,-0.0001924840616993606,-0.0010566064418526366,2.0249595399945976e-05,221.0,191.999,78.002,"0.02,0.05,-1.06,-1.27,-0.70,-0.16,100625,24.8"
37.83014870004263,0.017079449817538263,0.00902419351041317,0.003455536160618067,0.0009065919672138989,-0.00017831959703471512,-0.0001188355206977576,221.0,191.999,78.002,"0.02,0.05,-1.06,-1.33,-0.70,-0.10,100625,24.8"
37.92616300005466,0.030328641459345818,-0.03263974320143461,0.017945112101733683,-0.0005605838145129382,-0.0015272085671313106,3.8592342752963306e-05,221.0,191.999,78.002,"0.02,0.05,-1.06,-1.27,-0.76,-0.16,100619,24.8"
38.02014749997761,0.017631796933710576,0.0033072982914745808,0.0034384064376354216,0.00047299234429374335,-0.00030747535638511183,-5.7524882140569386e-05,221.0,191.999,78.002,"0.02,0.05,-1.06,-1.21,-0.64,-0.16,100629,24.8"
38.11516330006998,0.021405962854623796,-0.016600638255476953,0.0077086731791496275,-0.00014631766243837773,-0.0008215554524213075,-2.0996289094910025e-06,221.0,191.999,78.002,"0.02,0.06,-1.06,-1.21,-0.70,-0.10,100623,24.8"
38.210119800060056,0.011987023800611497,0.012290267646312714,-0.011922800168395042,0.0009555123280733824,1.955786719918251e-05,3.2298790756613017e-06,221.0,191.999,78.002,"0.03,0.05,-1.06,-1.27,-0.70,-0.10,100617,24.8"
38.30515180004295,0.03892633821815252,-0.04175369143486023,0.04092911630868912,-0.0009375015739351511,-0.0020946085453033446,-7.818871818017214e-05,221.0,191.597,78.002,"0.02,0.05,-1.07,-1.09,-0.94,-0.16,100634,24.8"
38.400192300090566,0.024782494828104972,0.0023577410727739336,0.021891961246728896,0.0003721515240613371,-0.0012193312402814626,-0.00030493004014715553,221.0,191.501,78.002,"0.02,0.05,-1.06,-1.15,-0.76,-0.10,100631,24.8"
38.494160200003535,0.006967700645327568,0.017814601957798003,0.009269588440656663,0.001012339862063527,-0.00023990052286535502,-0.00014909559686202556,221.0,191.499,78.002,"0.03,0.06,-1.06,-1.27,-0.76,0.03,100634,24.8"
38.589193299994804,0.026331588998436926,-0.02819097079336643,0.03532824814319611,-0.0004957443059538491,-0.00179955764033366,-0.00013539244537241757,221.0,191.499,78.002,"0.03,0.06,-1.06,-1.27,-0.76,-0.04,100628,24.8"
38.68415059999097,0.004740466177463531,0.015907231206074356,0.006727028638124466,0.0007693169405683875,4.922174848616123e-05,-0.000204833154566586,221.0,191.499,78.002,"0.02,0.06,-1.06,-1.27,-0.76,-0.10,100629,24.8"
38.78114530001767,-0.0004055928438901901,0.024066067626699807,-0.007967174425721169,0.0012462414946639911,-4.449344123713672e-05,-3.483650216367096e-05,221.0,191.499,78.002,"0.02,0.06,-1.06,-1.27,-0.70,-0.10,100627,24.8"
38.87617320008576,-3.449730575084686e-05,0.036074293218553065,-0.0018429936841130256,0.0015823550405912102,0.0004807483113836497,-0.0002276875136885792,221.0,191.499,78.002,"0.02,0.05,-1.06,-1.21,-0.70,-0.10,100627,24.8"
38.97113600000739,0.04391466975212097,-0.025883394293487072,0.05890113916248083,-0.000526247383095324,-0.0023061480256728827,-0.0003542205289704725,221.0,191.499,78.002,"0.02,0.05,-1.06,-1.21,-0.76,-0.16,100627,24.8"
39.06616889999714,0.005556991696357727,0.00040629357099533083,0.004346979781985283,0.00023963106796145439,-0.000571162044070661,4.184743738733232e-05,221.0,191.499,78.002,"0.02,0.05,-1.06,-1.27,-0.76,-0.10,100635,24.8"
39.161199400085025,-0.006444314494729042,-0.006705083698034286,-0.012849405966699123,1.4166196342557668e-05,-0.0001786883221939206,0.00019258601823821664,221.0,191.499,78.002,"0.02,0.06,-1.06,-1.21,-0.64,-0.10,100635,24.8"
39.25616019999143,0.014479997754096984,0.024031166918575764,0.022667922358959914,0.0012026664451695978,-0.00023878543288446963,-0.0003441023000050336,221.0,191.499,78.002,"0.02,0.05,-1.06,-1.21,-0.70,-0.10,100635,24.8"
39.351177699980326,0.025772636570036412,-0.03133887746371329,0.027582408860325813,-0.000872236571740359,-0.0018727387534454465,-1.2663257075473667e-05,221.0,191.499,78.002,"0.03,0.05,-1.06,-1.21,-0.76,-0.10,100635,24.8"
39.446147500071675,0.008311915770173072,0.015925171971321105,0.016499600000679494,0.0009654702967964113,-0.0004216947592794895,-0.00014737319434061648,221.0,191.069,78.002,"0.02,0.06,-1.06,-1.27,-0.70,-0.10,100635,24.8"
39.54418690002058,0.029570701718330383,-0.030211696028709413,0.04343515196815133,-0.0005664402386173605,-0.002001217752695084,-0.0001699372660368681,221.0,191.001,78.002,"0.03,0.06,-1.06,-1.21,-0.76,-0.04,100625,24.8"
39.639145000022836,0.011526967771351338,-0.018369628489017485,0.013533980026841164,-0.00032669841311872005,-0.0011458744527772069,5.348380072973668e-05,221.0,190.999,78.002,"0.03,0.06,-1.06,-1.27,-0.76,-0.10,100626,24.8"
39.73417619999964,0.00819881521165371,-0.019573987042531372,-0.005196091718971729,-0.0005640448885969818,-0.0012210540007799864,0.00019592907628975808,221.0,190.999,78.002,"0.03,0.06,-1.06,-1.21,-0.70,-0.10,100627,24.8"
39.8301819000626,-0.002832808531820774,-0.003483843430876732,-0.004866299033164978,2.3640715517103673e-05,-0.0003377791726961732,0.00010354393743909896,221.0,190.999,78.002,"0.03,0.06,-1.06,-1.27,-0.76,-0.10,100626,24.8"
39.92417330003809,0.006123789399862289,-0.018477614596486093,0.011369088292121887,-0.0003686637151986361,-0.0009132879786193371,9.804887231439352e-05,221.0,190.999,78.002,"0.02,0.06,-1.06,-1.27,-0.76,-0.10,100626,24.8"
40.02017320005689,0.007474301382899284,-0.02224132642149925,0.013335652137175202,-0.0004508580648689531,-0.0011272508883848787,5.9849489480257036e-05,221.0,190.999,78.002,"0.02,0.05,-1.06,-1.27,-0.70,-0.16,100625,24.8"
40.11415150004905,0.006938960775732994,0.02715519554913044,0.00222164208535105,0.00126669155433774,0.00014853202155791224,-0.0002209812286309898,221.0,190.999,78.002,"0.02,0.06,-1.06,-1.27,-0.70,-0.10,100635,24.8"
40.2091915999772,0.012858280539512634,-0.018420375324785708,0.006537420116364956,-0.00038900113431736825,-0.0011859750142320991,3.288881562184543e-05,221.0,190.999,78.002,"0.02,0.05,-1.06,-1.21,-0.70,-0.10,100634,24.8"
40.304221300059,-0.020747823640704155,0.01779043097048998,-0.04060870353132486,0.0006916881946381181,0.0006359786260873079,0.00023074038326740265,221.0,190.999,78.002,"0.02,0.05,-1.06,-1.27,-0.76,-0.16,100635,24.8"
40.39918629999738,-0.002838421240448952,-0.001496308296918869,-0.012640246748924255,0.0001462697982788086,-0.00034190338919870555,6.793193751946092e-05,221.0,190.999,78.002,"0.03,0.06,-1.06,-1.27,-0.70,-0.10,100626,24.8"
40.495209100074135,-0.003976834751665592,-0.014946281164884567,-0.017020953260362147,-0.00038245273754000664,-0.0005323330988176167,0.00023280294262804092,221.0,190.999,78.002,"0.02,0.06,-1.06,-1.21,-0.70,-0.04,100629,24.8"
40.59022760007065,0.006361715123057365,0.007881762087345123,0.0005846209824085236,0.0005953137471806258,-0.0006196917500346899,2.7027598116546868e-05,221.0,190.553,78.002,"0.03,0.05,-1.06,-1.27,-0.64,-0.10,100627,24.8"
40.68918230000418,0.005507386848330497,-0.001816084235906601,0.0014728935435414313,0.00029930999735370276,-0.0007052239612676203,7.2725914651528e-05,221.0,190.501,78.002,"0.02,0.05,-1.06,-1.27,-0.70,-0.10,100621,24.8"
40.78419500007294,-0.0038149427622556687,0.0038365598767995833,-0.010886665806174279,0.00041718382854014633,-0.00019827778451144695,9.925720805767924e-05,221.0,190.499,78.002,"0.02,0.05,-1.06,-1.21,-0.70,-0.16,100627,24.8"
40.88021089998074,0.02423272132873535,-0.029651623219251633,0.036755182594060895,-0.0006334073666948825,-0.0017346462002024055,-0.00012921508168801666,221.0,190.499,78.002,"0.02,0.05,-1.06,-1.27,-0.70,-0.10,100623,24.8"
40.97516750008799,0.017818893864750864,0.024178893119096757,0.022226070612668992,0.001195557531900704,-0.00018246002728119492,-0.00037854255642741916,221.0,190.499,78.002,"0.02,0.06,-1.06,-1.27,-0.70,-0.16,100635,24.8"
41.071181099978276,0.03090106099843979,-0.018708225525915622,0.04188345428556204,-0.0002311296877451241,-0.0016863387310877443,-0.00029637851403094826,221.0,190.499,78.002,"0.02,0.05,-1.06,-1.33,-0.70,-0.10,100626,24.8"
41.16522450000048,0.0035347089171409605,0.04337948709726334,0.0031276182271540165,0.0019156584050506354,0.00043320609256625175,-0.00029487057472579183,221.0,190.499,78.002,"0.02,0.05,-1.06,-1.33,-0.70,-0.10,100623,24.8"
41.260196699993685,-0.01692953296005726,0.002327764069195837,-0.02909407615661621,0.00029801451019011437,0.0001762402564054355,0.0003170172101818025,221.0,190.499,78.002,"0.02,0.05,-1.06,-1.27,-0.64,-0.16,100630,24.8"
41.35416420002002,0.04495889134705067,-0.029859768599271773,0.04851353466510773,-0.000514170533278957,-0.0028311614878475666,-0.00021090586669743062,221.0,190.499,78.002,"0.02,0.06,-1.06,-1.33,-0.70,-0.04,100637,24.8"
41.449191600084305,0.0029504358768463134,0.017519249767065048,-0.008338880259543657,0.0008792269043624401,-0.0002963943872600794,1.3585874694399535e-05,221.0,190.499,78.002,"0.03,0.06,-1.06,-1.27,-0.64,-0.10,100635,24.8"
41.545203800080344,0.019317718967795373,-0.012795419991016388,0.02761785574257374,-7.175989449024201e-05,-0.00123433789703995,-0.000147075520362705,221.0,190.499,78.002,"0.02,0.05,-1.06,-1.27,-0.70,-0.16,100627,24.8"
41.640232100035064,0.005113504081964493,0.04303624741733074,0.010069883801043034,0.0018179122358560561,0.0005862416583113372,-0.00037184905377216635,221.0,190.499,78.002,"0.02,0.05,-1.06,-1.21,-0.70,-0.10,100636,24.8"
41.737233599997126,0.04799084961414337,-0.010734639130532742,0.06604973152279854,3.385135205462575e-05,-0.002081135957268998,-0.0005858260323293507,221.0,190.037,78.002,"0.02,0.05,-1.06,-1.33,-0.70,-0.04,100628,24.8"
41.837244900059886,0.0059541817754507065,0.03131549954414368,0.01625533765181899,0.0014733774354681374,0.00024370932369492947,-0.00028934924630448223,221.0,189.999,78.002,"0.02,0.05,-1.06,-1.33,-0.76,-0.04,100636,24.8"
41.931216299999505,0.010379371792078018,-0.017914227023720742,0.01392950490117073,-0.00033662353525869547,-0.0010365538531914354,6.228465354070067e-05,221.0,189.999,78.002,"0.02,0.06,-1.06,-1.27,-0.64,-0.10,100623,24.8"
42.02617219998501,0.02255715262144804,-0.0016648072749376297,0.024201494455337525,0.0003069244907237589,-0.001237727631814778,-0.000207298606983386,221.0,189.999,78.002,"0.03,0.06,-1.06,-1.27,-0.76,-0.16,100635,24.8"
42.1212244000053,0.006554215773940086,0.014413855224847793,0.010987550392746926,0.0008533939020708203,-0.0002452582004480064,-0.00017265824717469514,221.0,189.999,78.002,"0.02,0.05,-1.06,-1.27,-0.70,-0.16,100635,24.8"
42.21624800004065,-0.016342459246516228,0.02697010152041912,-0.02788163498044014,0.001149879104923457,0.0007606158556882292,0.00011875462369062006,221.0,189.999,78.002,"0.02,0.05,-1.06,-1.33,-0.70,-0.10,100631,24.8"
42.31120200001169,0.005868502333760262,0.018083371967077256,0.0028832701966166495,0.0008921661297790706,-0.0001987093361094594,-0.00010302118025720119,221.0,189.999,78.002,"0.02,0.06,-1.06,-1.27,-0.70,-0.10,100627,24.8"
42.40622030000668,0.03601553551852703,-0.03837140575051308,0.061861906200647354,-0.0008260200382210314,-0.0021975142532028257,-0.00026684377226047216,221.0,189.999,78.002,"0.02,0.05,-1.06,-1.27,-0.70,-0.10,100627,24.8"
42.50223860004917,0.017632331885397434,0.00767023041844368,0.02581708151847124,0.0005283224978484214,-0.0007122709183022379,-0.00026261572493240236,221.0,189.999,78.002,"0.02,0.05,-1.06,-1.27,-0.70,-0.16,100623,24.8"
42.59621830005199,0.033603211492300035,-0.00046794358640909193,0.048384778946638105,0.00035957113723270593,-0.0013786647585220635,-0.0004132137924898416,221.0,189.999,78.002,"0.02,0.06,-1.06,-1.27,-0.76,-0.10,100640,24.8"
42.691236400045455,0.009391654655337334,-0.018237144127488135,0.000379423750564456,-0.00043248275178484616,-0.001141482882667333,0.0001267933170311153,221.0,189.999,78.002,"0.02,0.06,-1.06,-1.33,-0.64,-0.16,100627,24.8"
42.786210900056176,0.03706981651484966,-0.02350193038582802,0.05105867926031351,-0.0002773500396870077,-0.0021886469097808004,-0.00025572245940566065,221.0,189.999,78.002,"0.03,0.05,-1.06,-1.21,-0.76,-0.10,100623,24.8"
42.88523580005858,-0.03149382919073105,0.027526559447869657,-0.05562376528978348,0.001091761002317071,0.001241459179436788,0.0002915017947088927,221.0,189.533,78.002,"0.03,0.05,-1.06,-1.27,-0.76,-0.10,100629,24.8"
42.98425560002215,0.010924543440341949,0.009049559198319911,0.021268116682767867,0.0005324403347913176,-0.0002767463680356741,-0.00021941349841654302,221.0,189.499,78.002,"0.02,0.05,-1.06,-1.33,-0.76,-0.10,100629,24.8"
43.078224100056104,0.009215430915355682,-0.0001398939173668623,0.011592911183834076,0.00021097348653711378,-0.0006246635690331459,-0.00011264943750575185,221.0,189.499,78.002,"0.03,0.05,-1.06,-1.27,-0.76,-0.10,100627,24.8"
43.17426970007364,0.024558756873011588,0.008490214496850968,0.030196744948625565,0.0006611789227463305,-0.0009425764670595527,-0.000354838278144598,221.0,189.499,78.002,"0.02,0.05,-1.06,-1.33,-0.70,-0.04,100623,24.8"
43.26921440009028,0.037263338640332225,0.0066748691722750665,0.04768763314932585,0.000684235995868221,-0.0013924700615461916,-0.0005233644973486662,221.0,189.499,78.002,"0.02,0.06,-1.06,-1.33,-0.64,-0.10,100629,24.8"
43.364229700062424,0.032881502993404865,-0.03628297690302133,0.050524323154240845,-0.0008674535900354385,-0.0022550657391548156,-0.00022148658172227442,221.0,189.499,78.002,"0.02,0.05,-1.06,-1.27,-0.76,-0.04,100629,24.8"
43.45921510003973,0.025560521334409714,-0.038227690383791924,0.038587936013936994,-0.0009872987982816994,-0.0019737081602215767,-7.134809857234359e-05,221.0,189.499,78.002,"0.02,0.05,-1.06,-1.27,-0.76,-0.10,100629,24.8"
43.554263600031845,0.020624995231628418,0.03274126388132572,0.024320341646671295,0.0015143673692364246,-0.00010016474407166242,-0.00046994904114399104,221.0,189.499,78.002,"0.02,0.06,-1.06,-1.33,-0.76,-0.04,100632,24.8"
43.649266300024465,0.010738829523324967,-0.02791019433643669,0.0015470333397388457,-0.0006182334007462486,-0.0014989332936238497,0.00017205082112923265,221.0,189.499,78.002,"0.02,0.06,-1.06,-1.33,-0.76,-0.04,100637,24.8"
43.744211000041105,0.0013283301144838334,0.0074069112539291385,-0.00566327553242445,0.0005976788117550314,-0.00041220654966309664,7.355790585279464e-05,221.0,189.499,78.002,"0.02,0.06,-1.06,-1.33,-0.76,-0.10,100626,24.8"
43.84028240002226,0.016427458450198173,-0.0020379826426506044,0.028831003606319426,0.0002716627495829016,-0.0009799703489989041,-0.00018534482223913072,221.0,189.499,78.002,"0.02,0.05,-1.06,-1.27,-0.76,-0.10,100627,24.8"
43.93623470002785,0.009286396205425262,-0.0022867465391755103,0.0033194944262504578,0.00011934397043660283,-0.0005779440049082041,-6.365872104652226e-05,221.0,189.499,78.002,"0.02,0.05,-1.06,-1.27,-0.70,-0.10,100623,24.8"
44.03723200003151,0.02272660508751869,0.001204726193100214,0.029155071079730987,0.00039589057269040495,-0.0012914582155644893,-0.00022081605275161564,221.0,189.025,78.002,"0.02,0.06,-1.06,-1.27,-0.70,-0.04,100633,24.8"
44.13324280001689,-0.005950627103447914,0.020933876931667327,-0.008806133270263672,0.0009273097384721041,0.0004726688377559185,-4.134338814765215e-05,221.0,188.999,78.002,"0.02,0.05,-1.06,-1.27,-0.70,-0.10,100632,24.9"
44.22826270002406,0.024690651148557664,-0.021616407483816148,0.030958117544651033,-0.0004333257849793881,-0.001669532572850585,-0.00012685730471275746,221.0,188.999,78.002,"0.02,0.06,-1.06,-1.27,-0.70,-0.04,100633,24.8"
44.32323510001879,0.006050486862659454,-0.027076353132724763,-0.0038810161873698234,-0.0006821695831604301,-0.0013045896543189884,0.00019485424854792655,221.0,188.999,78.002,"0.02,0.05,-1.06,-1.27,-0.70,-0.16,100639,24.8"
44.418250099988654,0.008524504676461219,-0.04808133691549301,0.0008410535752773285,-0.0014967356692068279,-0.001997973909601569,0.00045886102016083895,221.0,188.999,78.002,"0.02,0.05,-1.06,-1.33,-0.76,-0.10,100629,24.8"
44.512231300002895,0.024105435609817503,0.009669286757707595,0.03454699367284775,0.0007488226983696222,-0.0008759827062021941,-0.0003821691672783345,221.0,188.999,78.002,"0.02,0.05,-1.06,-1.27,-0.76,-0.10,100635,24.8"
44.607285500038415,-0.010060427710413933,0.028982157167047263,-0.019125209422782063,0.001245806874067057,0.0005704884504666552,2.1739403018727897e-05,221.0,188.999,78.002,"0.02,0.06,-1.06,-1.33,-0.70,-0.10,100629,24.8"
44.702227500034496,0.013762514851987363,0.02228886792436242,0.012949957232922315,0.001002159551717341,-0.00035961270332336427,-0.00027342788816895334,221.0,188.999,78.002,"0.03,0.06,-1.06,-1.33,-0.70,-0.16,100631,24.8"
44.79823650000617,-0.02050358019769192,0.02064915243536234,-0.03237326489761472,0.0009007938555441797,0.0007073911488987506,0.00023246413911692798,221.0,188.999,78.002,"0.02,0.06,-1.06,-1.33,-0.70,-0.10,100632,24.8"
44.89221060008276,0.022977955266833307,-0.01964523121714592,0.026248775795102118,-0.0004155011381953955,-0.0014835293404757977,-9.835115051828324e-05,221.0,188.999,78.002,"0.02,0.05,-1.06,-1.27,-0.70,-0.10,100634,24.8"
44.98628399998415,0.016838420554995535,-0.022786333598196505,0.020597992837429045,-0.0005040119169279933,-0.00157450120896101,1.8359970999881627e-05,221.0,188.999,78.002,"0.03,0.06,-1.06,-1.27,-0.64,-0.10,100629,24.8"
45.08226830000058,-0.006307154521346092,0.03538304045796394,-0.016005332581698895,0.0014369071694090962,0.000539509509690106,-7.369923405349254e-05,221.0,188.999,78.002,"0.02,0.06,-1.06,-1.33,-0.70,-0.16,100638,24.8"
