Time(s),Fx,Fy,Fz,Tx,Ty,Tz,PosX,PosY,PosZ,SerialData
3.00002284348011e-07,0.016907082125544547,-0.028258712869137524,0.021875783801078796,-0.0006986816821154207,-0.0014886790653690697,1.685122842900455e-05,214.999,188.999,78.001,"0.02,0.06,-1.06,-4.26,-0.76,0.51,100641,24.8"
0.16897909995168447,0.0037069175392389297,0.005947524681687355,-0.000260249525308609,0.0005496871861396357,-0.00037501342012546957,-4.805093340110034e-05,214.999,189.445,78.001,"0.02,0.05,-1.06,-4.26,-0.82,0.45,100640,24.8"
0.27999139996245503,0.001547786220908165,0.03698138929903507,-0.002842651680111885,0.0015229024924337865,0.0008094829710898921,-0.00024474133097101,214.999,189.497,78.001,"0.03,0.06,-1.06,-4.32,-0.82,0.51,100626,24.8"
0.3759268999565393,0.007817976176738739,0.0012272465974092484,0.003727106750011444,0.0003642891941126436,-0.0007113691419363022,-1.282521989196539e-05,214.999,189.499,78.001,"0.02,0.06,-1.06,-4.26,-0.82,0.51,100637,24.8"
0.47002040001098067,0.00044565163552761077,0.030073536932468413,-0.010706313885748386,0.0013227369636297226,0.0005797711113700643,-0.00019365433836355806,214.999,189.499,78.001,"0.02,0.06,-1.06,-4.20,-0.82,0.45,100637,24.8"
0.5649806999135762,0.03068310543894768,-0.019875603541731835,0.0374179792124778,-0.0003600557567551732,-0.0018057976383715868,-0.000205765146529302,214.999,189.499,78.001,"0.02,0.06,-1.06,-4.32,-0.82,0.45,100642,24.8"
0.6589820999652147,-0.01642555110156536,0.031726380437612535,-0.028915127366781236,0.0012201948789879679,0.0008782659424468875,2.243649214506149e-06,214.999,189.499,78.001,"0.02,0.06,-1.06,-4.32,-0.82,0.45,100638,24.8"
0.7549916999414563,0.007414188981056213,-0.0006952658295631409,0.009671659767627716,0.0002188157057389617,-0.00030770712764933706,-0.00012002758448943495,214.999,189.499,78.001,"0.02,0.06,-1.06,-4.26,-0.76,0.45,100645,24.8"
0.8489695999305695,-0.0055745415389537815,0.032075187936425206,-0.012730390205979348,0.0013332841452211141,0.000933506089495495,-0.0001093190920073539,214.999,189.499,78.001,"0.02,0.06,-1.06,-4.26,-0.82,0.45,100643,24.8"
0.9439413999207318,-0.003188437595963478,0.00030045453459024427,-0.012108215689659118,0.0002742953816778027,-7.842613122193143e-05,8.984190644696355e-05,214.999,189.499,78.001,"0.02,0.06,-1.06,-4.20,-0.76,0.51,100645,24.8"
1.0379736999748275,-0.008189067803323269,0.0032896094024181368,-0.013932677730917931,0.00024127227952703835,4.035896854475141e-05,0.00018255863687954843,214.999,189.499,78.001,"0.03,0.06,-1.06,-4.14,-0.82,0.45,100635,24.8"
1.1339889999944717,0.017005234584212305,-7.745856419205666e-05,0.020201384369283915,0.0004067881312948884,-0.0008865031035384163,-0.00019592613098211585,214.999,189.499,78.001,"0.02,0.06,-1.06,-4.26,-0.76,0.45,100635,24.8"
1.228962799999863,0.02677243873476982,-0.03620753102004528,0.034623433649539945,-0.0008785455953329802,-0.0019002502551302314,-3.365775337442756e-05,214.999,189.499,78.001,"0.02,0.06,-1.06,-4.26,-0.76,0.45,100643,24.8"
1.3249672999372706,0.0008341275155544281,-0.0010937061160802841,-0.003474806994199753,0.0001846254919655621,-0.00016499472258146852,1.3867393136024475e-05,214.999,189.499,78.001,"0.02,0.06,-1.06,-4.20,-0.76,0.51,100641,24.8"
1.4950034999055788,0.006250296160578728,0.0007595257833600044,0.001666419953107834,0.0004395837371703237,-0.0006646935362368822,-2.7319963555783035e-05,214.999,189.945,78.001,"0.02,0.05,-1.06,-4.20,-0.82,0.45,100635,24.8"
1.6059853999176994,0.034083667770028116,-0.006632731109857559,0.04761711061000824,0.0002753483597189188,-0.001410267042228952,-0.00041875127353705464,214.999,189.997,78.001,"0.02,0.06,-1.06,-4.20,-0.82,0.51,100639,24.8"
1.7009449999313802,-0.01696659941226244,0.04206995377317071,-0.014388027973473072,0.001814265304710716,0.0013308675726875663,-0.00011569081689231098,214.999,189.999,78.001,"0.02,0.06,-1.06,-4.32,-0.82,0.39,100637,24.8"
1.7959981999592856,0.004529941454529762,0.03294247314333916,0.004826566483825445,0.0014061958179809153,0.0002849702083040029,-0.0002830147452186793,214.999,189.999,78.001,"0.03,0.06,-1.06,-4.20,-0.76,0.51,100639,24.8"
1.8910001999465749,-0.010037528723478318,0.005661632260307669,-0.026682174019515514,0.0003466959751676768,0.00021127343061380088,0.0001785623375326395,214.999,189.999,78.001,"0.03,0.06,-1.06,-4.26,-0.82,0.45,100637,24.8"
1.9859646999975666,-0.02091893181204796,0.004214019514620304,-0.041345295310020444,0.0003837193478830159,0.00022202923137228935,0.00044033892336301503,214.999,189.999,78.001,"0.03,0.06,-1.06,-4.32,-0.82,0.39,100641,24.8"
2.081961899995804,-0.0010236307978630065,-0.022770653665065765,-0.00785141997039318,-0.0005418079323135317,-0.0009144128300249577,0.00024151659454219043,214.999,189.999,78.001,"0.02,0.06,-1.06,-4.26,-0.82,0.45,100635,24.8"
2.1770423999987543,-0.007499045878648758,0.033859501034021376,-0.006179417483508587,0.0014196051168255508,0.0007060675416141748,-0.00013783167232759297,214.999,189.999,78.001,"0.02,0.06,-1.06,-4.26,-0.82,0.51,100636,24.8"
2.2719665999757126,0.013021823018789291,-0.02663491815328598,0.012293135188519955,-0.0006748336250893772,-0.0014102580258622765,0.00012134565040469169,214.999,189.999,78.001,"0.02,0.06,-1.06,-4.20,-0.76,0.45,100644,24.8"
2.366992399911396,0.010260217636823655,-0.002632717788219452,-0.0024069644510746,0.0002432316541671753,-0.0008803900331258774,5.3846597438678145e-05,214.999,189.999,78.001,"0.02,0.06,-1.06,-4.20,-0.70,0.45,100639,24.8"
2.462027099914849,-0.007984394393861293,0.06671034917235374,-0.004452024633064866,0.0028156249318271875,0.0013972108718007803,-0.0003399607114261016,214.999,189.999,78.001,"0.03,0.06,-1.06,-4.26,-0.76,0.45,100645,24.8"
2.5560119999572635,-0.018814466148614883,0.013189682364463806,-0.02900582328438759,0.0006194742803927511,0.0006149449764052406,0.00016089006094262005,214.999,189.999,78.001,"0.02,0.06,-1.06,-4.14,-0.76,0.45,100636,24.8"
2.6509636999107897,0.015052836760878563,0.012821026891469956,0.022524789348244666,0.0008298348286189139,-0.00039447457529604433,-0.0003047694161068648,214.999,189.999,78.001,"0.03,0.05,-1.06,-4.26,-0.82,0.51,100645,24.8"
2.8020352999446914,-0.0004150044173002243,-0.004808740317821502,-0.010581185668706894,0.00010029181139543652,-0.00044256835826672614,0.00011350290151312947,214.999,190.219,78.001,"0.03,0.06,-1.06,-4.26,-0.76,0.45,100643,24.8"
2.938008099910803,0.011214131489396095,-0.024732040613889693,0.013345453701913357,-0.0007731407880783081,-0.0010481366771273315,4.638549289666116e-05,214.999,190.497,78.001,"0.02,0.06,-1.06,-4.20,-0.82,0.51,100639,24.8"
3.032965299906209,0.015874323807656764,-0.0035966610070317984,0.02267657108604908,8.691284456290305e-05,-0.0006933623226359487,-0.00028611657035071403,214.999,190.499,78.001,"0.03,0.06,-1.06,-4.20,-0.82,0.51,100628,24.8"
3.1290228998987004,-0.005086711421608925,0.01613258458673954,-0.008269212767481804,0.0007457465049810708,0.0004956608114298433,-4.2915670201182364e-05,214.999,190.499,78.001,"0.02,0.06,-1.06,-4.20,-0.82,0.45,100644,24.8"
3.2239981999155134,0.037179245799779895,-0.021455241739749907,0.057010076381266116,-0.000196522829355672,-0.001945721823722124,-0.000319383543683216,214.999,190.499,78.001,"0.03,0.06,-1.06,-4.20,-0.82,0.45,100637,24.8"
3.320996499969624,-0.017408529296517372,0.008273119945079089,-0.020466817170381547,0.0003542420919984579,0.0006490333704277873,0.00018579558236524462,214.999,190.499,78.001,"0.02,0.06,-1.06,-4.26,-0.82,0.51,100626,24.8"
3.415986099978909,-0.015762919932603835,0.027706434577703477,-0.020895668491721153,0.001130496454425156,0.0009311535628512502,-1.9680033437907697e-05,214.999,190.499,78.001,"0.02,0.06,-1.06,-4.20,-0.76,0.39,100643,24.8"
3.5109955999068916,-0.025273238867521287,0.010280406475067139,-0.03339762417599559,0.0003959153895266354,0.0010324009694159032,0.0002117854543030262,214.999,190.499,78.001,"0.02,0.06,-1.06,-4.26,-0.76,0.45,100637,24.8"
3.607001799973659,0.04237626530230045,-0.018332958966493607,0.06387454643845558,-9.780219406820833e-05,-0.002048196061514318,-0.0004490488732699305,214.999,190.499,78.001,"0.02,0.06,-1.06,-4.26,-0.76,0.51,100635,24.8"
3.7020336999557912,0.0213225606828928,0.0002550564706325531,0.028509623371064663,0.00043179825879633424,-0.0010158085962757469,-0.0002544253075029701,214.999,190.499,78.001,"0.03,0.06,-1.06,-4.32,-0.82,0.51,100636,24.8"
3.796014199964702,-0.015163667127490043,0.009065917972475291,-0.01758071519434452,0.00041470215655863284,0.0005449523916468025,0.00014889590092934669,214.999,190.499,78.001,"0.02,0.05,-1.06,-4.14,-0.88,0.51,100635,24.8"
3.89096599991899,0.01844138726592064,-0.032944101840257645,0.02111288346350193,-0.0009048644045833498,-0.0015009535010904074,-3.8627919275313614e-05,214.999,190.499,78.001,"0.03,0.06,-1.06,-4.20,-0.82,0.51,100631,24.8"
3.9860234999796376,-0.01270996853709221,0.03752724509686232,-0.024028072506189345,0.0014299506845418363,0.0010809394880197942,-4.105031257495284e-05,214.999,190.499,78.001,"0.02,0.06,-1.06,-4.20,-0.76,0.45,100637,24.8"
4.117986499913968,0.027769194170832633,-0.037955937907099724,0.03421159386634827,-0.0010449962224811315,-0.001935716299340129,-0.00012850976781919599,214.999,190.731,78.001,"0.02,0.06,-1.06,-4.14,-0.82,0.51,100652,24.8"
4.2740334999980405,-0.01981751509010792,0.035762953385710713,-0.017762994952499868,0.0014039514702744783,0.001311166409868747,-4.998810472898185e-05,214.999,190.997,78.001,"0.02,0.06,-1.06,-4.20,-0.76,0.51,100635,24.8"
4.36899409990292,0.02856185510754585,-0.003630875749513507,0.04481030032038689,0.00015064110048115253,-0.0011490201111882925,-0.00039714968297630546,214.999,190.999,78.001,"0.02,0.06,-1.06,-4.26,-0.76,0.45,100629,24.8"
4.464037199970335,-0.016505682840943336,0.015798918902873993,-0.03024156838655472,0.000708085426595062,0.0005711906764190644,0.00021373018389567733,214.999,190.999,78.001,"0.02,0.05,-1.06,-4.20,-0.82,0.45,100631,24.8"
4.559000500012189,0.04052043743431568,-0.01771984566003084,0.06502804383635521,-0.00011831893352791667,-0.0018815108109265567,-0.0004260819812770933,214.999,190.999,78.001,"0.02,0.06,-1.06,-4.14,-0.82,0.45,100639,24.8"
4.653037899988703,-0.012687330693006515,0.017306610941886902,-0.014672236889600754,0.0007752659672405571,0.0006606910028494895,-2.249827957712114e-06,214.999,190.999,78.001,"0.02,0.06,-1.06,-4.26,-0.76,0.51,100626,24.8"
4.749046199955046,-0.010426429286599159,0.011761769652366638,-0.023858434078283607,0.0004601247957907617,0.0003572697285562754,8.881115936674178e-05,214.999,190.999,78.001,"0.02,0.05,-1.06,-4.20,-0.82,0.45,100626,24.8"
4.8430146999889985,0.004734203219413757,0.025597342103719712,0.0025318335741758347,0.001138244231697172,0.0003273524343967438,-0.000248765479773283,214.999,190.999,78.001,"0.02,0.06,-1.06,-4.20,-0.82,0.39,100637,24.8"
4.93805210001301,0.015326212346553802,-0.010910272598266602,0.023432499542832375,-0.00015747641446068884,-0.0009406834375113249,-0.00015172563144005835,214.999,190.999,78.001,"0.03,0.06,-1.06,-4.14,-0.82,0.39,100643,24.8"
5.032024499960244,0.0170689906924963,-0.011676134169101715,0.02419079951941967,-0.0001489235321059823,-0.0010701664956286549,-0.00013595579657703637,214.999,190.999,78.001,"0.02,0.06,-1.06,-4.26,-0.76,0.45,100634,24.8"
5.126980599947274,-0.0190124224871397,0.014031702280044555,-0.030969774723052977,0.0006085031200200319,0.0006822487339377403,0.00018718387000262737,214.999,190.999,78.001,"0.02,0.06,-1.06,-4.26,-0.82,0.45,100643,24.8"
5.222017199965194,0.00861189104616642,0.0006035886239260435,0.01375969760119915,0.0002628109883517027,-0.00043534000869840386,-0.00010538055212236941,214.999,190.999,78.001,"0.02,0.06,-1.06,-4.20,-0.76,0.45,100635,24.8"
5.317045499919914,0.02546011470258236,-0.03684158753603697,0.031919896602630615,-0.000985088141169399,-0.0020256536081433296,-2.4785229470580815e-06,214.999,190.999,78.001,"0.02,0.06,-1.06,-4.20,-0.82,0.45,100631,24.8"
5.4480489999987185,0.005388445034623146,-0.017578429728746413,0.0013611207483336329,-0.00044418908655643465,-0.0007768294075503945,9.408337064087391e-05,214.999,191.025,78.001,"0.02,0.06,-1.06,-4.26,-0.76,0.51,100636,24.8"
5.598020299919881,0.0019678961485624312,-0.01693474519997835,-0.014430069923400879,-0.0004605466732755303,-0.0005369756137952209,0.0001662092807237059,214.999,191.493,78.001,"0.02,0.06,-1.06,-4.32,-0.82,0.45,100639,24.8"
5.695057999924757,0.01779462844133377,-0.0035368531942367555,0.002930615097284317,0.00020538130193017423,-0.0008231107145547867,-0.00016920644557103515,214.999,191.499,78.001,"0.02,0.06,-1.06,-4.26,-0.76,0.45,100639,24.8"
5.790051999967545,0.010930182039737701,0.016992152109742163,-0.00589490570127964,0.0008342899498529732,-8.97685531526804e-06,-0.0002636126126162708,214.999,191.499,78.001,"0.02,0.06,-1.06,-4.20,-0.76,0.45,100643,24.8"
5.8850579999852926,-0.010613105073571206,0.027340723015367985,-0.03771381853148341,0.0013052111433353275,0.0008176671108230948,3.898970317095518e-05,214.999,191.499,78.001,"0.02,0.06,-1.06,-4.26,-0.76,0.45,100636,24.8"
5.97999839996919,0.016350739821791648,-0.030223051458597182,0.009404144529253245,-0.0007326098741032184,-0.0013266460038721562,3.40306491125375e-05,214.999,191.499,78.001,"0.02,0.06,-1.06,-4.20,-0.82,0.45,100643,24.8"
6.074058400001377,0.03156782686710358,0.01433251854032278,0.03238695980980992,0.0009539074962958694,-0.0006707127788104117,-0.0005646820645779371,214.999,191.499,78.001,"0.02,0.05,-1.06,-4.26,-0.82,0.45,100629,24.8"
6.169012799975462,-0.0030395109206438065,0.00041904076933860777,-0.02880675275810063,0.0002854058679076843,-7.132005412131548e-05,0.00012058538850396871,214.999,191.499,78.001,"0.02,0.06,-1.06,-4.26,-0.82,0.39,100631,24.8"
6.264037199900486,0.011764632910490036,-0.011143602058291435,-0.011466376343742013,-0.00010433871648274362,-0.0007976675522513687,2.157083072233945e-05,214.999,191.499,78.001,"0.03,0.06,-1.06,-4.26,-0.82,0.51,100636,24.8"
6.3610398999881,0.022521433606743812,-0.034744462370872496,0.015129424817860126,-0.0009071592765394598,-0.00155782550573349,-1.921823713928461e-05,214.999,191.499,78.001,"0.02,0.06,-1.06,-4.14,-0.76,0.51,100635,24.8"
6.457089599920437,0.0062256667762994765,0.0010365244001150132,-0.006047759763896465,0.00025427070213481786,-0.0001957272208528593,-1.5159370377659798e-05,214.999,191.499,78.001,"0.02,0.06,-1.06,-4.20,-0.76,0.51,100643,24.8"
6.551020599901676,0.005938241630792618,-0.0031235391274094582,-0.018496397137641906,2.031911863014102e-05,-0.00040730545297265055,4.270194913260639e-05,214.999,191.499,78.001,"0.02,0.06,-1.06,-4.26,-0.76,0.51,100635,24.8"
6.646092799957842,-0.017368979193270205,0.05613706633448601,-0.051659045903943476,0.0020979496999643742,0.0016685206210240722,-4.4559146044775846e-05,214.999,191.499,78.001,"0.02,0.06,-1.06,-4.14,-0.82,0.51,100639,24.8"
6.779069699929096,0.007205236330628395,-0.008691443968564272,-0.01252710483968258,-7.4329087510705e-05,-0.0004406668216688558,1.3189029414206743e-05,214.999,191.663,78.001,"0.02,0.06,-1.06,-4.57,-0.70,0.51,100647,24.8"
6.928064999985509,0.030654082261025905,0.011418076604604721,-0.03028494641184807,0.0008043812122195959,-0.0006352834403514862,-0.0003065064433030784,214.999,191.997,78.001,"0.02,0.06,-1.06,-4.20,-0.82,0.51,100638,24.8"
7.02301979996264,0.02930542267858982,-0.03684266246855259,-0.04330689632333815,-0.0011057060328312218,-0.001543358340859413,3.07224050629884e-05,214.999,191.999,78.001,"0.02,0.06,-1.06,-4.26,-0.76,0.39,100637,24.8"
7.120011699968018,0.022420714795589446,0.00033953897655010224,-0.03306692484766245,0.0002708126150537282,-0.00044690021313726903,-0.00016340990259777755,214.999,191.999,78.001,"0.02,0.06,-1.06,-4.20,-0.88,0.39,100626,24.8"
7.215045299963094,0.016494594886898993,0.014421544224023818,-0.04839134663343429,0.0007831972558051348,-4.371220711618662e-05,-0.0001967515330761671,214.999,191.999,78.001,"0.02,0.06,-1.06,-4.20,-0.82,0.45,100626,24.8"
7.3110525999218225,0.013709121197462083,0.00542534664273262,-0.049848001822829245,0.0004374320968054235,-1.2846174649894238e-05,-0.00013186982832849025,214.999,191.999,78.001,"0.02,0.06,-1.06,-4.20,-0.76,0.45,100639,24.8"
7.406073999940418,0.011255821213126183,-0.007407321408390999,-0.060535547137260434,-0.0001058673718944192,-0.00040026719216257334,0.00011770844575949013,214.999,191.999,78.001,"0.02,0.06,-1.06,-4.20,-0.82,0.45,100640,24.8"
7.502033700002357,0.018233989365398884,-0.028978342562913893,-0.055838692933321,-0.0008157265605404973,-0.001203440991230309,0.0002051998919341713,214.999,191.999,78.001,"0.02,0.06,-1.06,-4.14,-0.82,0.45,100634,24.8"
7.5960835999576375,0.0024306949228048323,0.04198246821761131,-0.05783028975129127,0.001761985383927822,0.0009591236943379044,-0.00015064351609908044,214.999,191.999,78.001,"0.02,0.06,-1.06,-4.20,-0.82,0.39,100638,24.8"
7.6920831999741495,0.03393365629017353,-0.03340995768085122,-0.020042401179671286,-0.0009272709983633831,-0.0017517068947199732,-3.4584477543830874e-05,214.999,191.999,78.001,"0.02,0.06,-1.06,-4.14,-0.82,0.45,100647,24.8"
7.786054199910723,-0.006498916819691658,0.0027115657925605775,-0.08075216673314571,0.00010027296375483274,0.0004051933065056801,0.0002653200936038047,214.999,191.999,78.001,"0.02,0.06,-1.06,-4.20,-0.82,0.45,100643,24.8"
7.881090099923313,-0.018143173679709433,0.039049321133643386,-0.0908255010843277,0.0014222201323718763,0.0016558969160541891,0.0001300710253417492,214.999,191.999,78.001,"0.02,0.06,-1.06,-4.14,-0.88,0.45,100626,24.8"
7.974079199950211,0.011849062144756317,0.018787888064980506,-0.04812493734061718,0.0008700330101419241,0.000226365658454597,-0.000188136484939605,214.999,191.999,78.001,"0.02,0.06,-1.06,-4.14,-0.82,0.45,100643,24.8"
8.106070999987423,0.026760872080922128,-0.018925777450203896,-0.03595036594197154,-0.0003838078584522009,-0.0012080254731699825,-5.570302600972354e-05,214.999,192.173,78.001,"0.02,0.06,-1.06,-4.63,-0.57,0.51,100635,24.8"
8.256092399940826,0.022066529840230942,0.01668696030974388,-0.10566066354513168,0.0006717601791024208,0.00036959790159016845,-0.0001140190928708762,214.999,192.497,78.001,"0.03,0.06,-1.06,-4.08,-0.88,0.51,100635,24.8"
8.351043100003153,0.016565698198974133,-0.00028038350865244865,-0.12029445990920067,0.00012024929746985435,7.365285418927669e-05,0.00012304761330597102,214.999,192.499,78.001,"0.02,0.06,-1.06,-4.20,-0.82,0.39,100640,24.8"
8.445096999988891,0.0140475582331419,0.037544294446706775,-0.11807168573141098,0.0015188222983852028,0.0009381213923916221,-7.573777693323792e-05,214.999,192.499,78.001,"0.02,0.06,-1.06,-4.08,-0.82,0.39,100634,24.8"
8.540056600002572,0.045894765108823773,-0.0009508330374956131,-0.07015648186206817,0.0002448658924549818,-0.0008829433005303145,-0.0002587365102954209,214.999,192.499,78.001,"0.03,0.06,-1.06,-4.20,-0.82,0.39,100632,24.8"
8.635077399900183,0.03608520440757275,0.014444345515221358,-0.077916070073843,0.0006859561544843018,-5.327537073753774e-05,-0.00030595188727602365,214.999,192.499,78.001,"0.02,0.05,-1.06,-4.14,-0.88,0.33,100626,24.8"
8.730044399970211,-0.0044922962784767154,-0.01132684126496315,-0.13752084970474243,-0.0004957641416694969,0.0006188615690916777,0.00041941877570934595,214.999,192.499,78.001,"0.02,0.06,-1.06,-4.08,-0.82,0.39,100636,24.8"
8.82708029996138,0.026095813512802123,0.009230842255055905,-0.09347806200385093,0.0004562994232401252,7.417280576191843e-05,-0.00012547844089567662,214.999,192.499,78.001,"0.02,0.05,-1.06,-4.14,-0.82,0.33,100636,24.8"
8.923056099913083,0.01786249615252018,0.009135173028334975,-0.10994824133813381,0.0005318675190210343,9.779219981282949e-05,4.3804472079500555e-05,214.999,192.499,78.001,"0.02,0.06,-1.06,-4.14,-0.82,0.39,100629,24.8"
9.01807349990122,0.004549923166632652,0.007033149967901409,-0.11814943738281727,0.0003342119336593896,0.00048009890597313645,0.00019404958584345877,214.999,192.499,78.001,"0.02,0.06,-1.06,-4.14,-0.82,0.45,100639,24.8"
9.114090899936855,0.0616646334528923,-0.03301682732999325,-0.032167498394846915,-0.000781026016920805,-0.0021175181725993754,-0.0003276636824011803,214.999,192.499,78.001,"0.02,0.06,-1.06,-4.14,-0.88,0.45,100644,24.8"
9.210099099902436,0.013211951032280922,0.003268185071647167,-0.11605699323117732,0.0001560647739097476,0.0001691934186965227,0.00018605119839776307,214.999,192.499,78.001,"0.02,0.06,-1.06,-4.14,-0.82,0.39,100629,24.8"
9.306038799928501,0.03576209098100662,0.013754550740122795,-0.05977524816989899,0.0006798819755204022,-8.82803462445736e-05,-0.00040239964437205344,214.999,192.499,78.001,"0.02,0.06,-1.06,-4.20,-0.82,0.45,100639,24.8"
9.475068399915472,0.04791784174740314,-0.013599744066596031,-0.0960533618927002,-0.0003300438867881894,-0.0011975375004112721,-0.00012002450239378959,214.999,192.951,78.001,"0.02,0.06,-1.06,-4.26,-0.70,0.39,100641,24.8"
9.588056799955666,0.02251354455947876,0.029451381787657736,-0.18364970982074738,0.0010499491938389838,0.0009805591078475117,1.5106561477296054e-05,214.999,192.997,78.001,"0.02,0.06,-1.06,-4.14,-0.82,0.39,100633,24.8"
9.683103099931031,0.050926405005156994,0.01687791310250759,-0.12964826673269272,0.000734885735437274,-8.367557893507183e-05,-0.0003567818086594343,214.999,192.999,78.001,"0.02,0.06,-1.06,-4.14,-0.88,0.51,100637,24.8"
9.779074399964884,0.04732893407344818,0.01549135409295559,-0.13238059133291244,0.0007154165999963879,-0.00019427954684942962,-0.0002691705187316984,214.999,192.999,78.001,"0.02,0.06,-1.06,-4.08,-0.88,0.45,100636,24.8"
9.874116299906746,0.03983025439083576,0.005245992913842201,-0.14812662601470947,0.00021369789028540253,-0.00018207670655101538,-7.972965249791741e-05,214.999,192.999,78.001,"0.02,0.06,-1.06,-4.20,-0.82,0.45,100641,24.8"
9.96911069995258,0.04832127243280411,0.018612117506563663,-0.12196804881095887,0.0008006281219422817,-0.00010270485654473305,-0.0003067349549382925,214.999,192.999,78.001,"0.02,0.06,-1.06,-4.08,-0.94,0.45,100637,24.8"
10.064108199905604,0.03800349505618215,-0.013345516752451658,-0.14705791920423508,-0.0003123338392470032,-0.000604903930798173,0.00011582762817852199,214.999,192.999,78.001,"0.02,0.06,-1.06,-4.14,-0.88,0.45,100636,24.8"
10.159147199941799,0.03616778254508972,-0.03662269413471222,-0.1493132770061493,-0.001236016466282308,-0.0010795479640364647,0.000249511341098696,214.999,192.999,78.001,"0.03,0.06,-1.06,-4.14,-0.82,0.45,100631,24.8"
10.254101099912077,0.046247721649706364,-0.023120000399649142,-0.13266452848911287,-0.000508537603309378,-0.0010369511088356375,3.4913362469524145e-05,214.999,192.999,78.001,"0.02,0.06,-1.06,-3.96,-0.82,0.39,100643,24.8"
10.350098399911076,0.02641992662101984,0.006158738024532795,-0.16226855516433716,0.00037832207744941114,0.00026870390865951777,4.02911173296161e-05,214.999,192.999,78.001,"0.02,0.06,-1.06,-4.20,-0.88,0.39,100637,24.8"
10.444083699956536,0.057967855222523214,-0.03417717954143882,-0.11736603826284409,-0.0009373653563670814,-0.0015614214236848057,-6.424564635381103e-05,214.999,192.999,78.001,"0.02,0.05,-1.06,-4.14,-0.94,0.45,100645,24.8"
10.539104499970563,0.03301939871162176,0.023440326750278472,-0.1469816416501999,0.0009600719553418457,0.0003304688958451152,-0.00010312165832147003,214.999,192.999,78.001,"0.03,0.06,-1.06,-4.08,-0.82,0.33,100636,24.8"
10.634076499962248,0.04828618541359901,0.04058555625379086,-0.1129518762230873,0.0017826386727392673,0.00028081852360628545,-0.00047249279741663487,214.999,193.031,78.001,"0.02,0.06,-1.06,-4.32,-0.82,0.45,100632,24.8"
10.825108999968506,0.06918771211057902,-0.00031277509406208993,-0.19022807776927947,0.0001799684949219227,-0.0006261815433390439,-0.0002857556217350066,214.999,193.495,78.001,"0.02,0.06,-1.06,-3.35,-0.82,0.33,100643,24.8"
10.92512219992932,0.07193974740803241,0.0014298908412456513,-0.1965750962495804,0.00024436947423964737,-0.0006575035862624645,-0.0002337724668905139,214.999,193.499,78.001,"0.02,0.06,-1.06,-3.47,-0.88,0.33,100641,24.8"
11.019122899975628,0.06552938558161259,0.009356260672211647,-0.19396723806858063,0.0005288465064950288,-0.00038114055059850215,-0.0002895072306273505,214.999,193.499,78.001,"0.02,0.06,-1.06,-3.41,-0.88,0.27,100632,24.8"
11.114149399916641,0.06116594970226288,-0.01017425898462534,-0.19736290574073792,-6.38577388599515e-05,-0.0007905843434855342,-1.58073497004807e-05,214.999,193.499,78.001,"0.02,0.06,-1.06,-3.59,-0.82,0.27,100635,24.8"
11.210068499902263,0.04652252644300461,-0.01757434019818902,-0.21510423421859742,-0.00045364376273937523,-0.0006426949868910015,0.00021492146770469845,214.999,193.499,78.001,"0.02,0.06,-1.06,-3.53,-0.88,0.27,100642,24.8"
11.305128499981947,0.028511380404233934,0.010553481429815293,-0.2364138901233673,0.00035446573747321963,0.0008479944197461009,0.0002759576484095305,214.999,193.499,78.001,"0.02,0.06,-1.06,-3.47,-0.82,0.33,100632,24.8"
11.4001292999601,0.07750142812728882,-0.01048692986369133,-0.16428098380565642,-2.9902486130595207e-05,-0.0013864170643500984,-0.0002855792525224388,214.999,193.499,78.001,"0.03,0.06,-1.06,-3.53,-0.88,0.39,100634,24.8"
11.496069499989972,0.049323718436062335,0.010426637530326844,-0.1963619261980057,0.0005403882008977234,0.00014975530793890358,-0.00013952078588772566,214.999,193.499,78.001,"0.03,0.06,-1.06,-3.47,-0.82,0.39,100637,24.8"
11.591136200004257,0.05900088418275118,-0.029955933429300786,-0.18938209414482116,-0.000741200940683484,-0.0012410803698003291,0.00011664482299238444,214.999,193.499,78.001,"0.02,0.05,-1.06,-3.53,-0.82,0.33,100632,24.8"
11.68614289991092,0.05336671583354473,-0.021077262982726098,-0.2017265886068344,-0.0006134147872217,-0.0007452349993400276,9.986096993088722e-05,214.999,193.499,78.001,"0.02,0.06,-1.06,-3.53,-0.82,0.39,100640,24.8"
11.782142499927431,0.037509844917804,0.009592780098319053,-0.21248436868190765,0.0004046198562718928,0.0005754969664849341,8.418784418608993e-05,214.999,193.499,78.001,"0.02,0.06,-1.06,-3.41,-0.88,0.33,100632,24.8"
11.876113699981943,0.03356567211449146,0.04527612347155809,-0.2138207346200943,0.0016884977114386857,0.0014832539833150803,-0.0001575190501171164,214.999,193.499,78.001,"0.03,0.06,-1.06,-3.47,-0.82,0.27,100622,24.8"
12.009083799901418,0.05442185967694968,0.010255752503871918,-0.1970610111951828,0.0005011619650758803,0.00011613781098276376,-0.0001495630363933742,214.999,193.515,78.001,"0.02,0.06,-1.06,-3.47,-0.88,0.33,100638,24.8"
12.158116100006737,0.09036791920661927,-0.000500345230102539,-0.22670095264911652,0.000443485495634377,-0.0007810382288880646,-0.00036251279525458815,214.999,193.993,78.001,"0.02,0.06,-1.06,-0.78,-0.51,0.03,100637,24.8"
12.257078800001182,0.04584806263446808,-0.006495288014411927,-0.31634694933891294,-5.16219181008637e-05,0.00043047231156378984,0.00037429790245369077,214.999,193.999,78.001,"0.03,0.06,-1.06,-0.60,-0.57,0.03,100634,24.8"
12.353083099937066,0.06352433748543262,0.002919205650687218,-0.2751638740301132,0.0003113874816335738,0.00013789336662739515,-3.501464379951358e-05,214.999,193.999,78.001,"0.02,0.06,-1.06,-0.60,-0.64,0.15,100632,24.8"
12.44712799997069,0.07270025772741065,-0.002959856390953064,-0.25495476424694063,0.0001224930281750858,-0.00011379850329831242,-0.00017470306484028696,214.999,193.999,78.001,"0.02,0.06,-1.06,-0.60,-0.51,0.09,100631,24.8"
12.542101499973796,0.06765721961855889,0.0091508898884058,-0.2605938524007797,0.0006386702763848007,9.173164144158364e-05,-0.00012157341698184609,214.999,193.999,78.001,"0.02,0.06,-1.06,-0.42,-0.57,0.09,100630,24.8"
12.637118999962695,0.05698012411594391,-0.030340834707021713,-0.2794350802898407,-0.0009391065803356468,-0.0005084764445200563,0.0003599309013225138,214.999,193.999,78.001,"0.02,0.06,-1.06,-0.48,-0.51,0.03,100634,24.8"
12.73207959998399,0.07573779821395873,-0.04125528633594513,-0.24407454431056977,-0.0011822818545624615,-0.001322861248627305,0.00013291484792716802,214.999,193.999,78.001,"0.03,0.06,-1.06,-0.54,-0.45,0.15,100634,24.8"
12.82613219995983,0.07647098377346992,-0.0337522741407156,-0.26116955280303955,-0.000843166175764054,-0.0013942592777311802,0.00021563733462244273,214.999,193.999,78.001,"0.02,0.06,-1.06,-0.36,-0.51,0.03,100641,24.8"
12.921137199969962,0.06986022535711527,-0.0331240363419056,-0.250506329536438,-0.0008817658992484212,-0.0010897895786911248,0.00021205998491495847,214.999,193.999,78.001,"0.02,0.06,-1.06,-0.48,-0.51,0.03,100646,24.8"
13.017105299979448,0.07576595470309258,-0.018084352463483812,-0.23658885359764098,-0.0002913000993430614,-0.0008326396811753512,-5.582775338552892e-05,214.999,193.999,78.001,"0.02,0.06,-1.06,-0.42,-0.57,0.09,100647,24.8"
13.111144199967384,0.05627493634819984,0.0027126852422952653,-0.26739954948425293,0.0002631774405017495,0.00023235988337546586,9.798680257517844e-05,214.999,193.999,78.001,"0.03,0.06,-1.06,-0.36,-0.51,0.09,100630,24.8"
13.206112499930896,0.06710587814450264,0.005346421152353287,-0.2560232490301132,0.0004360900609754026,2.3764546494930982e-05,-0.00011498618114273995,214.999,194.035,78.001,"0.02,0.06,-1.06,-0.78,-0.27,0.09,100636,24.8"
13.306128299911506,0.07656311839818955,-0.009668523445725441,-0.35973098278045657,1.2541853357106447e-05,-4.327753558754921e-05,0.00020779147744178771,214.999,194.495,78.001,"0.02,0.06,-1.06,0.25,-0.57,-0.10,100634,24.8"
13.404117799946107,0.08561004176735879,0.0015467872843146324,-0.3597718238830566,0.0004593602614477277,-7.092577870935202e-05,3.8627811591140926e-05,214.999,194.499,78.001,"0.03,0.06,-1.06,0.38,-0.57,-0.04,100637,24.8"
13.499165899935178,0.07728618159890174,0.004497013427317143,-0.3458198130130768,0.0004794900305569172,0.00041039395146071913,8.68930364958942e-06,214.999,194.499,78.001,"0.02,0.06,-1.06,0.44,-0.51,-0.04,100628,24.8"
13.593097499920987,0.07589365690946578,0.004863408207893371,-0.34029096364974976,0.00045625362545251844,0.00034769009798765185,3.30425871652551e-05,214.999,194.499,78.001,"0.02,0.06,-1.06,0.31,-0.45,-0.04,100654,24.8"
13.688126099994406,0.0981871172785759,0.0010273944586515426,-0.30491084456443784,0.0005581647856160998,-0.0002589954761788249,-0.0003252316499128938,214.999,194.499,78.001,"0.02,0.06,-1.06,0.50,-0.51,-0.04,100636,24.8"
13.784136199974455,0.08354895785450936,-0.011183278821408748,-0.3286112606525421,-2.0838598720729352e-05,-0.000183269870467484,2.0852778106927873e-06,214.999,194.499,78.001,"0.02,0.06,-1.06,0.50,-0.51,-0.04,100646,24.8"
13.879103199928068,0.11435709148645401,-0.028459787741303443,-0.2840657949447632,-0.0006184795638546348,-0.001652666088193655,-0.00024407372111454607,214.999,194.499,78.001,"0.03,0.06,-1.06,0.44,-0.51,-0.04,100640,24.8"
13.973145799944177,0.07082289978861808,0.024669039249420165,-0.3373455584049225,0.0012554261600598692,0.0009300876408815384,-4.7058609197847545e-05,214.999,194.499,78.001,"0.02,0.06,-1.06,0.50,-0.51,-0.04,100639,24.8"
14.068104499951005,0.05878482460975647,0.019934574514627455,-0.36199195981025695,0.0008834711508825422,0.0011481212452054024,0.00019271380733698606,214.999,194.499,78.001,"0.02,0.06,-1.06,0.50,-0.45,-0.04,100644,24.8"
14.162169099901803,0.078532475233078,0.020985137671232224,-0.3229841411113739,0.001095489296130836,0.0007009842433035373,-0.00016278128605335952,214.999,194.499,78.001,"0.02,0.06,-1.06,0.50,-0.51,-0.04,100637,24.8"
14.256134899915196,0.0902770608663559,0.004153084009885788,-0.31470897793769836,0.0005230563227087259,-0.0004379769787192345,-0.0001279054005863145,214.999,194.499,78.001,"0.02,0.06,-1.06,0.50,-0.51,-0.04,100643,24.8"
14.350116799934767,0.06218918785452843,0.036564002931118014,-0.34046984314918516,0.001759350800421089,0.001360373105853796,-6.398215773515404e-05,214.999,194.541,78.001,"0.02,0.06,-1.06,0.01,-0.27,-0.04,100636,24.8"
14.450124699971639,0.11395198851823807,0.01909613199532032,-0.3926264584064484,0.0012416608165949582,0.0002070195274427533,-0.00036311812000349163,214.999,194.993,78.001,"0.02,0.06,-1.06,0.44,-0.57,-0.10,100663,24.8"
14.546154199982993,0.11761112213134765,-0.016135029122233392,-0.39515265822410583,7.727481424808502e-05,-0.0007409984478726983,-0.00014136467943899335,214.999,194.999,78.001,"0.02,0.06,-1.06,0.56,-0.64,-0.10,100628,24.8"
14.641156199970283,0.11707964688539504,-0.027585888281464577,-0.3873009324073792,-0.00044581489637494085,-0.0009806525660678745,-5.676936125382781e-05,214.999,194.999,78.001,"0.03,0.06,-1.06,0.68,-0.64,-0.16,100650,24.8"
14.735180799965747,0.10723902732133865,-0.015966617316007615,-0.39553369879722594,-7.866378873586655e-05,-0.0005356051027774811,2.594131510704756e-05,214.999,194.999,78.001,"0.02,0.06,-1.06,0.50,-0.51,-0.10,100631,24.8"
14.832136599929072,0.11119220852851867,-0.03790917955338955,-0.385166209936142,-0.0008138070115819573,-0.0011669181054458021,6.142157362774015e-05,214.999,194.999,78.001,"0.02,0.06,-1.06,0.80,-0.51,-0.10,100616,24.7"
14.927156499936245,0.11705585569143295,-0.006095791980624199,-0.3741727828979492,0.00037296013906598093,-0.0006516654975712299,-0.00013111827720422298,214.999,194.999,78.001,"0.02,0.06,-1.06,0.80,-0.57,-0.10,100642,24.8"
15.023183099925518,0.1048239916563034,-0.035913486033678055,-0.3985139191150665,-0.0007771399803459644,-0.001030708895996213,0.00024935940746217966,214.999,194.999,78.001,"0.02,0.06,-1.06,0.62,-0.51,-0.10,100637,24.8"
15.118157699937,0.12272954136133193,-0.03846895918250084,-0.35605657696723936,-0.0008578805020079017,-0.001526105566881597,-0.00010678704129531979,214.999,194.999,78.001,"0.02,0.06,-1.06,0.80,-0.64,-0.10,100625,24.8"
15.21414499997627,0.10399903059005737,0.014648066088557243,-0.38110820651054383,0.0009909651009365917,0.00023454937618225813,-0.00025237009685952216,214.999,194.999,78.001,"0.02,0.06,-1.06,0.80,-0.57,-0.16,100642,24.8"
15.309167800005525,0.11826803684234619,-0.011428847163915633,-0.3680159032344818,0.00025167211424559355,-0.000873521389439702,-0.00016840636380948125,214.999,194.999,78.001,"0.02,0.06,-1.06,0.80,-0.51,-0.10,100632,24.7"
15.404175799922086,0.09746852219104767,-0.04134181067347527,-0.3990778625011444,-0.000983593100681901,-0.0009182806126773358,0.0003151183016598225,214.999,194.999,78.001,"0.03,0.06,-1.06,0.80,-0.57,-0.04,100617,24.8"
15.499152299948037,0.062467703223228456,0.03277102746069431,-0.4506295084953308,0.0013705025776289403,0.0020420377142727373,0.0001952315855305642,214.999,195.101,78.001,"0.03,0.06,-1.06,-0.17,-0.09,-0.04,100717,24.7"
15.602184199960902,0.1020189344882965,-0.0028158977627754213,-0.5295733630657196,0.0004516971530392766,0.0008136311080306768,0.00022161767119541765,214.999,195.495,78.001,"0.02,0.06,-1.06,0.38,-0.64,-0.10,101065,24.8"
15.69615689991042,0.11993591487407684,-0.03560665473341942,-0.4965527832508087,-0.0006793919019401073,-0.0006448989268392324,0.00021635406883433462,214.999,195.499,78.001,"0.02,0.06,-1.06,0.62,-0.82,-0.16,100929,24.8"
15.790196299902163,0.10900942534208298,-0.002008495107293129,-0.49899193048477175,0.0004234542604535818,0.0005563388578593731,9.048394858837127e-05,214.999,195.499,78.001,"0.03,0.06,-1.06,0.68,-0.76,-0.10,100880,24.8"
15.885170099907555,0.12000066936016082,-0.005416297167539596,-0.4796505570411682,0.00044890791177749635,-0.00016052378341555596,4.337548743933439e-05,214.999,195.499,78.001,"0.02,0.06,-1.06,0.50,-0.70,0.03,100835,24.8"
15.98013759998139,0.10944796055555343,-0.008446147292852401,-0.48860039114952086,8.057625964283944e-05,0.000218915194272995,0.0001794758893083781,214.999,195.499,78.001,"0.03,0.06,-1.06,0.68,-0.70,-0.16,100819,24.8"
16.075158399995416,0.12455946952104568,-0.027038991451263428,-0.46240918040275575,-0.0004111586371436715,-0.0008444307139143347,0.00010026124073192477,214.999,195.499,78.001,"0.02,0.06,-1.06,0.74,-0.70,-0.10,100806,24.7"
16.17023629997857,0.12091346383094788,0.005319235473871231,-0.46537965536117554,0.0007460795575752854,0.00023703479673713445,-9.373743669129908e-05,214.999,195.499,78.001,"0.02,0.06,-1.06,0.68,-0.64,-0.04,100798,24.7"
16.265188599936664,0.14193358421325683,-0.04133393168449402,-0.4264262318611145,-0.000675215944647789,-0.0016062939539551735,-0.0001060068723745644,214.999,195.499,78.001,"0.02,0.06,-1.06,0.68,-0.70,-0.16,100783,24.8"
16.360172299901024,0.11570261269807816,0.008076784759759903,-0.4654118359088898,0.0007878831587731838,0.0004170778440311551,-7.840927573852242e-05,214.999,195.499,78.001,"0.02,0.06,-1.06,0.68,-0.76,-0.04,100792,24.8"
16.45416209998075,0.1289383977651596,-0.009637749940156936,-0.4469283759593964,0.00029392458964139223,-0.00045883976854383947,-0.00011899612145498395,214.999,195.499,78.001,"0.02,0.06,-1.06,0.74,-0.64,-0.10,100780,24.8"
16.549188699922524,0.1071867972612381,0.020512520894408227,-0.47663145065307616,0.0012413063552230597,0.0009741042507812381,-6.391676142811776e-05,214.999,195.499,78.001,"0.02,0.06,-1.06,0.86,-0.70,-0.10,100780,24.8"
16.6451953999931,0.14699807912111282,-0.04791722483932972,-0.41408535838127136,-0.0009557375917211175,-0.0017950022127479314,-0.00015626101521775125,214.999,195.585,78.001,"0.02,0.06,-1.06,-0.17,-0.15,0.03,100830,24.7"
16.742190399905667,0.13829358965158461,0.009616909548640251,-0.5866507291793823,0.0009856612654402853,0.0007371538784354925,-0.00015753941843286157,214.999,195.995,78.001,"0.03,0.06,-1.06,-0.11,-1.00,-0.10,101495,24.7"
16.837140299961902,0.12993490993976592,0.01945064514875412,-0.5837649345397949,0.0013738577952608466,0.0010260130511596799,-5.794830503873527e-05,214.999,195.999,78.001,"0.02,0.06,-1.06,0.25,-0.94,-0.10,101441,24.8"
16.93316589994356,0.12298891097307205,0.03854838870465756,-0.5840352773666382,0.002042963891290128,0.0017328272573649884,-0.00016989870928227902,214.999,195.999,78.001,"0.03,0.06,-1.06,0.38,-1.00,-0.10,101431,24.7"
17.029165199957788,0.1222037211060524,0.0020206615328788756,-0.5812493205070496,0.0007386736338958144,0.0008537861052900553,0.0001662422902882099,214.999,195.999,78.001,"0.02,0.06,-1.06,0.25,-0.88,-0.16,101415,24.7"
17.125189999933355,0.13024318516254424,-0.021506376937031745,-0.5620068907737732,-0.00023511527106165886,0.00010602516122162342,0.00019618403748609126,214.999,195.999,78.001,"0.03,0.06,-1.06,0.25,-0.82,-0.16,101390,24.7"
17.221196900005452,0.13437707722187042,-0.020453865826129913,-0.5549120247364044,-0.00013452665880322456,-0.00015793968923389913,0.00019048728863708676,214.999,195.999,78.001,"0.03,0.06,-1.06,0.44,-0.88,-0.04,101399,24.7"
17.316154500003904,0.14200059771537782,0.013055187463760377,-0.5312589645385742,0.0012422200292348863,0.00045294433366507294,-0.00025973469018936157,214.999,195.999,78.001,"0.02,0.06,-1.06,0.31,-0.76,-0.16,101390,24.7"
17.411177299916744,0.15329232364892958,-0.024310344457626344,-0.5237629532814025,-0.00013905814848840236,-0.0009519405197352171,-7.401939947158099e-05,214.999,195.999,78.001,"0.03,0.06,-1.06,0.44,-0.82,-0.16,101374,24.7"
17.506207200000063,0.11641107201576233,-0.012762061133980752,-0.5668623685836792,9.078779257833957e-05,0.0007710278499871492,0.00029695567209273575,214.999,195.999,78.001,"0.03,0.06,-1.06,0.50,-0.88,-0.16,101372,24.7"
17.600191399920732,0.1432755783200264,-0.015427898243069648,-0.5234012067317962,0.00016856046859174966,-0.00026646414771676065,-4.485708195716143e-05,214.999,195.999,78.001,"0.03,0.06,-1.06,0.44,-0.76,-0.16,101375,24.8"
17.695163199910894,0.151141357421875,-0.023491185531020163,-0.5167847514152527,-0.00017408691346645355,-0.0007812293246388435,-0.00012758687371388077,214.999,195.999,78.001,"0.02,0.06,-1.06,0.56,-0.88,-0.16,101369,24.7"
17.790183099918067,0.11149084120988846,-0.002892211079597473,-0.577199125289917,0.0004371704999357462,0.0008912297664210201,0.0002981716999784112,214.999,196.075,78.001,"0.02,0.06,-1.06,-0.54,-0.33,0.03,101396,24.7"
17.88521460001357,0.1611223429441452,-0.007924402877688409,-0.6653674960136413,0.0006901581771671772,6.628981791436672e-05,5.6139135267585516e-05,214.999,196.495,78.001,"0.02,0.06,-1.06,-0.72,-1.18,-0.04,102044,24.7"
17.98018429998774,0.1523160919547081,-0.006941097229719162,-0.6780726313591003,0.0005434846272692085,0.0004271327517926693,0.00022156343329697846,214.999,196.499,78.001,"0.02,0.06,-1.06,-0.48,-1.31,-0.10,101970,24.7"
18.076190499938093,0.14297408163547515,-0.016806024312973022,-0.6660360217094421,0.00019651534967124462,0.0005764664616435766,0.00029961986001580954,214.999,196.499,78.001,"0.03,0.06,-1.06,-0.42,-1.43,-0.04,101971,24.7"
18.17120449990034,0.15368311405181884,-0.005414386838674545,-0.6405723214149475,0.0006197050213813781,0.0003568811807781458,1.5001976862549782e-05,214.999,196.499,78.001,"0.03,0.06,-1.06,-0.54,-1.18,-0.10,101945,24.7"
18.266168499947526,0.17590971440076827,-0.01206742599606514,-0.6056702613830567,0.0004729288164526224,-0.0005708251148462296,-0.00019162246026098727,214.999,196.499,78.001,"0.02,0.06,-1.06,-0.30,-1.25,-0.10,101919,24.7"
18.36119339999277,0.17073332667350768,-0.03816031962633133,-0.606898558139801,-0.0005380141781643033,-0.000836336612701416,-2.241616602987051e-05,214.999,196.499,78.001,"0.03,0.06,-1.06,-0.30,-1.37,-0.10,101930,24.7"
18.456174599938095,0.15217942297458648,-0.02719845622777939,-0.6305654644966125,-0.00022006505168974398,-0.0001280405092984438,0.00021086789201945065,214.999,196.499,78.001,"0.02,0.06,-1.06,-0.48,-1.12,-0.10,101915,24.7"
18.551184099982493,0.17672532200813293,0.0040330618619918825,-0.5928429245948792,0.0010555128566920758,-0.000206247391179204,-0.0003810025635175407,214.999,196.499,78.001,"0.02,0.06,-1.06,-0.23,-1.25,-0.16,101911,24.7"
18.64622120000422,0.17383707463741302,-0.04673036187887192,-0.5979324817657471,-0.0007956916466355324,-0.0013889646157622336,0.00011460779933258891,214.999,196.499,78.001,"0.03,0.06,-1.06,-0.30,-1.31,-0.04,101915,24.7"
18.74223279999569,0.16779674887657164,-0.04852475970983505,-0.6014575242996216,-0.0008479323936626315,-0.0012254382949322463,0.0001523020095191896,214.999,196.499,78.001,"0.02,0.06,-1.06,-0.30,-1.25,-0.10,101895,24.7"
18.83718459994998,0.17612404972314835,-0.024326628446578978,-0.5785416483879089,0.00010607317090034485,-0.0009196514263749122,-0.00019266043091192842,214.999,196.499,78.001,"0.03,0.06,-1.06,-0.23,-1.18,-0.04,101896,24.7"
18.932214899919927,0.18403755128383636,-0.037228485196828844,-0.5675329685211181,-0.00033691241405904294,-0.0013380993623286486,-0.0002752828993834555,214.999,196.593,78.001,"0.02,0.06,-1.06,-1.52,-0.51,0.09,101955,24.7"
19.030200199922547,0.17238100469112397,-0.02501693367958069,-0.7732739567756652,-7.807789370417595e-05,0.00037500881589949133,0.00024842274142429234,214.999,196.995,78.001,"0.03,0.06,-1.06,-0.72,-1.18,-0.04,102514,24.7"
19.12417079997249,0.1950985908508301,-0.01738595440983772,-0.7339556217193604,0.0004001642111688852,-0.0003304070793092251,-3.992273705080152e-05,214.999,196.999,78.001,"0.03,0.06,-1.06,-0.60,-1.25,-0.10,102444,24.7"
19.22017240000423,0.17695051431655884,-0.01798357218503952,-0.7455163836479187,0.00032829889096319675,2.948748879134655e-05,0.00022491348208859564,214.999,196.999,78.001,"0.03,0.06,-1.06,-0.36,-1.43,-0.10,102455,24.7"
19.315205899998546,0.17500515580177306,-0.004968816787004471,-0.7232068300247192,0.0007025163620710372,0.0006498187314718962,4.298652056604624e-05,214.999,196.999,78.001,"0.02,0.06,-1.06,-0.66,-1.25,-0.04,102417,24.7"
19.410168499918655,0.18891216516494752,-0.03596446141600609,-0.7087430834770203,-0.0003678297158330679,-0.0007366397418081761,5.594866815954447e-05,214.999,196.999,78.001,"0.03,0.06,-1.06,-0.48,-1.37,-0.10,102399,24.7"
19.505243799998425,0.17699661254882812,-0.05699502304196358,-0.7221201419830322,-0.0012189130298793315,-0.0007557359524071217,0.0003870327258482575,214.999,196.999,78.001,"0.03,0.06,-1.06,-0.42,-1.31,-0.04,102408,24.7"
19.60024549998343,0.19771877825260162,-0.053360650688409804,-0.6903480052947998,-0.0009691684972494841,-0.0016070660203695297,0.00017532235942780973,214.999,196.999,78.001,"0.03,0.06,-1.06,-0.54,-1.31,-0.10,102387,24.7"
19.69518739997875,0.18516402542591096,-0.0330121673643589,-0.6931465029716491,-0.00028052576817572117,-0.00048436704091727736,1.664898591116071e-05,214.999,196.999,78.001,"0.03,0.06,-1.06,-0.42,-1.43,-0.10,102381,24.7"
19.79022610001266,0.1919425308704376,-0.04844666421413422,-0.6809841990470886,-0.0007921838434413076,-0.0011049546301364899,0.00011723315110430121,214.999,196.999,78.001,"0.03,0.06,-1.06,-0.36,-1.43,-0.10,102385,24.7"
19.885170899913646,0.19170153737068177,-0.02299027070403099,-0.6809490084648132,-1.0559102520346642e-06,-0.00037392093800008296,-0.00011193667305633425,214.999,196.999,78.001,"0.02,0.06,-1.06,-0.54,-1.31,-0.10,102379,24.7"
19.98118259990588,0.18272370398044585,0.011784324049949646,-0.6915410995483399,0.0013474674895405769,0.0005584968719631433,-0.00020220628939568997,214.999,196.999,78.001,"0.03,0.06,-1.06,-0.42,-1.43,-0.10,102371,24.7"
20.07722529990133,0.17702174186706543,-0.027075356990098953,-0.7073296546936035,-5.043195560574532e-05,-0.00042731114663183687,0.00021320238010957837,214.999,197.077,78.001,"0.03,0.06,-1.06,-1.64,-0.64,0.03,102407,24.7"
20.17222949990537,0.19070738852024077,0.0021149836480617522,-0.8776915073394775,0.0011418167501688003,0.0013465260155498982,7.8997400123626e-05,214.999,197.495,78.001,"0.03,0.06,-1.06,-0.72,-1.43,0.03,102954,24.7"
20.268235299969092,0.23804571926593782,-0.0361063539981842,-0.8038526177406311,-8.046170696616173e-05,-0.0010728980414569378,-0.00019897074671462178,214.999,197.499,78.001,"0.03,0.07,-1.06,-0.54,-1.37,-0.04,102893,24.7"
20.362212399952114,0.22154264748096467,-0.0049564652144908905,-0.8017775893211365,0.0010537486523389816,0.00012729386799037457,-0.0002562458743341267,214.999,197.499,78.001,"0.03,0.07,-1.06,-0.30,-1.49,-0.04,102879,24.7"
20.457247099955566,0.19776631593704225,-0.0035892538726329803,-0.8310725331306458,0.0008026801515370607,0.0006813358515501023,0.00015140927862375975,214.999,197.499,78.001,"0.03,0.07,-1.06,-0.60,-1.25,0.03,102838,24.7"
20.55122169991955,0.19588105976581574,-0.05260397791862488,-0.8260214567184448,-0.0009266974404454232,-0.00043268613517284394,0.0004536412889137864,214.999,197.499,78.001,"0.03,0.06,-1.06,-0.36,-1.37,-0.10,102841,24.7"
20.646187599981204,0.18965057134628296,0.004202207922935486,-0.8339088201522827,0.0010640746913850307,0.0010551330633461475,0.00017891989555209875,214.999,197.499,78.001,"0.02,0.06,-1.06,-0.42,-1.49,-0.10,102841,24.7"
20.740235399920493,0.20822525918483734,-0.04138490557670593,-0.7969295382499695,-0.0004170660860836506,-0.0006859155371785163,0.00020034188637509942,214.999,197.499,78.001,"0.03,0.07,-1.06,-0.42,-1.25,-0.10,102816,24.7"
20.8342127999058,0.20265843868255615,-0.029532555490732193,-0.7968992710113525,8.05174931883812e-06,-0.00016667116433382033,0.00018683301750570535,214.999,197.499,78.001,"0.03,0.06,-1.06,-0.36,-1.43,-0.10,102810,24.7"
20.929239799967036,0.19631734490394592,-0.017592460662126542,-0.8030904173851013,0.0002489261794835329,0.0004549659322947264,9.914630791172386e-05,214.999,197.499,78.001,"0.03,0.06,-1.06,-0.30,-1.37,-0.10,102814,24.7"
21.02525720000267,0.21614088416099547,-0.0445545069873333,-0.7812169671058655,-0.0006277405191212893,-0.001059379056096077,0.0001836844254285097,214.999,197.499,78.001,"0.03,0.06,-1.06,-0.48,-1.37,-0.16,102814,24.7"
21.1192264999263,0.19491016566753389,0.009096366167068482,-0.8022171378135681,0.0012156115379184484,0.0010667752474546432,-5.99568011239171e-06,214.999,197.499,78.001,"0.03,0.07,-1.06,-0.30,-1.37,-0.10,102805,24.7"
21.214266299968585,0.21344009637832642,-0.04820596352219582,-0.7736834287643433,-0.0006709424778819084,-0.0009930319152772426,0.00013679135590791703,214.999,197.541,78.001,"0.03,0.06,-1.06,-1.21,-0.94,-0.04,102814,24.7"
21.31124790001195,0.24281617403030395,-0.025736039876937865,-0.9538617491722107,0.0001594990026205778,0.00016660047695040702,2.0397361367940903e-05,214.999,197.995,78.001,"0.03,0.07,-1.06,0.31,-1.43,-0.16,103341,24.7"
21.41021020000335,0.2643545627593994,-0.056665729731321335,-0.922317624092102,-0.0008158483542501926,-0.0011915748007595539,5.5123982019722464e-05,214.999,197.999,78.001,"0.03,0.07,-1.06,0.68,-1.61,-0.16,103277,24.7"
21.504261099966243,0.24798811078071595,-0.03222663924098015,-0.92242990732193,2.9395613819360732e-05,-0.00026318887248635294,2.4975812993943692e-05,214.999,197.999,78.001,"0.03,0.07,-1.06,0.86,-1.61,-0.22,103274,24.7"
21.599255899898708,0.21402636766433716,0.005875980108976364,-0.9585315704345703,0.001093764929100871,0.0014703555032610893,0.00026915493654087184,214.999,197.999,78.001,"0.03,0.07,-1.06,0.62,-1.37,-0.16,103242,24.7"
21.69527369993739,0.20733498632907868,-0.00896579921245575,-0.9653980970382691,0.0006433535367250442,0.0011883378960192204,0.00041564095299690963,214.999,197.999,78.001,"0.03,0.07,-1.06,0.68,-1.55,-0.16,103225,24.7"
21.790257199900225,0.257409131526947,0.011087673902511596,-0.8775688052177429,0.001634477823972702,0.00020428495481610297,-0.0004164153942838311,214.999,197.999,78.001,"0.03,0.07,-1.06,0.80,-1.61,-0.28,103234,24.7"
21.884229499963112,0.2513619035482407,-0.034690000116825104,-0.8828901886940003,-0.00011215661652386189,-0.0006346029229462146,-3.014530520886183e-05,214.999,197.999,78.001,"0.03,0.07,-1.06,0.56,-1.43,-0.16,103206,24.7"
21.980240599950776,0.23474570512771606,-0.03098343014717102,-0.9022747635841369,-0.0001418608706444502,-0.00019338997080922126,0.00021101820748299361,214.999,197.999,78.001,"0.03,0.07,-1.06,0.80,-1.55,-0.28,103206,24.7"
22.07520249998197,0.23900775313377381,-0.04410465583205223,-0.8844841837882995,-0.0005920655094087124,-0.0003916041925549507,9.045558981597423e-05,214.999,197.999,78.001,"0.03,0.07,-1.06,0.80,-1.61,-0.22,103210,24.7"
22.170235299970955,0.2212883710861206,-0.023041489720344543,-0.9007086753845215,0.00019444529898464679,0.0005594656802713871,0.00011192009551450611,214.999,197.999,78.001,"0.03,0.07,-1.06,0.74,-1.55,-0.16,103189,24.7"
22.266241499921307,0.23271340727806092,-0.009920719265937804,-0.8874744653701783,0.0007334645837545395,0.0004695401526987553,5.648040678352118e-06,214.999,197.999,78.001,"0.03,0.07,-1.06,0.80,-1.55,-0.16,103191,24.7"
22.361272999900393,0.24263510406017302,-0.01791713237762451,-0.8864354968070984,0.00043947603553533553,9.241141378879547e-06,-0.00011043837293982506,214.999,198.075,78.001,"0.03,0.07,-1.06,-0.78,-0.57,0.03,103245,24.7"
22.461224299971946,0.2758861482143402,0.0167416088283062,-1.1039583206176757,0.002026521973311901,0.0014210641384124756,-9.191383142024279e-05,214.999,198.495,78.001,"0.03,0.07,-1.06,0.50,-1.49,-0.04,103712,24.7"
22.55722859990783,0.29558665454387667,0.0020385406911373138,-1.0561007738113404,0.0014013854321092366,0.00035780370235443114,-0.00027195620350539684,214.999,198.499,78.001,"0.03,0.07,-1.06,0.74,-1.55,-0.16,103645,24.7"
22.65129289997276,0.26339420676231384,-0.04128196015954018,-1.0866685867309571,-0.00032094302587211133,5.9312302619218825e-05,0.0005743959918618202,214.999,198.499,78.001,"0.03,0.07,-1.06,1.17,-1.67,-0.10,103633,24.7"
22.74524429999292,0.27420434951782224,-0.03237060979008675,-1.0453213453292847,8.889869786798954e-05,0.00010915910825133323,0.000246644695289433,214.999,198.499,78.001,"0.03,0.07,-1.06,0.68,-1.43,-0.10,103624,24.7"
22.841268299962394,0.2811563044786453,-0.03848846033215523,-1.0307893633842469,-0.00032142791897058485,-0.0002824600785970688,0.00010877579916268587,214.999,198.499,78.001,"0.03,0.07,-1.06,1.05,-1.67,-0.10,103595,24.7"
22.936224499950185,0.28624855279922484,0.004790119826793671,-1.0078698635101317,0.0014218902215361595,0.0005925717763602733,-0.00037046847864985466,214.999,198.499,78.001,"0.03,0.07,-1.06,1.05,-1.79,-0.16,103597,24.7"
23.03162559994962,0.2784077525138855,-0.07757228761911392,-1.0179774045944214,-0.0017540742643177508,-0.0014665409922599792,0.0004799131536856294,214.999,198.499,78.001,"0.03,0.07,-1.06,0.86,-1.49,-0.10,103580,24.7"
23.127271999954246,0.2712167024612427,-0.01284133791923523,-1.0189960718154907,0.0006374815944582224,0.000500680599361658,-2.2996473126113416e-05,214.999,198.499,78.001,"0.03,0.07,-1.06,0.99,-1.67,-0.10,103585,24.7"
23.222226099926047,0.2963223695755005,-0.051964566111564636,-0.9757837653160095,-0.0006243983283638954,-0.001174547802656889,-0.0001128301490098238,214.999,198.499,78.001,"0.03,0.07,-1.06,1.11,-1.67,-0.10,103585,24.7"
23.318240399938077,0.28220575153827665,-0.029693672060966493,-0.9926518082618714,3.8171885535120964e-05,-3.586532548069954e-05,-8.448183070868254e-05,214.999,198.499,78.001,"0.03,0.07,-1.06,0.99,-1.55,-0.10,103568,24.7"
23.41522069997154,0.27388201355934144,-0.051474855095148084,-1.0127006888389587,-0.0007650925777852535,-0.0007210160605609417,0.00034373565576970575,214.999,198.499,78.001,"0.03,0.07,-1.06,1.05,-1.61,-0.10,103556,24.7"
23.510252599953674,0.28506909906864164,-0.046716544032096866,-0.9753005385398865,-0.00045477650128304957,-0.0008854706771671772,3.835984971374273e-05,214.999,198.3895,78.001,"0.03,0.07,-1.06,3.31,-3.38,-0.40,103516,24.7"
23.609283400001004,0.2069291055202484,-0.017995811253786086,-0.7938912034034729,3.856001421809197e-06,0.00042259860783815383,0.00023181585129350424,214.999,198.003,78.001,"0.03,0.07,-1.06,0.62,-1.43,-0.04,102955,24.7"
23.704247699934058,0.23029204607009887,-0.011717887222766876,-0.7593993186950684,0.0004273110069334507,-0.0001846292056143284,-0.00016050402773544193,214.999,197.999,78.001,"0.03,0.07,-1.06,0.74,-1.55,-0.16,102998,24.7"
23.79926739993971,0.24258171916007995,-0.026898499578237534,-0.756075656414032,2.2985972464084624e-06,-0.0009215601719915866,-0.00019906123634427786,214.999,197.999,78.001,"0.03,0.07,-1.06,0.68,-1.43,-0.10,102998,24.7"
23.89423639990855,0.2334686577320099,-0.037714023143053055,-0.7759974718093872,-0.0004481304902583361,-0.0009947837330400943,-1.964863622561097e-05,214.999,197.999,78.001,"0.03,0.07,-1.06,0.92,-1.55,-0.16,103006,24.7"
23.989271999918856,0.23887394666671752,-0.02934242635965347,-0.7794822812080383,-0.00012354450300335884,-0.000751686654984951,-0.00015694212634116412,214.999,197.999,78.001,"0.03,0.07,-1.06,0.86,-1.49,-0.16,103022,24.7"
24.08323210000526,0.2354648917913437,-0.005985366553068161,-0.7832122325897217,0.0008211791049689054,-0.00026620617136359216,-0.00023451978340744973,214.999,197.999,78.001,"0.03,0.07,-1.06,0.74,-1.55,-0.16,103015,24.7"
24.177361499983817,0.24361709952354432,-0.021230632066726686,-0.7762185215950013,9.250883013010026e-05,-0.0006732044741511345,-0.0002936858916655183,214.999,197.999,78.001,"0.03,0.07,-1.06,0.99,-1.49,-0.10,103022,24.7"
24.272254699957557,0.22449002265930176,-0.05656607672572136,-0.8035688996315002,-0.0011367563158273697,-0.0010154363699257374,0.00029056755593046544,214.999,197.999,78.001,"0.03,0.07,-1.06,0.86,-1.55,-0.10,103020,24.7"
24.367280600010417,0.23463083505630494,-0.037652391195297244,-0.7953920960426331,-0.0005816967692226172,-0.0008204271085560322,1.579304225742817e-05,214.999,197.999,78.001,"0.03,0.07,-1.06,0.92,-1.61,-0.10,103015,24.7"
24.46125429996755,0.2128615587949753,0.006281255930662155,-0.8235807061195374,0.001039560278877616,0.0008041815832257271,2.5503046344965696e-05,214.999,197.999,78.001,"0.03,0.07,-1.06,1.05,-1.55,-0.16,103024,24.7"
24.55628119991161,0.24753889441490173,-0.028366494178771972,-0.7666499853134155,-0.00012114951387047768,-0.000926887709647417,-0.00027556964196264746,214.999,197.999,78.001,"0.03,0.07,-1.06,0.86,-1.55,-0.10,103034,24.7"
24.650256799999624,0.2206019252538681,-0.005791541188955307,-0.7973190188407898,0.0006757945287972688,0.0004272731952369213,-0.00010696955723688006,214.999,197.905,78.001,"0.03,0.07,-1.06,2.45,-2.59,-0.28,102988,24.7"
24.746276199934073,0.1707678645849228,0.004704426974058151,-0.6548647403717041,0.0005744661903008819,0.0006285110954195261,0.00017735796282067895,214.999,197.503,78.001,"0.03,0.07,-1.06,0.31,-1.49,-0.16,102427,24.7"
24.84130649990402,0.18576467037200928,-0.034156426787376404,-0.6371100425720215,-0.0006271569523960352,-0.0005101549439132213,0.0001978672225959599,214.999,197.499,78.001,"0.03,0.07,-1.06,0.31,-1.49,-0.16,102466,24.7"
24.93724060000386,0.17016396522521973,0.02621079161763191,-0.6753110289573669,0.0014902736060321332,0.0012767949607223271,5.112227518111467e-06,214.999,197.499,78.001,"0.02,0.07,-1.06,0.31,-1.43,-0.16,102471,24.7"
25.032309499918483,0.19308973252773284,-0.0036669716238975523,-0.6488458752632141,0.0005791075527667999,-0.00025668307207524774,-7.443944923579693e-05,214.999,197.499,78.001,"0.03,0.07,-1.06,0.68,-1.61,-0.16,102479,24.7"
25.12729929992929,0.2062397003173828,-0.03296543732285499,-0.6429772734642029,-0.00047857239842414857,-0.0012857530731707812,-4.3728621676564215e-06,214.999,197.499,78.001,"0.03,0.07,-1.06,0.50,-1.55,-0.10,102493,24.7"
25.22430469992105,0.15761460959911347,0.02504020184278488,-0.7100144743919372,0.0014356757514178754,0.0016740759368985892,0.0002163101569749415,214.999,197.499,78.001,"0.03,0.07,-1.06,0.44,-1.43,-0.10,102488,24.7"
25.319249899941497,0.16973864436149597,-0.015705661475658418,-0.6966585636138916,-4.328056238591671e-05,0.0005294731818139553,0.0003429907141253352,214.999,197.499,78.001,"0.03,0.07,-1.06,0.68,-1.61,-0.22,102490,24.7"
25.413339099963196,0.1781993567943573,-0.013670695573091507,-0.6769662737846375,8.3546107634902e-05,0.00035535478964447974,0.0001448962604627013,214.999,197.499,78.001,"0.03,0.07,-1.06,0.50,-1.55,-0.16,102502,24.7"
25.507284199935384,0.16302719712257385,-0.02116865962743759,-0.7111299157142639,-0.0001438343431800604,0.000447235070168972,0.0005356287234462798,214.999,197.499,78.001,"0.03,0.07,-1.06,0.56,-1.49,-0.16,102504,24.7"
25.602306199958548,0.19389245212078093,0.0037056580185890198,-0.6583620429039001,0.000854103360325098,0.00044205933809280393,-0.00022389724617823958,214.999,197.499,78.001,"0.03,0.07,-1.06,0.74,-1.55,-0.10,102504,24.7"
25.697265699971467,0.1892598181962967,-0.04710099026560784,-0.6821460366249085,-0.001251322077587247,-0.0010123998392373324,0.0003793852520175278,214.999,197.499,78.001,"0.02,0.06,-1.06,0.68,-1.49,-0.10,102516,24.7"
25.791319499956444,0.21275744438171387,0.0022638313472270965,-0.6361195921897889,0.0008258762303739786,-0.0006100696511566639,-0.0004205022472888231,214.999,197.367,78.001,"0.03,0.07,-1.06,2.08,-2.53,-0.34,102419,24.7"
25.89028169994708,0.17155889868736268,0.0057320170104503635,-0.49256281852722167,0.0007199125364422798,-0.000215038750320673,-0.00032706697238609194,214.999,197.003,78.001,"0.03,0.07,-1.06,-0.17,-1.37,-0.10,101877,24.7"
25.985296799917705,0.15855512619018555,-0.0013704180717468261,-0.5365309953689575,0.0003632835811004043,0.00012176060117781162,7.90748163126409e-06,214.999,196.999,78.001,"0.03,0.07,-1.06,-0.11,-1.43,-0.10,101928,24.7"
26.079282699967735,0.1369803935289383,0.0016099698841571808,-0.5875182509422302,0.0002860593842342496,0.0007845912128686905,0.00039005965809337797,214.999,196.999,78.001,"0.02,0.07,-1.06,-0.30,-1.31,-0.10,101939,24.7"
26.17326429998502,0.18229447901248932,-0.01994968205690384,-0.5124573171138763,-0.0001556259114295244,-0.0008585347328335047,-0.00026630335487425326,214.999,196.999,78.001,"0.03,0.07,-1.06,0.07,-1.49,-0.16,101942,24.7"
26.26831009995658,0.1716102957725525,-0.025430214405059815,-0.5392512083053589,-0.0004093067953363061,-0.0009411077015101909,0.00011728648096323013,214.999,196.999,78.001,"0.03,0.06,-1.06,0.01,-1.43,-0.10,101969,24.7"
26.363311799941584,0.1575053632259369,0.00792974717915058,-0.5628845572471619,0.0006710574962198734,0.0005214227829128503,-5.1521114073693756e-06,214.999,196.999,78.001,"0.03,0.07,-1.06,-0.11,-1.37,-0.16,101959,24.7"
26.458282699924894,0.17690738439559936,-0.02096733674407005,-0.5372218251228332,-0.0001629144884645939,-0.0007438630796968937,-5.084753502160311e-05,214.999,196.999,78.001,"0.03,0.07,-1.06,0.01,-1.55,-0.10,101971,24.7"
26.553303099935874,0.1349902093410492,0.03580787256360054,-0.5988167524337769,0.0016572452615946532,0.0018948048818856478,9.4032590277493e-05,214.999,196.999,78.001,"0.03,0.06,-1.06,0.07,-1.49,-0.16,101974,24.7"
26.64729599992279,0.17021999806165694,-0.029114008694887162,-0.5561225175857544,-0.0004400592762976885,-0.0008963503409177065,0.0001437535509467125,214.999,196.999,78.001,"0.03,0.07,-1.06,0.01,-1.37,-0.10,101976,24.7"
26.74231130001135,0.16380587369203567,-0.0233846440911293,-0.5636942863464356,-0.0004591240780428052,-0.0001872250810265541,7.28210317902267e-05,214.999,196.999,78.001,"0.02,0.06,-1.06,0.07,-1.49,-0.10,101983,24.7"
26.838326999917626,0.15978826135396956,-0.011755583435297012,-0.5719029188156128,6.644446402788162e-05,-9.499341249465942e-05,0.00016948760021477937,214.999,196.999,78.001,"0.03,0.07,-1.06,0.01,-1.43,-0.04,101987,24.7"
26.93532009993214,0.17020708620548247,-3.476962447166443e-05,-0.546947717666626,0.0005794691853225232,-0.00036210305988788606,-7.427758537232876e-05,214.999,196.747,78.001,"0.02,0.06,-1.06,1.66,-2.65,-0.34,101728,24.7"
27.040309399948455,0.14119750559329985,-0.021661560982465744,-0.40874925851821897,-0.0004851659992709756,-0.0008102171588689089,0.00013743676245212555,214.999,196.501,78.001,"0.02,0.06,-1.06,-0.72,-1.25,-0.10,101338,24.7"
27.13431250001304,0.1286266803741455,-0.011857043206691741,-0.4501552522182465,-6.450759246945381e-06,9.823832660913468e-05,0.0002542287693358958,214.999,196.499,78.001,"0.03,0.06,-1.06,-0.42,-1.43,-0.04,101378,24.7"
27.22932459996082,0.11766675561666488,0.02370486669242382,-0.48698148131370544,0.0011663925368338823,0.0013119295239448548,0.00021629217080771924,214.999,196.499,78.001,"0.02,0.06,-1.06,-0.54,-1.31,-0.10,101393,24.7"
27.323296399903484,0.11855199933052063,0.01583249047398567,-0.4930474102497101,0.0008422516984865069,0.0011568322777748107,0.00019568976131267846,214.999,196.499,78.001,"0.03,0.06,-1.06,-0.54,-1.31,-0.10,101399,24.7"
27.417333799996413,0.1605612725019455,-0.05538197234272957,-0.43901826739311217,-0.0014261900214478374,-0.0019564953166991473,0.0002036307589150965,214.999,196.499,78.001,"0.03,0.06,-1.06,-0.30,-1.43,-0.04,101422,24.7"
27.51131129998248,0.14719072431325914,-0.01914367377758026,-0.4653934836387634,-0.00030993639957159757,-0.0004727926105260849,0.00011011894093826413,214.999,196.499,78.001,"0.02,0.06,-1.06,-0.48,-1.25,-0.10,101418,24.7"
27.60732879990246,0.15520196855068208,-0.030622146278619766,-0.4502667188644409,-0.0005803113570436835,-0.0010536383837461472,4.380543250590563e-05,214.999,196.499,78.001,"0.02,0.06,-1.06,-0.36,-1.43,-0.10,101425,24.7"
27.702296399977058,0.18210557997226715,-0.055654478073120114,-0.4106962621212006,-0.0013012241339311003,-0.0025040317326784135,-0.00015945122577250005,214.999,196.499,78.001,"0.02,0.06,-1.06,-0.36,-1.37,-0.10,101451,24.7"
27.79830459994264,0.12239286899566651,0.020163054764270782,-0.49614988565444945,0.0010803266428411006,0.0012915322091430425,0.00011976971873082221,214.999,196.499,78.001,"0.03,0.06,-1.06,-0.48,-1.31,-0.10,101443,24.7"
27.89332579995971,0.13400697261095046,-0.004858053103089332,-0.493099170923233,0.00033509740605950353,-8.550644852221013e-05,0.00023786992533132435,214.999,196.499,78.001,"0.02,0.06,-1.06,-0.36,-1.37,-0.10,101439,24.7"
27.98832849995233,0.11593044102191925,0.005848629772663117,-0.5125470221042633,0.0005348504288122058,0.0011769376695156097,0.0002836937957908958,214.999,196.499,78.001,"0.03,0.06,-1.06,-0.30,-1.37,-0.04,101451,24.7"
28.08234279998578,0.15407634973526002,-0.012447773665189742,-0.4422049462795258,8.035234641283751e-05,-0.0007931426167488098,-2.428279258310795e-05,214.999,196.247,78.001,"0.03,0.07,-1.06,1.05,-2.41,-0.34,101220,24.7"
28.179337300010957,0.14168786853551865,0.00375409834086895,-0.31107223629951475,0.0005370221799239517,-0.0006765035213902593,-0.0003493901342153549,214.999,196.001,78.001,"0.02,0.06,-1.06,-0.60,-1.06,-0.10,100776,24.7"
28.27428599994164,0.10465027093887329,0.019957908615469932,-0.3831942617893219,0.0010383683256804943,0.0009919504635035991,9.94226720649749e-05,214.999,195.999,78.001,"0.03,0.06,-1.06,-0.36,-1.31,-0.10,100814,24.7"
28.369352199952118,0.13728511184453965,-0.019775929301977156,-0.3478122174739838,-0.0002732362598180771,-0.000885871471837163,-4.957049968652427e-05,214.999,195.999,78.001,"0.03,0.06,-1.06,-0.60,-1.18,-0.10,100839,24.7"
28.46533979999367,0.10364812165498734,0.019522827491164206,-0.4025351107120514,0.0010719397338107227,0.0010357296327129007,0.0001438325911294669,214.999,195.999,78.001,"0.02,0.06,-1.06,-0.54,-1.18,-0.16,100837,24.7"
28.560357099981047,0.14314378201961517,-0.023127669095993043,-0.35912634134292604,-0.0003303616307675838,-0.0011896200012415648,-5.938833928667009e-05,214.999,195.999,78.001,"0.03,0.06,-1.06,-0.42,-1.25,-0.16,100870,24.7"
28.654332399950363,0.13427560031414032,-0.0036887317895889283,-0.3692231893539429,0.0002908284543082118,-0.0004105583531782031,-0.00013406253419816493,214.999,195.999,78.001,"0.02,0.06,-1.06,-0.60,-1.25,-0.10,100870,24.7"
28.750345699954778,0.1250639632344246,0.015751349925994872,-0.3814367353916168,0.0009233614895492792,0.00024217511527240275,-0.0001300160598475486,214.999,195.999,78.001,"0.03,0.06,-1.06,-0.48,-1.25,-0.10,100879,24.7"
28.845313899917528,0.12365497350692749,0.009788543730974198,-0.39565096497535707,0.0007557385135442019,0.00027582887560129166,-5.9698650147765875e-05,214.999,195.999,78.001,"0.02,0.06,-1.06,-0.36,-1.37,-0.16,100893,24.7"
28.93935000000056,0.12080168426036834,-0.010246996581554414,-0.39667237401008604,2.385254483669996e-05,-0.00013161697424948215,0.00013420871109701694,214.999,195.999,78.001,"0.02,0.06,-1.06,-0.54,-1.25,-0.04,100902,24.7"
29.03432299999986,0.15679511725902556,-0.01494796872138977,-0.35097172260284426,-7.102591916918755e-06,-0.001426147250458598,-0.00032986298901960254,214.999,195.999,78.001,"0.03,0.06,-1.06,-0.42,-1.25,-0.10,100896,24.7"
29.128364100004546,0.13446066230535508,-0.015061234682798385,-0.38373603820800783,-7.357748690992594e-05,-0.0006479115691035986,4.001962952315807e-06,214.999,195.999,78.001,"0.02,0.06,-1.06,-0.48,-1.25,-0.10,100902,24.7"
29.22335009998642,0.16708780080080032,-0.04317266829311848,-0.32334638833999635,-0.0009057397255674005,-0.0026036969386041163,-0.00021535914856940508,214.999,195.747,78.001,"0.02,0.06,-1.06,1.23,-2.04,-0.28,100652,24.7"
29.31933789991308,0.11354127079248429,0.018470140174031258,-0.26336676478385923,0.0009502111934125423,-0.00010918162297457457,-0.00021795804495923222,214.999,195.501,78.001,"0.02,0.06,-1.06,-0.05,-0.70,-0.04,100195,24.7"
29.414365499978885,0.06789011359214783,0.023934467136859892,-0.3406720578670502,0.0010178178548812867,0.0016649188473820686,0.00037908097729086874,214.999,195.499,78.001,"0.02,0.06,-1.06,0.07,-0.94,-0.16,100233,24.7"
29.50932199996896,0.09357081577181817,0.02278011180460453,-0.3227751195430756,0.0010844348464161158,0.0009114281507208944,-1.812115078791976e-06,214.999,195.499,78.001,"0.02,0.06,-1.06,-0.05,-0.82,-0.10,100253,24.7"
29.603364199982025,0.10043720453977585,-0.015622015669941902,-0.3193242341279984,-0.0001633395440876484,-0.00032029775902628896,0.0002437106508295983,214.999,195.499,78.001,"0.02,0.06,-1.06,0.01,-0.88,-0.10,100247,24.7"
29.698333299951628,0.10384573936462402,0.01855440065264702,-0.3145825445652008,0.0009959098882973195,0.0006492160959169268,-0.00013063686492387205,214.999,195.499,78.001,"0.03,0.06,-1.06,0.07,-0.94,-0.16,100265,24.7"
29.793357599992305,0.1095835268497467,0.002103722840547562,-0.3133805215358734,0.00045049444306641815,-0.0001668439945206046,-5.819101352244615e-06,214.999,195.499,78.001,"0.02,0.06,-1.06,-0.05,-0.88,-0.16,100281,24.7"
29.88832549995277,0.10148168951272965,-0.029220534861087798,-0.3422981083393097,-0.0008033350575715303,-0.0005797331687062979,0.0004127016058191657,214.999,195.499,78.001,"0.03,0.06,-1.06,0.01,-0.94,-0.16,100272,24.7"
29.982360099907964,0.09422260522842407,0.02412102110683918,-0.3476724624633789,0.0012572721811011434,0.000953700440004468,3.284582053311169e-05,214.999,195.499,78.001,"0.03,0.06,-1.06,0.07,-0.94,-0.28,100298,24.7"
30.077369599952362,0.1332462728023529,-0.002848292887210846,-0.28511022627353666,0.00036430286709219215,-0.0008086338639259338,-0.00041068519931286573,214.999,195.499,78.001,"0.03,0.06,-1.06,0.01,-0.94,-0.16,100307,24.7"
30.17235010000877,0.10214271694421768,-0.026282361522316933,-0.3390055477619171,-0.0006741272052749991,-0.0004856841173022985,0.00031373759265989064,214.999,195.499,78.001,"0.03,0.06,-1.06,0.07,-0.88,-0.16,100289,24.7"
30.26731899997685,0.09319478124380112,0.040315908193588254,-0.34302141070365905,0.0018472478725016118,0.0015678679337725043,-8.666403591632843e-05,214.999,195.499,78.001,"0.02,0.06,-1.06,0.01,-0.94,-0.16,100314,24.7"
30.362392099923454,0.08423486799001693,0.01311396285891533,-0.3484289050102234,0.0006888638250529766,0.0007826582994312048,0.00037138466286705806,214.999,195.257,78.001,"0.02,0.06,-1.06,1.54,-1.55,-0.34,100093,24.7"
30.45738659997005,0.07894518524408341,-0.006000752747058869,-0.226847505569458,6.288997828960419e-05,1.1209421791136264e-05,0.00013191925827413798,214.999,195.001,78.001,"0.02,0.06,-1.06,0.13,-0.57,-0.10,99507,24.7"
30.552338699926622,0.08667196929454804,0.01167653240263462,-0.24362392723560333,0.0007364805438555777,4.9776467494666574e-05,3.7648220313712955e-05,214.999,194.999,78.001,"0.02,0.06,-1.06,0.38,-0.76,-0.16,99552,24.7"
30.647368100006133,0.09464784264564514,0.029671284183859826,-0.23882957994937898,0.0013594937277957796,0.00038603111170232296,-0.0002537187101552263,214.999,194.999,78.001,"0.03,0.06,-1.06,0.25,-0.64,-0.16,99590,24.7"
30.74231989996042,0.11679393202066421,-0.017662345245480538,-0.21656782031059266,-0.00011501119006425142,-0.0014497680123895407,-0.00016247881576418876,214.999,194.999,78.001,"0.02,0.06,-1.06,0.31,-0.64,-0.16,99578,24.7"
30.837357299984433,0.09047957211732864,0.0071498237550258635,-0.2665184259414673,0.0005750579293817282,-6.28181966021657e-05,3.128954267594963e-05,214.999,194.999,78.001,"0.02,0.06,-1.06,0.38,-0.76,-0.16,99601,24.7"
30.932379300007597,0.07887607589364051,-0.009194181859493255,-0.278028804063797,1.4308327808976174e-05,-0.00013302289880812168,0.00035088162403553726,214.999,194.999,78.001,"0.02,0.06,-1.06,0.31,-0.64,-0.10,99600,24.7"
31.026353599969298,0.13503760993480682,-0.04850520491600037,-0.1984458327293396,-0.0011509340722113848,-0.002552701300010085,-0.00022191079333424568,214.999,194.999,78.001,"0.03,0.06,-1.06,0.31,-0.64,-0.22,99608,24.7"
31.122363099944778,0.08810319304466248,-0.01627751626074314,-0.2796437472105026,-0.00018035389948636293,-0.0004713329486548901,0.00024499788414686916,214.999,194.999,78.001,"0.03,0.06,-1.06,0.44,-0.76,-0.16,99625,24.7"
31.218398900004104,0.12060391157865524,-0.04311313256621361,-0.22283751666545867,-0.0009595312876626849,-0.0022328654304146767,-1.8770946189761163e-05,214.999,194.999,78.001,"0.03,0.06,-1.06,0.31,-0.64,-0.16,99636,24.7"
31.31333849998191,0.1060420885682106,-0.016766227036714553,-0.2353668123483658,-7.151598110795021e-05,-0.0008612383855506778,-9.492373210377991e-05,214.999,194.999,78.001,"0.03,0.06,-1.06,0.38,-0.70,-0.16,99625,24.7"
31.40836409991607,0.08683420792222023,0.020393958315253258,-0.26721892356872556,0.0009397342102602125,0.0006289678160101176,-7.00374715961516e-05,214.999,194.999,78.001,"0.03,0.06,-1.06,0.44,-0.76,-0.16,99790,24.7"
31.50333989993669,0.0774867795407772,-0.00546535961329937,-0.27302184998989104,3.5849050618708134e-05,0.0001642202027142048,0.0003310946864075959,214.999,194.715,78.001,"0.02,0.06,-1.06,1.54,-1.37,-0.22,99847,24.7"
31.601376999984495,0.07119887694716454,-0.024915399402379988,-0.17089514285326005,-0.000583797215949744,-0.0006257676053792238,0.00027550622471608224,214.999,194.501,78.001,"0.02,0.06,-1.06,0.13,-0.39,-0.16,100628,24.7"
31.696327499928884,0.0796058140695095,-0.004107692837715149,-0.1732485830783844,0.000192103604786098,-0.00017686921637505293,-7.257018878590316e-05,214.999,194.499,78.001,"0.02,0.06,-1.06,0.31,-0.57,-0.22,100624,24.7"
31.791387800010853,0.08601019829511643,0.004142423719167709,-0.18082662671804428,0.0005258346674963832,-0.0004763660952448845,-0.000146466628939379,214.999,194.499,78.001,"0.02,0.06,-1.06,0.31,-0.51,-0.16,100646,24.7"
31.885366200003773,0.09559870809316635,-0.028501563891768455,-0.17455078512430192,-0.0004894928890280426,-0.0015547526068985461,-1.5859902487136423e-05,214.999,194.499,78.001,"0.02,0.06,-1.06,0.31,-0.51,-0.10,100633,24.7"
31.980374799924903,0.10572151020169258,-0.02819049209356308,-0.16403212994337082,-0.0005702421185560524,-0.0016967062838375568,-0.00012094180565327405,214.999,194.499,78.001,"0.02,0.06,-1.06,0.44,-0.64,-0.10,100633,24.7"
32.0753974999534,0.07513096407055855,0.011964086070656776,-0.19978303015232085,0.0008161876816302538,0.0003296135226264596,-7.924522797111421e-05,214.999,194.499,78.001,"0.02,0.06,-1.06,0.44,-0.45,-0.04,100640,24.7"
32.170375299989246,0.08489424400031567,-0.0029561335220932962,-0.1941694974899292,0.0003592635854147375,-0.00029850369319319727,-6.609818083234132e-05,214.999,194.499,78.001,"0.02,0.06,-1.06,0.44,-0.57,-0.10,100628,24.7"
32.26434579992201,0.07033872902393341,-0.012598584964871406,-0.22158301770687103,-6.315346108749509e-05,-0.00014927368611097335,0.0002829346456564963,214.999,194.499,78.001,"0.03,0.06,-1.06,0.56,-0.57,-0.22,100642,24.7"
32.361398199922405,0.09106896370649338,-0.03959111422300339,-0.19637144804000856,-0.0009934470988810062,-0.0014792196918278933,0.0001735356287099421,214.999,194.499,78.001,"0.02,0.06,-1.06,0.56,-0.57,-0.10,100634,24.7"
32.455383399967104,0.09696600139141083,-0.023499388992786408,-0.18252975344657899,-0.000437792157754302,-0.0012243294157087802,-9.449775971006602e-05,214.999,194.499,78.001,"0.03,0.06,-1.06,0.50,-0.51,-0.10,100636,24.7"
32.55040069995448,0.10486442744731903,-0.03245236724615097,-0.17011864185333253,-0.0006938327103853225,-0.0016831493470817805,-0.0001373425591737032,214.999,194.499,78.001,"0.02,0.06,-1.06,0.56,-0.57,-0.16,100636,24.7"
32.64536490000319,0.07825860492885113,-0.002807561308145523,-0.19914280474185944,0.00025581272784620525,-0.00027266466058790685,7.832659757696092e-05,214.999,194.195,78.001,"0.02,0.06,-1.06,1.35,-1.00,-0.28,100604,24.7"
32.74238119996153,0.039611741527915,0.019799498096108436,-0.1621953323483467,0.001029866246972233,0.0008081584936007857,0.00021463642042363063,214.999,194.001,78.001,"0.02,0.06,-1.06,0.13,-0.33,-0.10,100630,24.7"
32.83739020000212,0.07301054522395134,-0.008965135365724564,-0.12047077640891075,0.00017173017840832472,-0.0005170774413272739,-0.00010739914723671973,214.999,193.999,78.001,"0.02,0.06,-1.06,0.38,-0.39,-0.16,100634,24.7"
32.93235709995497,0.05957910194993019,-0.012352031096816063,-0.15307016372680665,8.306378731504083e-05,-0.0005927539663389325,0.00022237194352783262,214.999,193.999,78.001,"0.02,0.06,-1.06,0.38,-0.39,-0.22,100636,24.7"
33.0273876999272,0.07824865132570266,0.022696635499596596,-0.1329032987356186,0.0012784765101969242,5.6406448129564525e-05,-0.0003879566502291709,214.999,193.999,78.001,"0.02,0.06,-1.06,0.44,-0.39,-0.10,100638,24.7"
33.12139949994162,0.046060751751065256,0.01294260323047638,-0.18794096112251282,0.0009188382769934833,0.000695541501045227,0.00022177215541887562,214.999,193.999,78.001,"0.02,0.06,-1.06,0.62,-0.39,-0.10,100634,24.7"
33.21737749991007,0.10227908864617348,-0.025985239818692208,-0.09625913649797439,-0.0002519279019907117,-0.0018710247706621886,-0.0003904112847521901,214.999,193.999,78.001,"0.02,0.06,-1.06,0.44,-0.39,-0.10,100642,24.7"
33.31239179999102,0.052920519933104516,0.008085992000997067,-0.16926632672548295,0.0006582516711205244,0.0005678672576323151,0.0001351839629933238,214.999,193.999,78.001,"0.02,0.06,-1.06,0.50,-0.33,-0.10,100635,24.7"
33.407356899930164,0.030518085695803165,0.035417160391807555,-0.19860838651657103,0.001597789686638862,0.0019470280269160867,0.0002450820058584213,214.999,193.999,78.001,"0.03,0.06,-1.06,0.56,-0.45,-0.16,100634,24.7"
33.50239339994732,0.08779536634683609,-0.02669665440917015,-0.12314641624689102,-0.00027181932236999275,-0.001231403066776693,-0.00014251703396439552,214.999,193.999,78.001,"0.02,0.06,-1.06,0.56,-0.39,-0.16,100634,24.7"
33.59740959992632,0.06037643253803253,0.013413052633404731,-0.16937843412160875,0.0008381921099498868,0.000563947856426239,-9.291759051848203e-05,214.999,193.999,78.001,"0.02,0.06,-1.06,0.50,-0.39,-0.04,100638,24.7"
33.693370799999684,0.05769055522978306,0.0007786788046360016,-0.16784390509128572,0.0005411739577539266,0.00020059701055288314,9.775158250704407e-05,214.999,193.999,78.001,"0.02,0.06,-1.06,0.56,-0.45,-0.16,100634,24.7"
33.788426899933256,0.07879482805728913,-0.01983763687312603,-0.11694132536649704,-0.00011801512446254491,-0.0009504527086392045,-7.873012218624353e-05,214.999,193.649,78.001,"0.03,0.06,-1.06,0.99,-0.64,-0.16,100638,24.7"
33.887435099924915,0.05572835318744183,-0.019376865588128567,-0.06976985819637775,-0.00016263175057247282,-0.0007867233944125473,-7.500231731683016e-06,214.999,193.501,78.001,"0.02,0.06,-1.06,0.19,-0.33,-0.10,100630,24.7"
33.981394100002944,0.05104862283915281,-0.018003334850072862,-0.09316434226930141,0.00011129785561934114,-0.0006175162736326457,0.00012206609826534987,214.999,193.499,78.001,"0.02,0.06,-1.06,0.50,-0.33,-0.16,100631,24.7"
34.075408799923025,0.05900189410895109,0.007893624156713486,-0.08865155838429928,0.0008502959506586194,-0.00023990084882825614,-0.00022906301310285926,214.999,193.499,78.001,"0.02,0.06,-1.06,0.50,-0.27,-0.10,100636,24.7"
34.17138660000637,0.06711616441607475,-0.038491000235080716,-0.07458851784467697,-0.0006505928584374487,-0.0014748314395546913,9.665836114436387e-06,214.999,193.499,78.001,"0.03,0.06,-1.06,0.44,-0.27,-0.10,100630,24.7"
34.266405100002885,0.0488809859380126,-0.00976441241800785,-0.11675053983926773,0.00028103652875870465,-0.0002916566096246243,0.00012562668416649103,214.999,193.499,78.001,"0.02,0.06,-1.06,0.62,-0.33,-0.10,100624,24.7"
34.36138589994516,0.047569986805319785,-0.016328960563987492,-0.1172411523759365,0.00011199911823496222,-0.0002340826438739896,0.0001805497653549537,214.999,193.499,78.001,"0.03,0.06,-1.06,0.56,-0.33,-0.16,100628,24.7"
34.45639609999489,0.04705112366937101,-0.017599061876535416,-0.1161114051938057,-9.108484955504537e-05,-0.0002757929265499115,0.0001373521867208183,214.999,193.499,78.001,"0.02,0.06,-1.06,0.50,-0.33,-0.16,100636,24.7"
34.55142599996179,0.04797097127884627,0.0011000169441103935,-0.11773066073656083,0.0004955075215548277,0.00023724691709503531,3.646222467068583e-05,214.999,193.499,78.001,"0.02,0.06,-1.06,0.62,-0.27,-0.16,100642,24.8"
34.64540809998289,0.04357652855105698,0.007959207892417908,-0.12480061203241348,0.0008280139416456222,0.0003437266917899251,0.00011820039944723248,214.999,193.499,78.001,"0.02,0.06,-1.06,0.56,-0.33,-0.10,100630,24.7"
34.741414699936286,0.06643838882446289,-0.008771879784762859,-0.09466752931475639,0.00029070841846987603,-0.0006552890874445439,-0.00015541069406026508,214.999,193.499,78.001,"0.02,0.06,-1.06,0.62,-0.33,-0.16,100636,24.7"
34.83642549999058,0.03893695846199989,-0.02997112609446049,-0.13362321853637696,-0.0005715198814868927,-0.00022792238742113112,0.0003623672877438366,214.999,193.499,78.001,"0.02,0.06,-1.06,0.62,-0.39,-0.04,100633,24.8"
34.93141309998464,0.0823979526758194,-0.037512955255806446,-0.04965461944229901,-0.0006865520030260086,-0.0019042531843297184,-0.00023073534248396754,214.999,193.131,78.001,"0.03,0.05,-1.06,0.92,-0.51,-0.22,100636,24.7"
35.0293864000123,0.031725970655679704,-0.02795635685324669,-0.056410747952759265,-0.0003141022054478526,-0.0005592210683971644,0.00023722487967461347,214.999,193.001,78.001,"0.03,0.06,-1.06,0.38,-0.21,-0.04,100634,24.7"
35.12343239993788,0.03689316138625145,0.022765832394361495,-0.050924431160092355,0.0014689060160890221,0.0007628995575942099,-0.0002616231329739094,214.999,192.999,78.001,"0.02,0.06,-1.06,0.44,-0.21,-0.04,100640,24.7"
35.217403599992394,0.03248233515769243,0.03347900900989771,-0.060674728453159334,0.0018552340334281325,0.0011969639279413968,-0.0003137196632451378,214.999,192.999,78.001,"0.02,0.05,-1.06,0.50,-0.15,-0.04,100632,24.7"
35.31244040001184,0.04808036498725414,-0.017149538546800614,-0.0574974074959755,9.864429011940956e-06,-0.0007404294330626727,-8.28188487503212e-05,214.999,192.999,78.001,"0.02,0.06,-1.06,0.44,-0.21,-0.10,100633,24.8"
35.40845270000864,0.04334239140152931,-0.02930705389007926,-0.06335093518719077,-0.00037213778123259547,-0.0008725418709218502,0.00014029628364369272,214.999,192.999,78.001,"0.02,0.06,-1.06,0.50,-0.21,-0.04,100634,24.8"
35.50438810000196,0.03472255235537887,0.0028094030916690827,-0.08233832269906997,0.0007281154859811068,0.00013114658650010825,7.822747575119138e-05,214.999,192.999,78.001,"0.02,0.06,-1.06,0.56,-0.21,-0.10,100650,24.8"
35.5984362999443,0.04026012308895588,-0.021821549534797667,-0.07312154695391655,-0.00018030821811407805,-0.0006720330798998475,0.0001642718183575198,214.999,192.999,78.001,"0.02,0.05,-1.06,0.56,-0.09,-0.04,100634,24.8"
35.69244199991226,0.03140170965343714,-0.020675481855869295,-0.08580244481563568,-0.0002532239072024822,-0.00018780322279781102,0.00016177133948076517,214.999,192.999,78.001,"0.02,0.06,-1.06,0.62,-0.21,-0.10,100630,24.8"
35.7874443999026,0.052950908057391645,-0.018725530803203584,-0.05642931363545358,0.0001208852743729949,-0.0012044641887769103,1.151985488831997e-05,214.999,192.999,78.001,"0.02,0.06,-1.06,0.50,-0.21,-0.10,100634,24.8"
35.88242259994149,0.0530510775744915,-0.02544368728995323,-0.05009633926674724,-0.00014633974060416222,-0.000952937826514244,-3.894699621014297e-05,214.999,192.999,78.001,"0.03,0.06,-1.06,0.62,-0.21,-0.10,100632,24.7"
35.977430399972945,0.03665357418358326,-0.02569402363151312,-0.08118135333061219,-0.00029960914980620146,-0.0005315322894603014,0.00024168683448806406,214.999,192.999,78.001,"0.02,0.06,-1.06,0.62,-0.27,-0.10,100624,24.7"
36.07343829993624,0.04787804940715432,-0.028618083149194718,-0.03719613435678184,-0.00032261877786368134,-0.0008319448679685593,-9.550153918098658e-05,214.999,192.625,78.001,"0.02,0.06,-1.06,0.80,-0.27,-0.10,100634,24.8"
36.16945919999853,0.02238805666565895,-0.004372995719313622,-0.030046743154525758,0.0005851951194927096,-8.644023910164833e-05,7.360591553151608e-05,214.999,192.501,78.001,"0.02,0.06,-1.06,0.62,-0.09,-0.10,100632,24.7"
36.263426999910735,0.04132935777306557,-0.03696852624416351,-0.010481645166873933,-0.0004169176798313856,-0.0014684193534776568,3.429750213399529e-05,214.999,192.499,78.001,"0.02,0.06,-1.06,0.68,-0.02,-0.10,100642,24.8"
36.35838879994117,0.022271252423524856,0.009774162992835045,-0.030569276597816497,0.0011828222195617855,0.00041990169556811453,-0.0001429943135008216,214.999,192.499,78.001,"0.03,0.06,-1.06,0.68,-0.15,-0.10,100642,24.8"
36.45243770000525,0.04422141648828983,-0.017651435732841492,-0.005304208770394325,0.00016325348988175393,-0.0010647212853655218,-0.00014514816866721957,214.999,192.499,78.001,"0.02,0.06,-1.06,0.62,-0.09,-0.04,100638,24.8"
36.547412999905646,0.002669094130396843,-0.006010556593537331,-0.07685041278600693,0.0003679624234791845,0.0005138420383445919,0.0004293170612072572,214.999,192.499,78.001,"0.02,0.06,-1.06,0.74,-0.02,-0.10,100635,24.8"
36.64242409996223,0.058094661310315134,-0.02388664409518242,0.014835667889565229,3.2625976018607616e-06,-0.0014975961297750474,-0.0003762304433621466,214.999,192.499,78.001,"0.02,0.06,-1.06,0.74,-0.02,-0.10,100642,24.8"
36.736404299968854,0.03651181105524302,-0.017319603450596334,-0.021649904921650885,9.75609989836812e-05,-0.000500204204581678,-6.767290178686381e-05,214.999,192.499,78.001,"0.02,0.06,-1.06,0.62,-0.09,-0.16,100635,24.8"
36.83144049998373,0.03856587670743465,-0.033329366520047185,-0.026755087822675706,-0.0005075074732303619,-0.0012958758044987917,0.00012578776804730296,214.999,192.499,78.001,"0.02,0.06,-1.06,0.68,-0.02,-0.10,100639,24.8"
36.92649809992872,0.043291470408439635,-0.012362324073910714,-0.020372816547751426,0.00024191896663978697,-0.0006195302703417838,-0.0002016183570958674,214.999,192.499,78.001,"0.02,0.06,-1.06,0.68,-0.15,-0.10,100634,24.8"
37.02142419992015,0.04058723337948322,-0.006065074168145656,-0.01439908929169178,0.000562518578954041,-0.0005143399583175778,-0.00021021484571974723,214.999,192.499,78.001,"0.02,0.06,-1.06,0.68,-0.15,-0.10,100637,24.8"
37.116445799940266,0.026411716267466544,0.003553173318505287,-0.032664933055639264,0.0008113693445920944,0.0002566397422924638,-0.00010344493202865123,214.999,192.499,78.001,"0.02,0.06,-1.06,0.74,-0.09,-0.10,100634,24.8"
37.21145939989947,0.014583824761211872,-0.01852375939488411,-0.04129277225583792,-5.7106802705675365e-05,-0.00010313899256289005,0.00024108522920869292,214.999,192.109,78.001,"0.03,0.06,-1.06,0.74,-0.15,-0.04,100618,24.8"
37.3114321999019,0.02764277420938015,-0.0038059530779719353,0.028237098827958107,0.0007241766899824143,-0.0005110352591145784,-0.00023845431860536337,214.999,192.001,78.001,"0.02,0.06,-1.06,0.68,0.04,-0.10,100633,24.8"
37.406467699911445,0.02085483241826296,0.010073423013091087,0.0031624790281057358,0.0010352632380090654,6.751741748303174e-05,-0.00014567121106665582,214.999,191.999,78.001,"0.02,0.06,-1.06,0.80,0.04,-0.10,100641,24.8"
37.502467199927196,-0.017020756751298903,0.0250037357211113,-0.05441703349351883,0.0012376003316603601,0.0015075890580192209,0.00029400204948615283,214.999,191.999,78.001,"0.03,0.06,-1.06,0.74,-0.15,-0.10,100628,24.8"
37.59745659993496,0.010801476426422596,0.005474422872066498,-0.021928478963673115,0.0006380697479471565,8.376571349799633e-05,1.6626689466647802e-05,214.999,191.999,78.001,"0.02,0.06,-1.06,0.74,-0.02,-0.10,100634,24.8"
37.69347739999648,0.0037141785025596617,0.0013499610126018525,-0.02508390215225518,0.0006699033314362168,0.000364906364120543,8.911315235309303e-05,214.999,191.999,78.001,"0.02,0.06,-1.06,0.80,-0.02,-0.04,100623,24.8"
37.78849419998005,0.02350883260369301,-0.024173717200756072,-0.002361522614955902,-0.0002535026869736612,-0.0008414153475314379,4.364650812931359e-05,214.999,191.999,78.001,"0.02,0.06,-1.06,0.80,-0.09,-0.04,100635,24.8"
37.88446919992566,0.038741548731923106,0.003842220455408096,0.02061010766774416,0.0009197060484439134,-0.0006527864024974406,-0.0003463457338511944,214.999,191.999,78.001,"0.02,0.06,-1.06,0.74,0.10,-0.10,100639,24.8"
37.98042619996704,0.03270113430917263,-0.016549616865813733,0.016647456493228675,4.318917635828257e-05,-0.0010028408956713974,-0.00018296251073479652,214.999,191.999,78.001,"0.03,0.06,-1.06,0.80,-0.09,-0.04,100643,24.8"
38.07446029991843,0.015994886122643947,-0.023917475063353778,-0.013793165236711502,-0.00015223447699099779,-0.0007704153656959533,0.00018123976769857109,214.999,191.999,78.001,"0.02,0.06,-1.06,0.92,-0.02,-0.10,100640,24.8"
38.1694303000113,-0.008358189836144447,0.004578275606036186,-0.04809438046067953,0.0007024853606708348,0.0008702630759216845,0.00033348328433930875,214.999,191.999,78.001,"0.03,0.06,-1.06,0.80,-0.02,-0.04,100627,24.8"
38.26641699997708,0.025959113985300063,-0.029490024037659168,-0.0019225377589464187,-0.00041829525725916027,-0.0011725496500730515,4.813719424419105e-05,214.999,191.999,78.001,"0.02,0.06,-1.06,0.86,-0.02,-0.04,100635,24.8"
38.361442799912766,0.006811315566301346,-0.016503287106752397,-0.006889616698026657,9.628066327422857e-05,-0.00025619514053687453,0.00021849182667210698,214.999,191.557,78.001,"0.02,0.06,-1.06,0.80,0.16,-0.16,100633,24.8"
38.46046959992964,-0.027164503186941146,0.04303852096199989,-0.04570220448076725,0.00161253161058994,0.0014487134059891105,0.00015198567416518927,214.999,191.501,78.001,"0.03,0.06,-1.06,0.74,-0.02,-0.10,100643,24.8"
38.55543349997606,-0.013605058565735817,0.019397937413305043,-0.029129658453166486,0.0007708493081736379,0.0005175721453269944,0.00011416645720601082,214.999,191.499,78.001,"0.02,0.06,-1.06,0.80,0.04,-0.10,100639,24.8"
38.65046299993992,-0.02347174994647503,0.0395130773074925,-0.037627700716257095,0.0016073538645287044,0.0012268610647879542,0.00016294477391056716,214.999,191.499,78.001,"0.02,0.06,-1.06,0.80,0.04,-0.10,100643,24.8"
38.74647349992301,0.008050258085131646,-0.001535021048039198,0.004456237144768238,0.00011046782601624728,-0.0006344565888866782,-2.0257261348888277e-05,214.999,191.499,78.001,"0.02,0.06,-1.06,0.86,-0.02,-0.04,100634,24.8"
38.841430399916135,0.00782480426132679,0.054482014290988444,0.009815234667621553,0.0022462092223577202,0.0007856076816096901,-0.0004396125208586454,214.999,191.499,78.001,"0.02,0.06,-1.06,0.86,0.04,-0.16,100642,24.8"
38.93745530000888,0.005138466507196427,0.01006166050210595,0.016899268329143523,0.0006637097394559532,-0.00020079296082258223,-0.00011523597058840095,214.999,191.499,78.001,"0.02,0.06,-1.06,0.86,0.04,-0.04,100636,24.8"
39.03246679995209,-0.023191649094223978,0.028533751890063287,-0.05013621710240841,0.001151534798555076,0.0008565973432268948,0.00031725305016152563,214.999,191.499,78.001,"0.02,0.06,-1.06,0.86,0.04,-0.10,100634,24.8"
39.128506999928504,-0.027116959914565086,0.033383240550756456,-0.047554470226168634,0.0013431628642138094,0.0011783234425820411,0.0002929430891526863,214.999,191.499,78.001,"0.02,0.06,-1.06,0.86,0.04,-0.10,100643,24.8"
39.22344649990555,0.0014344356954097749,0.007416930049657822,-0.009493795223534107,0.00047784545458853247,-0.00036005640868097544,0.00014564847224391998,214.999,191.499,78.001,"0.02,0.06,-1.06,0.86,0.04,-0.10,100634,24.8"
39.31945569999516,0.0032418154180049895,-0.027474448457360266,-0.005975238047540188,-0.0008288237499073148,-0.001051712827757001,0.0002535457198973745,214.999,191.499,78.001,"0.02,0.06,-1.06,0.80,0.04,-0.10,100642,24.8"
39.414496399927884,-0.00997067466378212,-0.012023830506950616,-0.02611936121247709,-0.0002081812359392643,-0.0006289794982876629,0.0003943435498513281,214.999,191.499,78.001,"0.02,0.06,-1.06,0.86,0.04,-0.10,100639,24.8"
39.51947559998371,0.015220600366592407,-0.03589200787246227,0.007887577265501022,-0.0010591618891339749,-0.0015837413258850575,0.00015264631947502493,214.999,191.023,78.001,"0.02,0.05,-1.06,0.86,0.04,-0.10,100635,24.8"
39.62447409995366,0.02263054922223091,0.015739941596984865,0.024380098190158607,0.0009075490524992347,-0.0006743928417563439,-0.0003112287900876254,214.999,190.999,78.001,"0.02,0.06,-1.06,0.86,-0.02,-0.10,100630,24.8"
39.719492799951695,0.01104683317244053,-0.0052183583378791806,0.014258617162704467,0.0001505616877693683,-0.0008304795293952339,-9.183755610138178e-05,214.999,190.999,78.001,"0.02,0.06,-1.06,0.86,-0.02,-0.16,100633,24.8"
39.81445880001411,-0.005473096296191216,-0.012790782377123833,-0.017023250460624695,-0.00029761598561890424,-0.00048468023305758834,0.0002483592601493001,214.999,190.999,78.001,"0.02,0.06,-1.06,0.92,0.04,-0.10,100638,24.8"
39.90947600000072,-0.0022959977388381956,0.007790487818419933,-0.009451346099376678,0.0003589563071727753,7.450839038938283e-05,5.558175616897643e-05,214.999,190.999,78.001,"0.02,0.06,-1.06,0.92,0.04,-0.16,100633,24.8"
40.00350339990109,0.019958918169140815,-0.022884907200932503,0.018659829860553145,-0.0006203855387866497,-0.0014038421562872828,-4.7361289034597576e-05,214.999,190.999,78.001,"0.02,0.05,-1.06,0.86,0.04,-0.22,100634,24.8"
40.09848269994836,0.012081687897443771,-0.016323868557810782,0.017097726836800574,-0.00029415974859148264,-0.0010709632886573672,1.6770476941019295e-05,214.999,190.999,78.001,"0.02,0.06,-1.06,0.92,-0.02,-0.10,100635,24.8"
40.19344709999859,-0.004800839722156525,0.033325071632862094,-0.011413161549717188,0.0013760229805484415,0.0006205590558238328,-7.78305809944868e-05,214.999,190.999,78.001,"0.02,0.06,-1.06,0.92,-0.02,-0.10,100638,24.8"
40.28750809992198,-0.006711510941386223,-0.014123557880520821,-0.023611886985599996,-0.00030839747632853686,-0.00046743916464038194,0.0002981436322443187,214.999,190.999,78.001,"0.02,0.06,-1.06,0.86,-0.02,-0.04,100638,24.8"
40.38245219993405,0.017774874344468117,-0.026678938418626785,0.016755736619234084,-0.0006689560366794467,-0.0016171213472262024,5.3275999380275604e-05,214.999,190.999,78.001,"0.02,0.06,-1.06,0.92,0.04,-0.04,100638,24.8"
40.47747949999757,0.017847367376089097,-0.017567384243011474,0.028606098704040052,-0.0003160579362884164,-0.001252329838462174,-0.00010697458637878298,214.999,190.999,78.001,"0.03,0.06,-1.06,0.92,0.04,-0.10,100635,24.8"
40.57146929996088,0.028546058759093284,-0.03751949649304152,0.028150711953639985,-0.0010137099132407456,-0.002090887865051627,-8.281032787635923e-05,214.999,190.999,78.001,"0.02,0.06,-1.06,0.99,-0.02,-0.10,100635,24.8"
40.668461499968544,-0.0031154707074165346,0.006687085796147585,-0.01907570883631706,0.0003793064504861832,-0.00012925585033372045,0.00014172605006024241,214.999,190.517,78.001,"0.03,0.06,-1.06,0.99,0.10,-0.04,100634,24.8"
40.77149630000349,0.0036716341972351076,-0.008601697068661452,-0.0006761468946933746,-0.00010831178624357563,-0.0004964700434356928,7.04783305991441e-05,214.999,190.499,78.001,"0.02,0.06,-1.06,0.99,0.04,-0.04,100630,24.8"
40.86546170001384,0.011466744728386402,0.007767858542501926,0.008998361974954605,0.00047047423431649803,-0.0006299479631707072,-9.02060593944043e-05,214.999,190.499,78.001,"0.02,0.05,-1.06,0.86,-0.02,-0.16,100642,24.8"
40.96048659994267,0.006018747016787529,0.012546136602759361,0.0027207992505282165,0.0007189513533376157,-0.00033696123864501715,-9.705452248454094e-05,214.999,190.499,78.001,"0.02,0.06,-1.06,0.92,-0.02,-0.04,100643,24.8"
41.05555689998437,0.008148852735757828,0.015382638853043317,0.003636409156024456,0.0008470816319459118,-0.00027777370996773243,-0.00011364828678779304,214.999,190.499,78.001,"0.02,0.06,-1.06,0.86,0.04,-0.10,100634,24.8"
41.15048079995904,0.007024189084768295,-0.004861118271946907,-0.00014142729341983795,-4.762416938319802e-06,-0.0006187964696437121,-3.273074980825186e-07,214.999,190.499,78.001,"0.02,0.05,-1.06,0.99,0.10,-0.16,100638,24.8"
41.244568199967034,0.038240252807736394,-0.02224683854728937,0.04837469086050987,-0.00043509355746209624,-0.0020219072001054885,-0.0003081352973822504,214.999,190.499,78.001,"0.02,0.06,-1.06,0.92,0.04,-0.04,100638,24.8"
41.339479799964465,0.02166050337255001,-0.04609571578912437,0.026767493598163127,-0.0013124570221407339,-0.002183022501412779,0.00010023739887401461,214.999,190.499,78.001,"0.03,0.06,-1.06,0.92,-0.02,-0.04,100634,24.8"
41.43453279999085,-0.003596285358071327,-0.019521980732679366,-0.01116075892932713,-0.0006093761418014765,-0.000636309152469039,0.00029201244469732044,214.999,190.499,78.001,"0.03,0.06,-1.06,0.99,0.04,-0.10,100634,24.8"
41.530524499947205,-0.024692982062697412,0.05619285851716995,-0.04337877463549376,0.002077064069453627,0.0017298036254942417,5.441109533421695e-05,214.999,190.499,78.001,"0.02,0.06,-1.06,0.99,0.04,-0.04,100639,24.8"
41.62647849996574,0.006502241268754006,-0.011565144173800945,0.0007069163024425506,-0.00025833582621999086,-0.00080839772708714,7.965507102198899e-05,214.999,190.499,78.001,"0.02,0.06,-1.06,0.99,-0.02,-0.10,100626,24.8"
41.72352849994786,0.012441740930080413,-0.02035912200808525,0.010558460419997574,-0.0005086951190605759,-0.0011329198605380952,7.04956182744354e-05,214.999,190.499,78.001,"0.02,0.05,-1.06,0.99,-0.02,-0.04,100631,24.8"
41.82150459999684,0.020633548498153687,0.011948528699576855,0.030493114469572903,0.0007457289553713054,-0.0007486065034754575,-0.0003436484781559557,214.999,190.011,78.001,"0.02,0.06,-1.06,0.99,-0.02,-0.10,100635,24.8"
41.91948429995682,-0.008596193790435792,0.008008717745542526,-0.013462596386671067,0.00035844421945512294,0.0002538078697398305,7.954402826726437e-05,214.999,189.999,78.001,"0.03,0.06,-1.06,0.99,0.04,-0.10,100630,24.8"
42.013515200000256,-0.0012569315731525421,-0.0068408666178584095,-0.0015203982591629028,1.9532954320311545e-05,-0.00035957549698650837,0.00011780153145082294,214.999,189.999,78.001,"0.02,0.06,-1.06,0.92,-0.02,-0.10,100624,24.7"
42.10951609991025,-0.003553428873419762,0.005113569367676973,-0.01327635943889618,0.00035421420725469945,-2.4899153504520655e-05,0.00010470508714206516,214.999,189.999,78.001,"0.03,0.06,-1.06,1.05,-0.02,-0.10,100633,24.8"
42.20548229990527,0.006141822040081024,0.014427783526480198,-0.004190877079963684,0.0007009402412222699,-0.0002434321737382561,-9.159230394288898e-05,214.999,189.999,78.001,"0.02,0.06,-1.06,1.05,0.10,-0.04,100636,24.8"
42.300507199950516,0.04219002574682236,-0.014265551790595054,0.05946595137938857,-8.944909204728901e-05,-0.001962778507731855,-0.0004729332344140857,214.999,189.999,78.001,"0.02,0.06,-1.06,1.05,0.04,-0.16,100632,24.7"
42.395545099978335,-0.01149437129497528,0.01109733609482646,-0.01953545070718974,0.0005934332089964301,0.00028124315431341527,0.00012271193554624915,214.999,189.999,78.001,"0.02,0.06,-1.06,1.05,-0.02,-0.10,100629,24.8"
42.49252789991442,0.01360662914812565,0.0008311040699481964,0.0082659974694252,0.0002983718179166317,-0.0009284308413043618,-6.220807554200292e-05,214.999,189.999,78.001,"0.02,0.06,-1.06,0.92,0.04,-0.16,100636,24.8"
42.58749830001034,-0.01852523423731327,0.0007659588241949678,-0.04407804738730192,5.968392069917172e-05,0.00013806659262627363,0.00043882225872948766,214.999,189.999,78.001,"0.02,0.06,-1.06,1.05,0.04,-0.10,100642,24.8"
42.68354649993125,-0.01740914396941662,0.03577585816383362,-0.02182066161185503,0.0013886594795621931,0.0011234014527872205,5.8578263269737364e-05,214.999,189.999,78.001,"0.02,0.06,-1.06,1.05,-0.02,-0.10,100638,24.8"
42.77857339999173,0.03788014948368072,-0.02162187397480011,0.051351739838719365,-0.00048162934253923593,-0.001889368868432939,-0.0003356848028488457,214.999,189.999,78.001,"0.03,0.06,-1.06,1.05,-0.02,-0.10,100642,24.8"
42.873521699919365,0.012639061361551285,0.00616675391793251,0.01045658513903618,0.0004557810723781586,-0.00048093762598000467,-0.00018644266529008747,214.999,189.997,78.001,"0.02,0.06,-1.06,0.99,-0.09,-0.04,100640,24.7"
42.96950179990381,0.013111719489097595,-0.0215631669620052,0.005339732766151429,-0.00048691374831832945,-0.0012729746755212545,5.3366500651463866e-05,214.999,189.507,78.001,"0.02,0.06,-1.06,1.05,-0.02,-0.10,100633,24.8"
43.065507199964486,0.022621307894587515,-0.008433243818581104,0.01915283389389515,-0.00011560949496924877,-0.0012315228406805546,-0.00014646313502453268,214.999,189.499,78.001,"0.02,0.06,-1.06,1.05,0.04,-0.10,100634,24.8"
43.16055189992767,0.028345970809459685,-0.011247287504374981,0.041283521056175235,-9.509929805062711e-05,-0.0013881044229492544,-0.00030362382531166074,214.999,189.499,78.001,"0.02,0.06,-1.06,1.05,-0.02,-0.10,100636,24.7"
43.25452389998827,0.0027788195759057997,0.032596152275800705,-0.006070823036134243,0.0014357760781422257,0.0003500076476484537,-0.00019385160703677684,214.999,189.499,78.001,"0.03,0.06,-1.06,0.99,-0.02,-0.16,100629,24.8"
43.350531499949284,-0.013268097117543221,-0.022233060002326964,-0.03219318278133869,-0.0006758002156857402,-0.0006198354065418243,0.0005042829841841012,214.999,189.499,78.001,"0.02,0.06,-1.06,1.11,0.04,-0.04,100633,24.8"
43.44452729995828,0.015652761980891227,0.011305217817425727,0.02010609284043312,0.0006776056485250592,-0.0005127404467202723,-0.0002216688997577876,214.999,189.499,78.001,"0.02,0.06,-1.06,1.11,-0.02,-0.10,100642,24.8"
43.539584799902514,-0.04586746990680694,0.039215343073010445,-0.06575127020478248,0.001346230902709067,0.0021860348526388405,0.00037933338317088785,214.999,189.499,78.001,"0.02,0.06,-1.06,1.05,0.04,-0.04,100632,24.7"
43.63454319990706,-0.02247558832168579,0.0309007678180933,-0.03671353682875633,0.0011640272743534297,0.0011463583447039126,0.00016079051420092583,214.999,189.499,78.001,"0.02,0.06,-1.06,1.05,0.10,-0.10,100637,24.8"
43.72854269994423,-0.012940452806651593,0.016811489313840865,-0.02694128006696701,0.0007490572228562087,0.00042899686377495527,0.00019823090406134725,214.999,189.499,78.001,"0.03,0.06,-1.06,1.05,0.04,-0.10,100640,24.7"
43.82449559995439,0.014723856002092361,0.014564341399818659,0.01067907065153122,0.0007767243339912965,-0.0004190126870526001,-0.00031024832278490064,214.999,189.499,78.001,"0.02,0.06,-1.06,0.99,-0.02,-0.10,100634,24.8"
43.91953109996393,0.016549600288271904,0.02392810955643654,0.024768751673400403,0.0012031200574710965,-6.406329339370131e-05,-0.00043880162411369383,214.999,189.499,78.001,"0.02,0.06,-1.06,0.99,0.04,-0.16,100638,24.8"
44.01350439991802,-0.0010909967124462128,-0.009504540264606476,-0.011111572198569775,-0.00011652270331978798,-0.0004791287705302238,0.00019642149563878775,214.999,189.495,78.001,"0.02,0.06,-1.06,1.11,0.04,-0.16,100633,24.8"
44.109506899956614,0.008338107913732528,0.006852946430444718,0.008561029285192489,0.00045265740482136607,-0.00028552706353366373,-7.455687155015767e-05,214.999,189.007,78.001,"0.03,0.06,-1.06,1.11,0.04,-0.10,100640,24.7"
44.2055626999354,0.01831687204539776,-0.02830501291900873,0.01014905869960785,-0.0008572463993914425,-0.0015231690369546414,2.3663201136514545e-05,214.999,188.999,78.001,"0.02,0.06,-1.06,0.99,0.04,-0.10,100642,24.8"
44.30251660000067,-0.003247487358748913,0.021877899765968323,-0.00545649640262127,0.0009663733304478228,0.0002565103815868497,-3.5824242513626817e-05,214.999,188.999,78.001,"0.02,0.06,-1.06,1.05,-0.02,-0.04,100633,24.8"
44.39755749993492,0.01236226074397564,-0.004832147434353828,0.005766027793288231,7.697536493651569e-05,-0.0009337784489616751,-4.8944330774247644e-05,214.999,188.999,78.001,"0.02,0.06,-1.06,1.11,0.04,-0.04,100634,24.8"
44.49251109990291,0.013125622645020485,0.004082869738340378,0.008399871736764907,0.0003767403541132808,-0.0005381366878282279,-0.00012043699389323592,214.999,188.999,78.001,"0.02,0.06,-1.06,1.05,0.04,-0.10,100634,24.8"
44.5865547999274,0.014602650701999665,0.027578645199537278,0.014097031950950623,0.001068024052074179,6.311147008091212e-05,-0.00039337787311524155,214.999,188.999,78.001,"0.03,0.06,-1.06,0.99,0.04,-0.10,100634,24.8"
44.68155769992154,0.0003209549933671951,0.0012290887534618378,-0.0066246211528778074,0.0002630322938784957,-0.00044284853502176704,5.4312596330419185e-05,214.999,188.999,78.001,"0.02,0.06,-1.06,1.05,-0.02,-0.04,100632,24.7"
44.77756269997917,0.009191017597913742,0.0041780263185501095,0.010319357551634312,0.0004246229771524668,-0.00045959249837324023,-0.00015486589400097727,214.999,188.999,78.001,"0.02,0.06,-1.06,1.11,-0.02,-0.10,100633,24.8"
44.8725430999184,-0.006557912006974221,-0.0011624369770288467,-0.024559864401817323,0.00010214069625362754,-0.0003165944101056084,0.00026157082174904644,214.999,188.999,78.001,"0.03,0.06,-1.06,0.99,0.04,-0.10,100642,24.8"
44.96856159996241,0.01392449028789997,0.004720824956893921,0.016397173143923284,0.000357298634480685,-0.0004704257473349571,-0.0002533837570808828,214.999,188.999,78.001,"0.02,0.06,-1.06,1.05,0.04,-0.10,100633,24.8"
45.06457109993789,0.03428635075688362,-0.0351074431091547,0.04321607500314713,-0.0007079868810251355,-0.0024421344511210918,-0.0001495833450462669,214.999,188.999,78.001,"0.02,0.06,-1.06,1.11,-0.02,-0.16,100633,24.8"
45.16051209997386,-0.016710812225937843,0.02048359401524067,-0.03158343844115734,0.0008728380198590457,0.0006095304037444293,0.0001806354324799031,214.999,188.999,78.001,"0.02,0.06,-1.06,1.11,-0.02,-0.10,100641,24.8"
