Time(s),Fx,Fy,Fz,Tx,Ty,Tz,PosX,PosY,PosZ,SerialData
6.00004568696022e-07,0.04539762642234564,0.016794245317578317,0.012655044719576836,0.00023725511273369192,-0.0020160813932307065,0.00012472247472032904,220.998,189.039,78.0,"0.02,0.06,-1.06,-1.74,-0.47,-0.02,100624,24.4"
0.19313360005617142,0.06184942200779915,0.0015603477135300637,0.03801984740421176,-0.00030441543785855176,-0.0026471002900507303,-6.863219896331429e-05,220.998,189.495,78.0,"0.02,0.06,-1.06,-1.81,-0.47,0.04,100628,24.4"
0.29110979998949915,0.06090276017785072,-0.031663714721798894,0.03220633417367935,-0.0014339316170662642,-0.0036646931897848845,0.0003042456461116672,220.998,189.499,78.0,"0.02,0.05,-1.06,-1.74,-0.53,0.04,100612,24.4"
0.38510680000763386,0.05620411820709705,0.031485197693109514,0.034806768596172336,0.0007936465786769986,-0.0018591896747238933,-0.00022522645012941213,220.998,189.499,78.0,"0.02,0.05,-1.06,-1.62,-0.53,0.04,100628,24.4"
0.47912650008220226,0.03989674467593431,0.025728214532136917,0.0009604020975530148,0.0006054440862499177,-0.0016181261162273586,0.0001628835074370727,220.998,189.499,78.0,"0.02,0.05,-1.06,-1.74,-0.47,-0.08,100637,24.4"
0.5731176000554115,0.006144143640995026,0.04973408356308937,-0.041618261486291885,0.0012747263885103167,0.00011367766419425606,0.0004406545194797218,220.998,189.499,78.0,"0.02,0.05,-1.06,-1.74,-0.47,0.04,100628,24.4"
0.6670990000711754,0.040662603452801704,0.05224958807229996,0.012406259030103683,0.0014571230742149055,-0.0009108180529437959,-0.00012080906308256089,220.998,189.499,78.0,"0.02,0.05,-1.06,-1.62,-0.47,-0.02,100621,24.4"
0.7611447999952361,0.022068355605006217,0.01680043861269951,-0.021751796081662177,7.068957202136517e-05,-0.0011194628139492124,0.00039967605844140055,220.998,189.499,78.0,"0.02,0.05,-1.06,-1.68,-0.47,-0.08,100625,24.4"
0.8551233999896795,0.062187770009040834,-0.00878986120223999,0.04362974874675274,-0.0006583738373592496,-0.0028788706520572306,-3.150423290207982e-05,220.998,189.499,78.0,"0.02,0.06,-1.06,-1.68,-0.35,-0.02,100626,24.4"
0.9490903000114486,0.006980072427541018,0.047307342663407324,-0.03364362344145775,0.0011134074011351913,0.0001382587244734168,0.0003615233232267201,220.998,189.499,78.0,"0.02,0.05,-1.06,-1.74,-0.53,-0.02,100620,24.4"
1.043132400023751,0.05587741360068321,0.011700623482465745,0.024913603579625486,2.7709652204066516e-05,-0.0022564040031284095,-1.8160202307626606e-05,220.998,189.499,78.0,"0.02,0.05,-1.06,-1.74,-0.47,-0.02,100630,24.4"
1.1361412000842392,0.037775672227144244,0.015154503285884857,8.97497870028019e-05,4.115316551178694e-05,-0.0016852956032380462,0.0002947832574136555,220.998,189.499,78.0,"0.02,0.05,-1.06,-1.68,-0.53,0.04,100617,24.4"
1.2301198000786826,0.03607014138251543,0.038502708077430725,0.004430875927209854,0.0009041953133419156,-0.001110070780850947,9.444511088076978e-05,220.998,189.499,78.0,"0.02,0.05,-1.06,-1.68,-0.41,0.04,100632,24.4"
1.325135900056921,0.061579768732190135,0.022286051139235496,0.03702651895582676,0.0006029082112945616,-0.0024592963280156257,-0.00015183923533186318,220.998,189.663,78.0,"0.03,0.05,-1.06,-1.74,-0.47,0.04,100616,24.4"
1.5271408000262454,0.04916043970733881,0.018626166880130766,0.027834530919790268,0.00034643395338207483,-0.001945521670859307,5.4128537885844705e-05,220.998,189.997,78.0,"0.02,0.05,-1.06,-1.74,-0.47,-0.02,100629,24.4"
1.6201154000591487,0.04176599998027086,0.043930701352655886,0.011767924763262272,0.0011695977649651469,-0.00122452030191198,-7.229276379803196e-05,220.998,189.999,78.0,"0.02,0.05,-1.06,-1.74,-0.47,-0.02,100620,24.4"
1.7141008999897167,0.028821711614727973,0.013987811654806137,-0.008264182507991791,6.782421842217445e-05,-0.0013832438678946346,0.00039680067857261747,220.998,189.999,78.0,"0.03,0.05,-1.06,-1.74,-0.47,-0.02,100626,24.4"
1.8070980000775307,0.059213568642735484,0.005905270949006081,0.03418294452130795,-9.508898947387933e-05,-0.0025076980818994343,-5.8770630857907236e-05,220.998,189.999,78.0,"0.02,0.05,-1.06,-1.68,-0.47,-0.02,100622,24.4"
1.9000875999918208,0.055628024972975254,0.00546693429350853,0.03544826321303844,-0.0001704106107354164,-0.0022791581053752453,-2.0493101328611373e-05,220.998,189.999,78.0,"0.02,0.06,-1.06,-1.74,-0.53,-0.02,100628,24.4"
1.9941412000916898,0.03414026461541653,0.03082808144390583,-0.004696699231863022,0.0006775258283596486,-0.00126801390433684,0.00023459934454876928,220.998,189.999,78.0,"0.02,0.05,-1.06,-1.68,-0.53,-0.08,100620,24.4"
2.087134200031869,0.040304353646934035,0.010900644399225713,0.003569866716861725,9.426800534129143e-06,-0.001784101757220924,0.00018339143134653567,220.998,189.999,78.0,"0.02,0.06,-1.06,-1.68,-0.41,-0.02,100624,24.4"
2.18208310008049,0.06212220788002014,-0.007853388786315918,0.05102865397930145,-0.0005355379544198513,-0.0026968093297909945,-8.950122282840312e-05,220.998,189.999,78.0,"0.03,0.05,-1.06,-1.68,-0.53,-0.02,100621,24.4"
2.2771195000968874,0.028744444437325,0.030188918486237525,-0.005275726225227118,0.0007193417113739997,-0.0008693853742443025,0.00021543116308748723,220.998,189.999,78.0,"0.02,0.05,-1.06,-1.68,-0.41,-0.08,100624,24.4"
2.371103600016795,0.0667143177241087,0.020767313614487647,0.046762346662580966,0.0005391517654061318,-0.0024243980296887457,-0.00023269952362170443,220.998,189.999,78.0,"0.02,0.05,-1.06,-1.74,-0.47,-0.02,100625,24.4"
2.4651414999971166,0.050600744783878326,0.018124591186642648,0.024275365844368936,0.0003731600474566221,-0.00213623660383746,3.569424152374268e-05,220.998,189.999,78.0,"0.02,0.05,-1.06,-1.68,-0.47,0.04,100620,24.4"
2.55915119999554,0.02106844410300255,0.03565409630537033,-0.008234304934740066,0.000791851500980556,-0.0005434035148937256,0.00021098561119288207,220.998,189.999,78.0,"0.02,0.05,-1.06,-1.68,-0.53,0.11,100627,24.4"
2.671130000031553,0.06497757434844971,0.013300983607769013,0.04634219165891409,0.00014168102061375975,-0.0024060266092419623,-0.00022067686077207327,220.998,190.151,78.0,"0.02,0.05,-1.06,-1.68,-0.53,-0.02,100624,24.4"
2.8361547000240535,0.048704223707318306,0.00199428703635931,0.027228137105703355,-0.0002982663922011852,-0.0023111259331926705,0.0001318793511018157,220.998,190.495,78.0,"0.02,0.05,-1.06,-1.74,-0.53,-0.08,100620,24.4"
2.9281561999814585,0.05802733153104782,0.014118827879428864,0.035860760137438774,0.00016328312922269105,-0.0022320856340229513,-9.911510860547424e-05,220.998,190.499,78.0,"0.02,0.05,-1.06,-1.68,-0.53,0.04,100613,24.4"
3.0221338000847027,0.020919666439294816,-0.005370196886360645,-0.018880514055490495,-0.0006528985453769564,-0.0016856250847922638,0.0006052431650459767,220.998,190.499,78.0,"0.02,0.05,-1.06,-1.68,-0.53,-0.02,100618,24.4"
3.116110400063917,0.04590549059212208,-0.008311408571898937,0.02026411145925522,-0.0005044553428888321,-0.002529667504131794,0.00026947828591801227,220.998,190.499,78.0,"0.02,0.05,-1.06,-1.68,-0.47,-0.02,100619,24.4"
3.210160000016913,0.0820648841559887,-0.013008697889745235,0.06750523038208485,-0.0006521867006085813,-0.0037297340575605633,-0.0002333443728275597,220.998,190.499,78.0,"0.02,0.05,-1.06,-1.62,-0.47,0.04,100620,24.4"
3.3031544000841677,0.017014193907380105,0.014835113473236562,-0.026135117933154105,8.754902519285679e-05,-0.0010454154631588607,0.0005512406700290739,220.998,190.499,78.0,"0.02,0.05,-1.06,-1.68,-0.41,-0.02,100628,24.4"
3.3971394000109285,0.05678766295313835,0.01927057821303606,0.02782433107495308,0.00038210261845961213,-0.0021802067989483477,-9.093147818930447e-05,220.998,190.499,78.0,"0.02,0.05,-1.06,-1.74,-0.47,-0.02,100629,24.4"
3.4901226999936625,0.03953255452215672,0.00695115365087986,-0.003767190873622894,-4.848835524171591e-05,-0.0019947414955822753,0.00029385846573859453,220.998,190.499,78.0,"0.02,0.05,-1.06,-1.68,-0.53,-0.02,100634,24.4"
3.583123999997042,0.04762032586149871,0.007840743288397789,0.02230876311659813,-6.484362529590726e-05,-0.002133796224370599,0.00013780614826828242,220.998,190.499,78.0,"0.02,0.05,-1.06,-1.68,-0.53,0.04,100622,24.4"
3.6771772000938654,0.031134629063308238,-0.0006718114018440247,-0.0055099701508879665,-0.0005315046058967709,-0.0018347044941037893,0.0004026171052828431,220.998,190.499,78.0,"0.02,0.05,-1.06,-1.62,-0.47,-0.08,100628,24.4"
3.7711806000443175,0.05310306958854198,-0.0013403810560703277,0.02913927659392357,-0.0003975431667640805,-0.002385065599810332,6.454370741266757e-05,220.998,190.499,78.0,"0.03,0.05,-1.06,-1.68,-0.53,-0.02,100621,24.4"
3.8651349000865594,0.06295145032927393,0.017057270929217338,0.041763126850128174,0.0003752678981982172,-0.0024028765328694135,-0.00014203713508322834,220.998,190.499,78.0,"0.03,0.05,-1.06,-1.74,-0.53,-0.08,100622,24.4"
3.9961343000177294,0.027083202823996545,0.018029025942087173,-0.007926099747419358,0.00023451963206753135,-0.0010771322471555323,0.00024372717598453164,220.998,190.889,78.0,"0.02,0.05,-1.06,-1.62,-0.47,-0.02,100624,24.4"
4.1481847000541165,0.04090951550751924,0.01950286626815796,0.02384657207876444,0.00041445134556852283,-0.0015768155397381633,6.783235003240406e-05,220.998,190.999,78.0,"0.02,0.06,-1.06,-1.68,-0.59,0.11,100622,24.4"
4.241175999981351,0.06021120883524418,0.01622807215899229,0.03772536516189575,0.0003431331133469939,-0.0025250358623452483,-0.00010859889443963766,220.998,190.999,78.0,"0.02,0.05,-1.06,-1.62,-0.47,-0.02,100628,24.4"
4.335162300034426,0.028257598355412483,0.010381625592708587,-0.010472285002470017,-4.219323163852095e-05,-0.0015127134451176972,0.0004243983537890017,220.998,190.999,78.0,"0.02,0.06,-1.06,-1.68,-0.47,0.04,100625,24.4"
4.429155300022103,0.06755774673074484,0.005755008943378925,0.04418998807668686,-6.525882054120302e-05,-0.002738700481131673,-0.00012697211932390928,220.998,190.999,78.0,"0.02,0.05,-1.06,-1.68,-0.47,0.04,100634,24.4"
4.523178200004622,0.023482215777039527,0.02688690572977066,-0.020191001147031783,0.0003744203364476562,-0.0009074438945390284,0.0002749433420831338,220.998,190.999,78.0,"0.02,0.05,-1.06,-1.68,-0.53,0.04,100620,24.4"
4.617156699998304,0.015421096608042717,0.026867062970995902,-0.02828677389770746,0.0005220269085839391,-0.0008329624775797129,0.0005366180266719311,220.998,190.999,78.0,"0.02,0.05,-1.06,-1.68,-0.53,-0.02,100620,24.4"
4.711135699995793,0.03515475671738386,0.02203797213733196,-0.002406775951385498,0.00037570905406028034,-0.001527440152131021,0.00023601913708262145,220.998,190.999,78.0,"0.02,0.05,-1.06,-1.68,-0.53,-0.02,100620,24.4"
4.805179700022563,0.021924860775470734,0.011676935479044914,-0.022281596064567567,-5.673886043950915e-05,-0.0012217957817483693,0.00047426654491573573,220.998,190.999,78.0,"0.02,0.05,-1.06,-1.68,-0.47,-0.02,100620,24.4"
4.898198600043543,0.014123682491481304,0.010935643315315246,-0.03301734756678343,-0.0001694916281849146,-0.00099994937190786,0.0006074528879253194,220.998,190.999,78.0,"0.02,0.05,-1.06,-1.68,-0.47,-0.02,100624,24.4"
4.992176000028849,0.04973880033940077,0.001974062994122505,0.024955328926444052,-0.00013555826153606177,-0.002436597237829119,0.0001559963566251099,220.998,190.999,78.0,"0.03,0.06,-1.06,-1.62,-0.47,-0.02,100634,24.4"
5.086155100027099,0.0469244260340929,-0.0065507391467690464,0.022825222834944724,-0.00046229690779000523,-0.002502144908066839,0.00023879074142314495,220.998,190.999,78.0,"0.02,0.06,-1.06,-1.68,-0.47,-0.02,100624,24.4"
5.1801822000416,0.05984825007617474,-0.023143159598112105,0.040264501422643664,-0.001143004058394581,-0.003224855905864388,0.00013495985185727478,220.998,190.999,78.0,"0.02,0.05,-1.06,-1.74,-0.47,-0.02,100626,24.4"
5.311181100085378,0.010351138561964035,0.05512763690203428,-0.042314907535910606,0.0015615843294654042,-0.00011890145251527428,0.0004134151677135378,220.998,191.139,78.0,"0.02,0.05,-1.06,-1.62,-0.47,-0.02,100625,24.4"
5.457158400095068,0.02956182714551687,0.01056582797318697,-0.008254886232316494,-3.938828594982624e-05,-0.0017096260795369743,0.0004031659453175962,220.998,191.495,78.0,"0.02,0.05,-1.06,-1.68,-0.47,-0.08,100620,24.4"
5.550197500037029,0.026094146072864532,0.014195721969008446,-0.014602980017662049,0.000163912505377084,-0.0012313119717873634,0.0004219372756779194,220.998,191.499,78.0,"0.02,0.05,-1.06,-1.68,-0.41,0.04,100620,24.4"
5.644182400079444,0.021790510788559914,0.03786963894963265,-0.018955386173911393,0.0009171219309791923,-0.0007433801423758268,0.0003077809291426092,220.998,191.499,78.0,"0.02,0.05,-1.06,-1.68,-0.53,-0.02,100629,24.4"
5.739142200094648,0.03989211916923523,0.012214498408138753,0.01245482051745057,6.0329842381179335e-05,-0.0017173660220578314,0.00017638988792896272,220.998,191.499,78.0,"0.02,0.05,-1.06,-1.62,-0.47,-0.02,100629,24.4"
5.833183599985205,0.01784602552652359,0.044498886540532114,-0.024798130616545677,0.001217307586921379,-0.00046509939711540936,0.00033642083290033045,220.998,191.499,78.0,"0.03,0.05,-1.06,-1.56,-0.47,-0.02,100612,24.4"
5.928149300045334,0.013614640571177006,0.0018111864104866982,-0.04294926896691322,-0.0004252413345966488,-0.0014014104555826635,0.0008075044024735689,220.998,191.499,78.0,"0.02,0.05,-1.06,-1.62,-0.47,-0.02,100622,24.4"
6.022193100070581,0.02446285989135504,0.05547444652765989,-0.01016679685562849,0.0015804414870217443,-0.0001607110199984163,4.1101532406173644e-05,220.998,191.499,78.0,"0.02,0.05,-1.06,-1.68,-0.47,-0.02,100620,24.4"
6.116170500055887,0.03737731743603945,0.06970326080918313,0.012917978689074516,0.0021074416115880014,-0.00017695357091724874,-0.0002423129219096154,220.998,191.499,78.0,"0.02,0.05,-1.06,-1.68,-0.41,-0.02,100624,24.4"
6.210177500033751,0.03942047152668238,0.0362673107534647,0.004404042661190033,0.0008758698706515134,-0.001206861762329936,6.628029514104128e-05,220.998,191.499,78.0,"0.03,0.05,-1.06,-1.62,-0.47,-0.02,100630,24.4"
6.3041923000710085,0.05283955670893192,-0.00012372508645057677,0.03529321663081646,-0.0002931040711700916,-0.0024637981317937375,7.101538358256221e-05,220.998,191.499,78.0,"0.02,0.05,-1.06,-1.68,-0.47,-0.02,100625,24.4"
6.398174100089818,0.022381778061389922,0.06600303277373314,-0.012454870482906699,0.0019609705661423503,-5.007535219192505e-05,7.283569721039385e-05,220.998,191.499,78.0,"0.02,0.05,-1.06,-1.62,-0.53,0.04,100620,24.4"
6.492154799983837,0.009981084428727627,0.01172982733696699,-0.03851679340004921,6.450897199101746e-05,-0.000920036603929475,0.0006712729344144463,220.998,191.499,78.0,"0.03,0.06,-1.06,-1.62,-0.47,0.04,100635,24.4"
6.622178000048734,0.037701657973229885,0.011831987649202347,-0.006343282014131546,2.192219253629446e-05,-0.0018716518301516772,0.00029902389505878093,220.998,191.889,78.0,"0.02,0.06,-1.06,-1.87,-0.35,0.04,100618,24.4"
6.774178000050597,0.06797537989914418,-0.00652163103222847,0.013447394222021103,-0.0002771676634438336,-0.0028637155424803495,-4.64484590338543e-05,220.998,191.999,78.0,"0.03,0.05,-1.06,-1.68,-0.53,-0.02,100629,24.4"
6.868198800017126,0.029528926126658916,0.004630578309297561,-0.057540617883205414,-0.0001151612028479576,-0.0014262284501455724,0.0005055227025877685,220.998,191.999,78.0,"0.02,0.05,-1.06,-1.68,-0.53,-0.02,100630,24.4"
6.96217539999634,0.028998924791812895,0.004508298821747303,-0.04993739817291498,-0.00014048939337953925,-0.0014963745954446495,0.0004485642595682293,220.998,191.999,78.0,"0.02,0.05,-1.06,-1.56,-0.47,-0.08,100622,24.4"
7.056173900025897,0.024095095694065094,-0.0009314250200986862,-0.06179004460573197,-0.0004215643159113824,-0.0015249902033247053,0.000620242825243622,220.998,191.999,78.0,"0.02,0.05,-1.06,-1.56,-0.59,-0.02,100628,24.4"
7.14923280000221,0.024586827773600817,0.042066336050629614,-0.06442562714219094,0.0011168204713612796,-0.00045900652185082436,0.00027537311834748837,220.998,191.999,78.0,"0.02,0.05,-1.06,-1.68,-0.53,-0.02,100624,24.4"
7.2432411999907345,0.04611678440123797,0.027241083234548567,-0.015115710906684399,0.0008246841607615352,-0.0012588818557560445,-3.490575472824276e-05,220.998,191.999,78.0,"0.02,0.05,-1.06,-1.68,-0.41,-0.02,100620,24.4"
7.338162300060503,0.027799945697188376,0.005916930362582206,-0.049313885346055034,-0.00014706413494423032,-0.0012832938286010177,0.0004311818280257285,220.998,191.999,78.0,"0.02,0.05,-1.06,-1.62,-0.53,0.11,100628,24.4"
7.432199500035495,0.009853524155914783,0.036928288638591766,-0.0650874737650156,0.0008378523285500705,6.537383887916803e-05,0.0004565468989312649,220.998,191.999,78.0,"0.02,0.06,-1.06,-1.62,-0.47,-0.02,100629,24.4"
7.526183200068772,0.04794960431754589,-0.012220561690628528,-0.01963500864803791,-0.0005797849735245109,-0.0024165424285456536,0.000280782557092607,220.998,191.999,78.0,"0.03,0.05,-1.06,-1.62,-0.47,0.11,100622,24.4"
7.6201960000908,0.04696115106344223,0.00794134959578514,-0.019958813302218915,5.324273370206356e-05,-0.0020166667411103843,0.00019302493892610074,220.998,191.999,78.0,"0.03,0.06,-1.07,-1.68,-0.53,-0.02,100624,24.4"
7.714211700018495,0.048091500997543335,0.06531539596617222,-0.0015309857204556464,0.0022970909369178115,-0.0005732848134357482,-0.00030193496495485307,220.998,191.999,78.0,"0.03,0.05,-1.06,-1.68,-0.53,0.04,100626,24.4"
7.8091714000329375,0.04797379765659571,0.040049760788679126,-0.013895954069448635,0.0011970540042966604,-0.0012261397787369788,-3.674483159556985e-05,220.998,191.999,78.0,"0.02,0.05,-1.06,-1.68,-0.53,-0.02,100628,24.4"
7.940197400050238,0.07087937593460084,-0.022395144030451775,0.008124516159296036,-0.0009181401692330837,-0.003208973613800481,-2.646875218488276e-05,220.998,192.461,78.0,"0.02,0.06,-1.06,-1.74,-0.47,-0.02,100621,24.4"
8.11123750009574,0.07053348794579506,-0.020530843734741212,-0.0625666432082653,-0.000599735789000988,-0.0031961559085175394,0.00014010497834533454,220.998,192.499,78.0,"0.02,0.05,-1.06,-1.74,-0.47,0.04,100629,24.4"
8.204223499982618,0.02297018878161907,0.07068766728043556,-0.12076361253857612,0.002251744270324707,0.0007188195595517755,0.00015352678601630033,220.998,192.499,78.0,"0.03,0.05,-1.06,-1.74,-0.47,-0.08,100630,24.4"
8.299190000048839,0.04838681570254266,0.009765307232737542,-0.07419793903827668,0.0001844372833147645,-0.0013991965912282466,0.00014171719085425137,220.998,192.499,78.0,"0.02,0.05,-1.06,-1.74,-0.47,-0.08,100629,24.4"
8.393227800028399,0.05039594527333975,0.030231037735939027,-0.07092255465686322,0.0008280222071334719,-0.0009597277559805662,3.7958379834890366e-06,220.998,192.499,78.0,"0.02,0.05,-1.06,-1.74,-0.47,-0.02,100614,24.4"
8.487210100051016,0.019780143164098263,0.019257454946637154,-0.11691660997457802,0.00041517671197652815,-0.00048257221933454273,0.0005656866647768766,220.998,192.499,78.0,"0.02,0.05,-1.06,-1.74,-0.53,-0.08,100620,24.4"
8.58118880004622,0.078788423538208,-0.05129975751042366,-0.03363121459260583,-0.001903891540132463,-0.004015130922198296,0.0002157835231628269,220.998,192.499,78.0,"0.03,0.05,-1.06,-1.74,-0.47,-0.02,100618,24.4"
8.675227400031872,0.05960206538438797,-0.0008886683732271195,-0.05593576054088771,-0.00027550203958526254,-0.0021692269947379827,0.00012785859871655703,220.998,192.499,78.0,"0.02,0.05,-1.06,-1.68,-0.47,-0.08,100620,24.4"
8.76823859999422,0.04897376354783774,0.021661436185240746,-0.0682329773902893,0.0006233577965758741,-0.0011865614796988666,8.988370536826551e-05,220.998,192.499,78.0,"0.02,0.05,-1.06,-1.68,-0.53,-0.02,100616,24.4"
8.861222499981523,0.076514932513237,-0.009125302359461785,-0.031380833312869075,-0.00028079317416995764,-0.0030381488148123028,-3.717474464792758e-05,220.998,192.499,78.0,"0.02,0.05,-1.06,-1.74,-0.53,-0.02,100622,24.4"
8.955205800011754,0.04918676139786839,-0.004684947803616524,-0.0732284676283598,-0.0003085545264184475,-0.002024413365870714,0.00030163435731083154,220.998,192.499,78.0,"0.02,0.05,-1.06,-1.74,-0.53,-0.08,100629,24.4"
9.049185200012289,0.038983598724007605,0.0328595656901598,-0.0842096752487123,0.0010186297062318773,-0.0007544727995991707,0.00020228310604579746,220.998,192.499,78.0,"0.02,0.06,-1.06,-1.68,-0.53,-0.02,100630,24.4"
9.143230200046673,0.06410461403429508,-0.004845969378948212,-0.058504638448357585,-0.0002991560148075223,-0.0023574188468046486,5.497157108038664e-05,220.998,192.499,78.0,"0.02,0.05,-1.06,-1.74,-0.53,-0.08,100618,24.4"
9.310243100044318,0.09378146827220916,0.003268584981560707,-0.036381107801571486,0.00024523866595700384,-0.0029179311299230904,-0.000425115879625082,220.998,192.959,78.0,"0.02,0.05,-1.06,-1.81,-0.47,-0.02,100620,24.4"
9.42720510007348,0.04875569036230445,-0.010863671824336053,-0.15591642260551453,-0.0004092462128028274,-0.0017342982348054648,0.00046600914793089033,220.998,192.999,78.0,"0.03,0.05,-1.06,-1.87,-0.47,0.04,100625,24.4"
9.520192900090478,0.03528222274035216,0.017169694975018503,-0.16120108515024184,0.0005272203241474926,-0.0005675203865393996,0.0003551246481947601,220.998,192.999,78.0,"0.02,0.06,-1.06,-1.81,-0.53,-0.08,100620,24.4"
9.614242300041951,0.05457679517567158,0.03281739689409733,-0.13182673007249832,0.0012122275307774543,-0.0007796729449182748,-5.229855596553534e-05,220.998,192.999,78.0,"0.02,0.05,-1.06,-1.68,-0.53,-0.02,100615,24.4"
9.708211700082757,0.05187644101679325,0.04714460559189319,-0.13362893760204314,0.0016552346758544445,-0.0003371200757101178,-6.16040575550869e-05,220.998,192.999,78.0,"0.02,0.05,-1.06,-1.81,-0.47,-0.02,100623,24.4"
9.802201500046067,0.028759795241057873,0.0620200626552105,-0.1622568905353546,0.0021192413987591863,0.0006972094881348312,0.00014582029252778738,220.998,192.999,78.0,"0.02,0.05,-1.06,-1.74,-0.53,0.04,100620,24.4"
9.896247700089589,0.07080024033784867,0.02953110635280609,-0.09429166689515114,0.0011958243092522025,-0.0013815322192385793,-0.00027865597658092154,220.998,192.999,78.0,"0.02,0.05,-1.06,-1.74,-0.47,-0.02,100619,24.4"
9.990237100049853,0.08982379585504532,-0.03498734012246132,-0.07175969928503037,-0.0011113436426967382,-0.0035473790019750597,-5.165889160707593e-05,220.998,192.999,78.0,"0.02,0.05,-1.06,-1.74,-0.59,-0.02,100622,24.4"
10.083219800028019,0.0546076787635684,0.012587606534361839,-0.13153091073036194,0.0004679473931901157,-0.0015369071799796075,0.00015983203775249422,220.998,192.999,78.0,"0.02,0.05,-1.06,-1.68,-0.53,-0.02,100630,24.4"
10.177198700024746,0.06394781172275543,-0.01622346565127373,-0.10603887662291527,-0.0005136492312885821,-0.002449680888094008,0.00015536228893324732,220.998,192.999,78.0,"0.02,0.05,-1.06,-1.74,-0.47,-0.02,100626,24.4"
10.271233300096355,0.04476424846798181,0.05753432549536228,-0.12761710323393344,0.002083120052702725,-4.196549707558006e-05,-3.2797703170217574e-05,220.998,192.999,78.0,"0.03,0.05,-1.06,-1.74,-0.47,-0.02,100622,24.4"
10.366212800028734,0.08478656560182571,-0.027546752616763114,-0.0779762402176857,-0.0007986345328390599,-0.003210376517381519,-2.495217486284673e-05,220.998,192.999,78.0,"0.02,0.06,-1.06,-1.74,-0.53,0.04,100621,24.4"
10.46025510004256,0.037497400492429736,0.04637320414185524,-0.14454630464315416,0.0016523503232747315,-0.000132305093575269,0.00019192836480215193,220.998,192.999,78.0,"0.02,0.05,-1.06,-1.74,-0.47,0.04,100624,24.4"
10.608247700030915,0.09395219385623932,-0.05031574070453644,-0.08931808918714523,-0.0015715317102149128,-0.003933321731165051,-1.177390804514289e-05,220.998,193.375,78.0,"0.02,0.05,-1.06,-2.11,-0.23,-0.02,100624,24.4"
10.74022550007794,0.07231920659542083,0.015696386434137823,-0.18800329118967057,0.0009701214614324272,-0.0014703964698128402,-8.615364495199174e-05,220.998,193.499,78.0,"0.02,0.05,-1.06,-1.68,-0.65,-0.08,100615,24.4"
10.833221400040202,0.10210065841674805,-0.03576187454164028,-0.14051417112350464,-0.0009966258890926837,-0.003556635417044163,-0.0001852183719165623,220.998,193.499,78.0,"0.02,0.06,-1.06,-1.74,-0.53,-0.08,100630,24.4"
10.927254999987781,0.07448858395218849,0.01377344261854887,-0.17688894718885423,0.0007357833907008171,-0.0015140809817239642,-0.00013678363466169686,220.998,193.499,78.0,"0.02,0.05,-1.06,-1.68,-0.53,-0.02,100625,24.4"
11.021234799991362,0.06037221811711788,0.028215741366147996,-0.19316535145044328,0.001224873773753643,-0.0009161220281384885,7.3581788456067445e-06,220.998,193.499,78.0,"0.03,0.05,-1.06,-1.68,-0.59,-0.02,100622,24.4"
11.115212799981236,0.07720881011337041,-0.00963563285768032,-0.16597673743963243,-0.00010302914306521415,-0.0021901668747887014,2.165918704122305e-05,220.998,193.499,78.0,"0.03,0.06,-1.06,-1.74,-0.53,-0.02,100612,24.4"
11.209272700012662,0.03336871787905693,0.03316797036677599,-0.2359740376472473,0.0011940449010580778,0.00013833777047693728,0.000439862790517509,220.998,193.499,78.0,"0.02,0.05,-1.06,-1.68,-0.53,-0.02,100620,24.4"
11.303245500079356,0.10250583589076996,-0.00764181800186634,-0.12596788257360458,0.00014504780992865562,-0.003022539452649653,-0.0003034327179193497,220.998,193.499,78.0,"0.02,0.05,-1.06,-1.68,-0.53,-0.02,100620,24.4"
11.398265100084245,0.08381077051162719,-0.016363120824098586,-0.1470499023795128,-0.00027236376190558075,-0.002490284779923968,-9.760878165252507e-05,220.998,193.499,78.0,"0.02,0.05,-1.06,-1.68,-0.53,0.04,100621,24.4"
11.492240100051276,0.054640010185539725,-0.004280701838433742,-0.1953932225704193,0.00014044202398508788,-0.0014489556720945983,0.0002983131678774953,220.998,193.499,78.0,"0.02,0.05,-1.06,-1.62,-0.59,-0.02,100616,24.4"
11.58622220007237,0.034041466936469075,0.008198423497378825,-0.2362908661365509,0.0003824496758170426,-0.0006082829087972641,0.000614748353837058,220.998,193.499,78.0,"0.02,0.05,-1.06,-1.56,-0.59,-0.02,100620,24.4"
11.680269400007091,0.06431593168526888,-0.0033139292150735854,-0.16550810784101486,0.00025207014987245203,-0.0017590087139979006,0.00015161098563112318,220.998,193.499,78.0,"0.02,0.05,-1.06,-1.62,-0.59,-0.02,100624,24.4"
11.774251500028186,0.09282894134521484,-0.03525564260780811,-0.13671454638242722,-0.0009002331411466002,-0.003392571781296283,-2.5498151080682875e-05,220.998,193.499,78.0,"0.03,0.05,-1.06,-1.62,-0.59,0.04,100619,24.4"
11.905253400094807,0.1032008871436119,-0.043879705294966695,-0.12299825996160507,-0.0012892844970338047,-0.0038065974600613116,-0.00015442284056916834,220.998,193.521,78.0,"0.02,0.05,-1.06,-1.68,-0.53,0.04,100630,24.4"
12.054225200088695,0.08054770119488239,-0.015640107914805412,-0.23714657723903657,-0.00012972747208550572,-0.001914373750332743,-1.8790934700518846e-05,220.998,193.993,78.0,"0.02,0.06,-1.06,-1.68,-0.59,-0.02,100620,24.4"
12.15127840009518,0.03728320933878422,0.013941526785492897,-0.3151494741439819,0.0007784695131704211,2.0279246382415294e-05,0.0005290331086143851,220.998,193.999,78.0,"0.02,0.05,-1.06,-1.62,-0.65,-0.08,100614,24.4"
12.245260700001381,0.04368746317923069,0.007865728624165059,-0.296343657374382,0.0007590522523969412,-0.0004954934702254832,0.000476936309132725,220.998,193.999,78.0,"0.02,0.06,-1.06,-1.68,-0.59,-0.08,100614,24.4"
12.34030200005509,0.11288469284772873,-0.038213378936052325,-0.18708277940750123,-0.000739785679616034,-0.0036675092997029424,-0.00021910254145041108,220.998,193.999,78.0,"0.02,0.05,-1.06,-1.62,-0.53,-0.08,100627,24.4"
12.434270000085235,0.05943863056600094,0.02685743309557438,-0.2574558824300766,0.0014300879673101008,-0.0004427029169164598,6.661096413154154e-05,220.998,193.999,78.0,"0.02,0.05,-1.06,-1.62,-0.65,-0.08,100620,24.4"
12.52922920009587,0.0774671358987689,0.020149899274110795,-0.23556866347789765,0.001053109997883439,-0.0009712669532746076,-0.00014110750344116242,220.998,193.999,78.0,"0.02,0.06,-1.06,-1.62,-0.59,-0.02,100628,24.4"
12.622282200027257,0.06722391732037067,-0.009813888557255268,-0.25377129316329955,6.355803925544024e-05,-0.0015472726197913289,0.00030430423794314265,220.998,193.999,78.0,"0.02,0.06,-1.06,-1.62,-0.59,-0.02,100625,24.4"
12.716265400056727,0.08575021997094154,0.015026485174894333,-0.22022754848003387,0.0009524605935439468,-0.0015852923737838865,-0.0002499835565686226,220.998,193.999,78.0,"0.02,0.05,-1.06,-1.62,-0.59,-0.08,100628,24.4"
12.811235500033945,0.07259564250707626,-0.013072878122329712,-0.2397027313709259,-1.3812840916216373e-05,-0.0018541107885539532,0.00021144726561033166,220.998,193.999,78.0,"0.02,0.05,-1.06,-1.62,-0.59,0.04,100626,24.4"
12.905273500015028,0.06187782287597656,0.02812141925096512,-0.2576532274484634,0.0014323745737783611,-0.0005093217361718417,0.00011584351304918527,220.998,193.999,78.0,"0.02,0.05,-1.06,-1.56,-0.72,-0.08,100624,24.4"
12.999249099986628,0.06932365186512471,0.04330168329179287,-0.23788079917430877,0.0018625776516273617,-0.00023333424469456076,-0.000213876660563983,220.998,193.999,78.0,"0.03,0.06,-1.06,-1.62,-0.59,-0.02,100619,24.4"
13.09323380002752,0.07205974850803613,-0.006853408180177212,-0.22832879722118377,0.00010967727284878492,-0.0015141241485252977,9.118674788624048e-05,220.998,194.489,78.0,"0.02,0.05,-1.06,-1.56,-0.59,0.04,100624,24.4"
13.28127660008613,0.07501898445189,0.013881298713386059,-0.33536985516548157,0.0012592508224770426,-0.0006372895208187401,-7.066293037496507e-05,220.998,194.499,78.0,"0.03,0.05,-1.06,-1.56,-0.65,0.04,100618,24.4"
13.375239700078964,0.08536533787846565,0.0038487069308757783,-0.30886594355106356,0.0007440438959747553,-0.0013494783779606223,-7.690441416343674e-05,220.998,194.499,78.0,"0.02,0.05,-1.06,-1.56,-0.59,-0.02,100626,24.4"
13.46830670000054,0.046617186069488524,0.0058341830968856815,-0.35762194991111756,0.0008240858209319412,-4.055016906931996e-05,0.0005165236652828753,220.998,194.499,78.0,"0.02,0.06,-1.06,-1.56,-0.72,-0.02,100620,24.4"
13.563262399984524,0.045663267374038696,0.04060721080750227,-0.36159647107124326,0.0021227947203442455,0.0006065703928470612,0.0003088000550633296,220.998,194.499,78.0,"0.02,0.05,-1.06,-1.56,-0.72,-0.02,100618,24.4"
13.657321800012141,0.0526643194258213,0.000322379544377327,-0.34927915334701537,0.0006880895001813769,-0.0005761142587289214,0.0004524240968748927,220.998,194.499,78.0,"0.03,0.06,-1.06,-1.68,-0.65,-0.08,100620,24.4"
13.751293700071983,0.05910513401031494,-0.004818057641386986,-0.3282061338424683,0.0003412135760299861,-0.0006480840733274817,0.0003644674550741911,220.998,194.499,78.0,"0.02,0.05,-1.06,-1.56,-0.72,0.04,100627,24.4"
13.84526490001008,0.12461940497159958,-0.0433602087199688,-0.24225268363952637,-0.0006425287574529648,-0.003710560128092766,-0.00028169868746772406,220.998,194.499,78.0,"0.03,0.05,-1.06,-1.62,-0.65,-0.02,100626,24.4"
13.939306400017813,0.0723911914974451,-0.03934134915471077,-0.3124275475740433,-0.0007917647948488593,-0.00184882371686399,0.00046169303823262453,220.998,194.499,78.0,"0.02,0.05,-1.06,-1.56,-0.65,-0.02,100630,24.4"
14.03328319999855,0.05292158983647823,-0.0034361906349658967,-0.33650232255458834,0.0005447944859042764,-0.0007334088208153844,0.0004520727277849801,220.998,194.499,78.0,"0.02,0.05,-1.06,-1.50,-0.65,-0.08,100623,24.4"
14.128252000082284,0.10391553603112698,-0.033793621510267255,-0.2623197376728058,-0.000391287007369101,-0.002866006107069552,-3.195747849531472e-05,220.998,194.499,78.0,"0.02,0.06,-1.06,-1.50,-0.59,-0.08,100628,24.4"
14.223272999981418,0.12026126086711883,-0.0630745992064476,-0.24408442080020903,-0.001336511829867959,-0.004142293985933065,-3.177145263180137e-05,220.998,194.499,78.0,"0.03,0.05,-1.06,-1.56,-0.59,-0.14,100619,24.4"
14.318336800090037,0.0726509727537632,0.01551493927836418,-0.3696412205696106,0.0015827904921025039,-0.0006375824799761176,9.715752094052732e-05,220.998,194.981,78.0,"0.03,0.06,-1.06,-1.56,-0.78,-0.02,100622,24.4"
14.413279900094494,0.07799152918159961,-0.011686613783240318,-0.4143803775310516,0.0006052982527762652,-0.0011150557082146406,0.00019951643189415337,220.998,194.999,78.0,"0.02,0.05,-1.06,-1.44,-0.65,-0.08,100624,24.4"
14.507322999997996,0.08071622550487519,-0.03758437316864729,-0.3991874039173126,-0.00032331012189388273,-0.001746782986447215,0.0003668272169306874,220.998,194.999,78.0,"0.02,0.05,-1.06,-1.50,-0.72,-0.08,100616,24.4"
14.601284700096585,0.10072295516729354,-0.043520253896713254,-0.35095669627189635,-0.0004961589816957712,-0.0024980169022455812,6.383388827089221e-05,220.998,194.999,78.0,"0.03,0.06,-1.06,-1.44,-0.65,-0.08,100621,24.4"
14.694282500073314,0.08389819115400314,0.030071909725666045,-0.37244378328323363,0.002141863852739334,-0.00010441686026751995,-0.00019166955607943236,220.998,194.999,78.0,"0.03,0.05,-1.06,-1.50,-0.59,-0.02,100625,24.4"
14.788264200091362,0.053650441020727156,0.009812895953655244,-0.4223432779312134,0.0012585474760271609,0.00010917095933109522,0.0003831847774563357,220.998,194.999,78.0,"0.03,0.05,-1.06,-1.44,-0.72,-0.02,100629,24.4"
14.882306099985726,0.05115598402917385,-0.00468477476388216,-0.42582644820213317,0.00082033087965101,-0.00014602908631786705,0.0005836985656060278,220.998,194.999,78.0,"0.02,0.05,-1.06,-1.44,-0.65,-0.08,100621,24.4"
14.976287299999967,0.0829444445669651,0.005232303030788898,-0.36518478989601133,0.0012078187661245464,-0.0007031204644590616,-1.1644972255453468e-05,220.998,194.999,78.0,"0.02,0.05,-1.06,-1.44,-0.65,-0.08,100620,24.4"
15.071320899995044,0.05344975143671036,0.0198324803262949,-0.421515953540802,0.0014856128487735986,0.00024125133641064166,0.0004223569092573598,220.998,194.999,78.0,"0.02,0.05,-1.06,-1.44,-0.65,-0.14,100625,24.4"
15.165296800085343,0.07526668719947338,-0.013370908424258232,-0.3859752953052521,0.00047748747747391464,-0.0010437050717882813,0.00031815185211598874,220.998,194.999,78.0,"0.02,0.05,-1.06,-1.38,-0.78,-0.14,100628,24.4"
15.259273000061512,0.048675811663269994,0.0041820816695690155,-0.4183726668357849,0.001083813316654414,8.118388941511512e-05,0.0005447859351988882,220.998,194.999,78.0,"0.03,0.06,-1.06,-1.44,-0.72,-0.14,100607,24.4"
15.354297999991104,0.05567905008792877,-0.0136298855766654,-0.4069870293140411,0.00038443285739049317,-0.0003966996446251869,0.0005220957566052676,220.998,194.999,78.0,"0.02,0.05,-1.06,-1.44,-0.72,-0.08,100624,24.4"
15.459289700025693,0.10762522667646408,-0.06119919866323471,-0.39810034036636355,-0.0009071203880012035,-0.002964559243991971,6.516842404380441e-05,220.998,195.469,78.0,"0.02,0.06,-1.06,-1.38,-0.78,-0.08,100623,24.4"
15.553276700084098,0.12984971404075624,-0.054611557722091676,-0.40856883525848386,-0.0003172768047079444,-0.0030006082262843846,-0.0003119628527201712,220.998,195.499,78.0,"0.02,0.06,-1.06,-1.38,-0.59,-0.02,100624,24.4"
15.646279499982484,0.08033196702599525,-0.036254024133086205,-0.47101391553878785,6.237379275262356e-05,-0.0012190201319754123,0.0003613221342675388,220.998,195.499,78.0,"0.02,0.06,-1.06,-1.38,-0.72,-0.02,100626,24.4"
15.739326099981554,0.08807853199541568,-0.07228151485323905,-0.4582571923732758,-0.00110916867852211,-0.002360202884301543,0.000467653525993228,220.998,195.499,78.0,"0.02,0.05,-1.06,-1.32,-0.72,-0.08,100624,24.4"
15.83333940000739,0.07839685380458832,-0.008754554577171803,-0.4560939848423004,0.0009610285749658942,-0.0003918113885447383,8.650273084640503e-05,220.998,195.499,78.0,"0.03,0.06,-1.06,-1.32,-0.59,-0.02,100628,24.4"
15.927286199992523,0.11672660112380981,-0.0626432791352272,-0.4041176974773407,-0.0006808522623032332,-0.003041065949946642,4.6805286547169087e-05,220.998,195.499,78.0,"0.03,0.06,-1.06,-1.26,-0.65,-0.08,100624,24.4"
16.022314800065942,0.12558664232492447,-0.03465548902750015,-0.39560425877571104,0.0002193688414990902,-0.0026515668956562876,-0.0002498517977073789,220.998,195.499,78.0,"0.02,0.06,-1.06,-1.26,-0.65,-0.08,100616,24.4"
16.116296700085513,0.07847572565078735,-0.024548115953803063,-0.45549631118774414,0.0004270206205546856,-0.0009924358571879565,0.0003039060247829184,220.998,195.499,78.0,"0.02,0.05,-1.06,-1.26,-0.59,-0.02,100623,24.4"
16.211345300078392,0.05980197675526142,-0.031860730797052386,-0.482191264629364,-1.4979369007050991e-05,-0.0006117976270616054,0.0006749541033059358,220.998,195.499,78.0,"0.02,0.06,-1.06,-1.26,-0.65,-0.08,100616,24.4"
16.30628720007371,0.07820532619953155,-0.04368036277592182,-0.4458764255046844,-0.00036603971384465697,-0.0013344858773052693,0.00042142616584897043,220.998,195.499,78.0,"0.02,0.05,-1.06,-1.32,-0.65,-0.14,100624,24.4"
16.400341300060973,0.10960379242897034,-0.05139664709568024,-0.4135139286518097,-0.0003455230500549078,-0.0026648347498849033,9.938438888639212e-05,220.998,195.499,78.0,"0.02,0.05,-1.06,-1.26,-0.65,-0.08,100615,24.4"
16.49333040008787,0.09134339541196823,-0.022569731622934342,-0.42524263858795164,0.0005602342775091529,-0.0014162634499371052,0.00010064808593597263,220.998,195.499,78.0,"0.03,0.06,-1.06,-1.26,-0.72,-0.08,100623,24.4"
16.587299300008453,0.085559206828475,-0.021385485492646693,-0.4769030749797821,0.0008446752559393645,-0.0009358563111163676,0.00017539109103381634,220.998,195.987,78.0,"0.02,0.06,-1.06,-1.13,-0.65,-0.02,100622,24.4"
16.712302000029013,0.11308411806821823,-0.04472683854401112,-0.5092996418476105,0.00043493781704455613,-0.002153730019927025,-2.175749687012285e-05,220.998,195.999,78.0,"0.03,0.06,-1.06,-1.13,-0.65,-0.08,100623,24.4"
16.806337699992582,0.07766846790909768,-0.051997157745063305,-0.5660384774208069,-0.00017981124110519887,-0.0014011155115440487,0.0005673688021488488,220.998,195.999,78.0,"0.03,0.06,-1.06,-1.13,-0.53,-0.08,100619,24.4"
16.900337300030515,0.10457520261406898,-0.03666238933801651,-0.5064284443855286,0.0008220612769946456,-0.0018045966047793628,4.65424032881856e-05,220.998,195.999,78.0,"0.02,0.05,-1.06,-1.07,-0.65,-0.14,100621,24.4"
16.994310000096448,0.10239456444978715,-0.04864550791680813,-0.5021882474422454,9.936862625181675e-05,-0.0017601659987121821,7.83334719017148e-05,220.998,195.999,78.0,"0.03,0.05,-1.06,-1.07,-0.65,-0.14,100630,24.4"
17.08930870005861,0.07426109090447426,-0.05443919729441404,-0.5452918529510498,-0.0002446939470246434,-0.0011031940812245011,0.0005475037731230259,220.998,195.999,78.0,"0.03,0.05,-1.06,-1.13,-0.59,-0.08,100629,24.4"
17.183286000043154,0.10814733356237412,-0.05168826952576637,-0.49084059000015257,9.164321236312389e-05,-0.0022001902107149363,7.827354129403829e-05,220.998,195.999,78.0,"0.02,0.06,-1.06,-1.07,-0.65,-0.08,100629,24.4"
17.277336500003003,0.09738585948944092,-0.05925916954874992,-0.5078476965427399,-0.0002539115259423852,-0.0019705317448824645,0.00029347169911488893,220.998,195.999,78.0,"0.02,0.05,-1.06,-1.07,-0.59,-0.08,100626,24.4"
17.372332900064066,0.08082901239395142,-0.027808788418769836,-0.5234498918056488,0.0008429114473983646,-0.0007709284545853734,0.0002873327932320535,220.998,195.999,78.0,"0.03,0.05,-1.06,-1.07,-0.59,-0.14,100621,24.4"
17.46633930003736,0.0980471283197403,0.005697199702262878,-0.5012888193130494,0.0020920172100886703,-0.0005339064635336399,-0.00015837582759559155,220.998,195.999,78.0,"0.03,0.05,-1.06,-1.07,-0.59,-0.14,100622,24.4"
17.560353700071573,0.08582112863659859,-0.02906976416707039,-0.5084972500801086,0.0007587042404338717,-0.0008214313769713044,0.0002356296929065138,220.998,195.999,78.0,"0.02,0.05,-1.06,-1.07,-0.53,-0.08,100622,24.4"
17.654299600049853,0.08030440881848336,-0.044696776382625106,-0.5230830371379852,7.3105795308947565e-06,-0.001087908959016204,0.0004404314677231014,220.998,195.999,78.0,"0.02,0.05,-1.06,-1.07,-0.59,-0.14,100620,24.4"
17.7543166000396,0.06862754896283149,-0.03960623387247324,-0.6280237913131714,0.0007111011538654566,-0.0003600985510274768,0.000504197328700684,220.998,196.495,78.0,"0.02,0.06,-1.06,-1.07,-0.47,-0.14,100629,24.4"
17.87430220004171,0.095767917111516,-0.08093037754297257,-0.6187348246574402,-0.0003876503789797425,-0.0017698619281873106,0.0003574893460609019,220.998,196.499,78.0,"0.02,0.06,-1.06,-0.89,-0.59,-0.08,100622,24.4"
17.968359900056385,0.10814250856637955,-0.028253332152962683,-0.5868214726448059,0.001289169955998659,-0.0008698983816429973,-0.00023899092921055853,220.998,196.499,78.0,"0.02,0.06,-1.06,-0.83,-0.65,-0.14,100617,24.4"
18.062335500027984,0.09225868061184883,-0.08333794251084328,-0.6170126557350158,-0.0006355950376018882,-0.0020118228858336806,0.0005449468037113548,220.998,196.499,78.0,"0.03,0.06,-1.06,-0.95,-0.53,-0.14,100628,24.4"
18.155345599981956,0.09357032924890518,-0.05798527672886848,-0.5991705775260925,0.0003125791205093265,-0.0013937057927250862,0.00029260211158543825,220.998,196.499,78.0,"0.02,0.05,-1.06,-0.89,-0.59,-0.20,100625,24.4"
18.24930340005085,0.10823480114340782,-0.04959747847169638,-0.5748635411262513,0.0006347637390717864,-0.001574821793474257,1.586388680152595e-05,220.998,196.499,78.0,"0.03,0.06,-1.06,-0.89,-0.53,-0.08,100623,24.4"
18.34337040001992,0.09264998510479927,-0.04040598571300506,-0.5966014862060547,0.0009379994124174118,-0.0009452984668314457,0.0002004287263844162,220.998,196.499,78.0,"0.03,0.06,-1.06,-0.95,-0.53,-0.20,100629,24.4"
18.437320800032467,0.06769935712218285,-0.04350445549935102,-0.6302151679992676,0.0006597555940970779,-0.0003036426613107324,0.0005826193199027329,220.998,196.499,78.0,"0.02,0.06,-1.06,-0.83,-0.53,-0.14,100615,24.4"
18.53130690008402,0.12330475598573684,-0.09875366687774659,-0.541497552394867,-0.0012561934068799018,-0.0031411533243954183,6.282358663156629e-05,220.998,196.499,78.0,"0.02,0.05,-1.06,-0.89,-0.59,-0.14,100630,24.4"
18.625358100049198,0.10482352524995804,-0.08948052674531937,-0.5674692749977112,-0.000977159384638071,-0.002597071323543787,0.00039736084290780126,220.998,196.499,78.0,"0.03,0.06,-1.06,-0.89,-0.59,-0.14,100620,24.4"
18.71933800005354,0.10221216827630997,-0.07879304513335228,-0.5727206230163574,-0.00047371801920235155,-0.002146612643264234,0.00033325465628877284,220.998,196.499,78.0,"0.02,0.05,-1.06,-0.89,-0.59,-0.08,100621,24.4"
18.812330699991435,0.11855952441692352,-0.09829860627651214,-0.5520784616470337,-0.0012251198524609209,-0.0032030823174864055,0.00025462143821641803,220.998,196.501,78.0,"0.03,0.06,-1.06,-0.89,-0.59,-0.14,100616,24.4"
18.908342399983667,0.1250854402780533,-0.11124772280454635,-0.6520729899406433,-0.0009236991871148347,-0.0031351414509117603,0.00012002139119431377,220.998,196.993,78.0,"0.03,0.06,-1.06,-0.89,-0.53,-0.14,100621,24.4"
19.008354300050996,0.1319474995136261,-0.1076822429895401,-0.6600419163703919,-0.0006797163747251034,-0.0031455738935619593,-4.647669848054647e-05,220.998,196.999,78.0,"0.03,0.06,-1.06,-0.83,-0.65,-0.14,100615,24.4"
19.102322400081903,0.1091213807463646,-0.08782754465937614,-0.6811629414558411,-0.00017186575569212438,-0.0020378360291942953,0.00019629725720733405,220.998,196.999,78.0,"0.03,0.06,-1.06,-0.89,-0.53,-0.08,100620,24.4"
19.196378100081347,0.11984886080026627,-0.12713313847780228,-0.652313482761383,-0.0014904577750712634,-0.003212076984345913,0.00033727382542565466,220.998,196.999,78.0,"0.03,0.06,-1.06,-0.83,-0.59,-0.08,100627,24.4"
19.28937890008092,0.12360635474324226,-0.0742707122117281,-0.6383581638336182,0.00039648418314754965,-0.0021533450577408074,-0.00014013402978889643,220.998,196.999,78.0,"0.03,0.06,-1.06,-0.77,-0.59,-0.08,100624,24.4"
19.383374800090678,0.10745408535003662,-0.030044277384877204,-0.6635854959487915,0.001938716392032802,-0.0006025080569088459,-7.737127598375081e-05,220.998,196.999,78.0,"0.02,0.05,-1.06,-0.83,-0.53,-0.08,100626,24.4"
19.477326899999753,0.11552958562970161,-0.07396122552454472,-0.6425547003746033,0.00023396187461912631,-0.0016833778005093335,-1.4179013669490815e-05,220.998,196.999,78.0,"0.03,0.06,-1.06,-0.77,-0.59,-0.14,100636,24.4"
19.57032070006244,0.10976709723472595,-0.10210000164806843,-0.6543733954429627,-0.0007100989576429128,-0.002413611114025116,0.0003452135075349361,220.998,196.999,78.0,"0.02,0.05,-1.06,-0.83,-0.65,-0.20,100635,24.4"
19.66436410008464,0.10720825344324111,-0.06207094341516495,-0.6516499280929565,0.0006039688596501946,-0.001413733372464776,0.00012521310709416865,220.998,196.999,78.0,"0.03,0.06,-1.06,-0.77,-0.53,-0.08,100627,24.4"
19.758347199996933,0.07712809890508651,-0.055605513229966166,-0.7013446092605591,0.0008016673848032952,-0.0004260579589754343,0.0004883195273578167,220.998,196.999,78.0,"0.03,0.06,-1.06,-0.77,-0.59,-0.14,100624,24.4"
19.851338800042868,0.08913072124123574,-0.07377509810030461,-0.6707038402557373,0.0001792512834072113,-0.0011766550363972784,0.0003964087285567075,220.998,196.999,78.0,"0.03,0.06,-1.06,-0.77,-0.53,-0.14,100622,24.4"
19.94538630009629,0.11406815946102142,-0.06108395904302597,-0.635811734199524,0.000676289782859385,-0.0014815071132034062,-2.7554098051041364e-05,220.998,197.129,78.0,"0.02,0.05,-1.06,-1.44,0.02,-0.02,100626,24.4"
20.07337970007211,0.0892035685479641,-0.0994704693555832,-0.8378763914108276,0.00021209313999861478,-0.0009317893069237471,0.00047848871909081934,220.998,197.495,78.0,"0.03,0.06,-1.06,-0.83,-0.53,-0.20,100634,24.4"
20.16637830005493,0.0937840536236763,-0.12350519001483917,-0.8330746054649353,-0.0007790392963215708,-0.0018705815076828004,0.0007639259565621614,220.998,197.499,78.0,"0.03,0.05,-1.06,-0.77,-0.47,-0.14,100619,24.4"
20.260357800056227,0.11897052899003029,-0.08986929673701524,-0.7727428793907165,0.0005256058182567358,-0.0015561522915959359,5.905127036385238e-05,220.998,197.499,78.0,"0.03,0.06,-1.06,-0.65,-0.59,-0.08,100618,24.4"
20.354329800000414,0.13684652447700502,-0.06759991087019443,-0.7208805561065674,0.0013694866094738245,-0.0015609704656526445,-0.0005009044893085956,220.998,197.499,78.0,"0.03,0.06,-1.06,-0.77,-0.47,-0.08,100630,24.4"
20.44837490003556,0.13139558732509612,-0.14656750857830048,-0.737664771080017,-0.0016376659739762544,-0.0034334841184318066,0.00023640687577426435,220.998,197.499,78.0,"0.03,0.06,-1.06,-0.71,-0.53,-0.08,100624,24.4"
20.54235800006427,0.14844682961702346,-0.10215114057064056,-0.7104536175727845,4.0504708886146544e-05,-0.002760528074577451,-0.00026956523070111873,220.998,197.499,78.0,"0.03,0.06,-1.06,-0.71,-0.59,-0.14,100630,24.4"
20.63633370003663,0.11976446509361267,-0.12162039875984192,-0.7511817216873169,-0.000722562032751739,-0.0026752198580652477,0.00036574897821992634,220.998,197.499,78.0,"0.03,0.06,-1.06,-0.77,-0.47,-0.14,100618,24.4"
20.7303966000909,0.1364911437034607,-0.1309933617711067,-0.7075770854949951,-0.0009600785560905933,-0.0031818263698369263,0.0001265095779672265,220.998,197.499,78.0,"0.03,0.06,-1.06,-0.65,-0.59,-0.20,100623,24.4"
20.824363899999298,0.07121246904134751,-0.07713866308331489,-0.8152169346809387,0.0006291975500062108,-0.00020711254328489303,0.0007450604520272463,220.998,197.499,78.0,"0.03,0.06,-1.06,-0.71,-0.53,-0.14,100633,24.4"
20.919394500087947,0.06822949126362801,-0.05988220311701298,-0.8134382605552674,0.0012124013155698776,0.00037797000259160997,0.0006970035727135837,220.998,197.499,78.0,"0.03,0.06,-1.06,-0.71,-0.41,-0.14,100619,24.4"
21.014351800084114,0.11854672431945801,-0.09842575304210185,-0.7283999919891357,-3.957608714699745e-06,-0.0020102589624002576,0.0001407712115906179,220.998,197.499,78.0,"0.03,0.06,-1.06,-0.71,-0.59,-0.20,100622,24.4"
21.108389100059867,0.10984346717596054,-0.11784072518348694,-0.750568401813507,-0.0006992128444835543,-0.002577907545492053,0.0005615532281808555,220.998,197.611,78.0,"0.03,0.05,-1.06,-1.26,0.08,-0.08,100627,24.4"
21.213378000073135,0.151719169318676,-0.12383512258529664,-0.8776597619056702,0.0003542603459209204,-0.0023812724277377127,-0.0002754862071014941,220.998,197.995,78.0,"0.03,0.06,-1.06,-0.77,-0.53,-0.08,100626,24.4"
21.305389199987985,0.09847197085618972,-0.12826755717396737,-0.95150728225708,-3.203472588211298e-05,-0.000861297594383359,0.0006082902371417731,220.998,197.999,78.0,"0.03,0.06,-1.06,-0.77,-0.53,-0.14,100622,24.4"
21.40036329999566,0.15399981439113616,-0.12920065522193908,-0.8449740290641785,0.00018278546631336212,-0.002760950801894069,-0.0002011206466704607,220.998,197.999,78.0,"0.03,0.06,-1.06,-0.65,-0.59,-0.14,100622,24.4"
21.49334960000124,0.09023445844650269,-0.0566189281642437,-0.9329358577728272,0.002484556520357728,0.000722308224067092,0.0003004235797561705,220.998,197.999,78.0,"0.03,0.06,-1.06,-0.71,-0.47,-0.08,100628,24.4"
21.587397700059228,0.11566422358155251,-0.11438758820295333,-0.8774092435836792,0.0003643186762928963,-0.0010775462724268436,0.00022546425461769103,220.998,197.999,78.0,"0.03,0.06,-1.06,-0.65,-0.59,-0.20,100618,24.4"
21.681373900035396,0.1315824031829834,-0.09066978842020035,-0.8583490490913391,0.0012609376106411218,-0.0009796107187867165,-0.00013236143859103323,220.998,197.999,78.0,"0.03,0.06,-1.06,-0.71,-0.59,-0.20,100613,24.4"
21.775396900018677,0.10741828978061677,-0.06234423704445362,-0.8844086408615113,0.0022584129590541126,0.00012801559641957284,6.143555510789156e-05,220.998,197.999,78.0,"0.02,0.06,-1.06,-0.71,-0.47,-0.08,100634,24.4"
21.868350800010376,0.11306555569171906,-0.09339685924351215,-0.8738518238067627,0.0010163699742406606,-0.0008254941552877426,0.00011246455833315849,220.998,197.999,78.0,"0.03,0.06,-1.06,-0.65,-0.59,-0.14,100610,24.4"
21.962397700059228,0.11876942962408066,-0.09891512095928193,-0.8630301475524902,0.000896471948362887,-0.0012592026963829995,0.00020616465480998157,220.998,197.999,78.0,"0.02,0.06,-1.06,-0.71,-0.59,-0.08,100616,24.4"
22.056383999995887,0.09338469132781028,-0.06816185005009175,-0.8877607226371765,0.0018536877585574984,0.00048532681539654733,0.000277729460503906,220.998,197.999,78.0,"0.03,0.06,-1.06,-0.71,-0.47,-0.20,100622,24.4"
22.150353500037454,0.10334047824144363,-0.08232756704092026,-0.8782068729400635,0.001336178556084633,-0.000179517874494195,0.000192062184214592,220.998,197.999,78.0,"0.03,0.06,-1.06,-0.65,-0.59,-0.20,100629,24.4"
22.244398300070316,0.13471347093582153,-0.12152268439531326,-0.8287720203399658,0.00017872503958642482,-0.002170794503763318,4.1330966632813214e-05,220.998,198.007,78.0,"0.03,0.06,-1.06,-0.71,-0.47,-0.14,100628,24.4"
22.338384400005452,0.11192608177661896,-0.1472002923488617,-1.085378646850586,0.00021180729381740094,-0.0005806026980280876,0.0006278489774558694,220.998,198.495,78.0,"0.03,0.06,-1.06,-0.95,-0.53,-0.14,100621,24.4"
22.4463870000327,0.1693359762430191,-0.19672826826572418,-1.0089462637901305,-0.0009693377185612917,-0.003090183809399605,2.468307502567768e-06,220.998,198.499,78.0,"0.03,0.06,-1.06,-0.77,-0.59,-0.08,100626,24.4"
22.540375199983828,0.14727257043123246,-0.15812382102012634,-1.0210616946220399,0.0003023054450750351,-0.0019392143934965135,9.679475333541631e-05,220.998,198.499,78.0,"0.03,0.06,-1.06,-0.77,-0.65,-0.20,100624,24.4"
22.633420400088653,0.106401327252388,-0.10966101586818695,-1.0575270533561707,0.0016610614024102689,0.0006098701618611812,0.0003583179088309407,220.998,198.499,78.0,"0.03,0.06,-1.06,-0.77,-0.47,-0.14,100621,24.4"
22.727400100091472,0.1438055917620659,-0.13031290769577025,-0.987388265132904,0.0012198293581604958,-0.001211709575727582,-4.0311971679329873e-05,220.998,198.499,78.0,"0.03,0.06,-1.06,-0.71,-0.65,-0.20,100622,24.4"
22.821382299996912,0.14338428080081939,-0.11443451642990113,-0.9796314001083374,0.0016618363093584775,-0.0005620633717626333,-0.00022797577548772097,220.998,198.499,78.0,"0.03,0.06,-1.06,-0.77,-0.65,-0.14,100624,24.4"
22.914377900073305,0.1477717325091362,-0.16812466979026794,-0.9911060690879822,-0.000400599418208003,-0.002391396649181843,0.0002636506222188473,220.998,198.499,78.0,"0.03,0.06,-1.06,-0.83,-0.47,-0.08,100625,24.4"
23.00940580002498,0.14808154553174974,-0.15275995433330536,-0.9738206505775452,0.0001757537480443716,-0.00201579830609262,0.00014072603080421685,220.998,198.499,78.0,"0.03,0.06,-1.06,-0.71,-0.59,-0.14,100628,24.4"
23.10341670003254,0.1438002571463585,-0.13954981714487075,-0.9707877993583679,0.0005976487882435322,-0.0014028982724994421,3.3086910843849185e-05,220.998,198.499,78.0,"0.03,0.06,-1.06,-0.77,-0.59,-0.14,100622,24.4"
23.197445400059223,0.1398865208029747,-0.17313365638256073,-0.9865048170089722,-0.0006331996992230415,-0.0022298135794699193,0.0004122568527236581,220.998,198.499,78.0,"0.03,0.06,-1.06,-0.77,-0.53,-0.08,100620,24.4"
23.291440300061367,0.10344282984733581,-0.12672595232725142,-1.0264326453208923,0.0008100646082311869,4.5069539919495585e-05,0.0004998210817575455,220.998,198.499,78.0,"0.03,0.06,-1.06,-0.71,-0.53,-0.14,100620,24.4"
23.386377800023183,0.13016656935214996,-0.14076398611068724,-0.9822331190109252,0.00037812450900673864,-0.0012174501549452542,0.0002627370529808104,220.998,198.477,78.0,"0.03,0.06,-1.06,-0.46,-0.84,-0.14,100615,24.4"
23.487441800069064,0.08373198807239532,-0.07872223444283008,-0.8108626723289489,0.0009584472747519613,-7.318276911973953e-05,0.0006184159545227885,220.998,198.005,78.0,"0.03,0.06,-1.06,-0.83,-0.59,-0.08,100621,24.4"
23.584424400003627,0.09888355880975723,-0.08457613363862038,-0.769817566871643,0.0006229615304619074,-0.0007801412139087915,0.00042486832244321705,220.998,198.001,78.0,"0.03,0.06,-1.06,-0.89,-0.47,-0.08,100619,24.4"
23.67939689999912,0.13103535026311874,-0.10861065685749054,-0.735645854473114,-7.140191737562419e-05,-0.0021242705173790456,7.40029732696712e-05,220.998,198.001,78.0,"0.03,0.06,-1.06,-0.83,-0.59,-0.08,100618,24.4"
23.773449400090612,0.08141031414270401,-0.0771648034453392,-0.8151125907897949,0.00099502878729254,-1.8674414604902267e-05,0.000605372607242316,220.998,198.001,78.0,"0.03,0.06,-1.06,-0.71,-0.65,-0.08,100626,24.4"
23.86838970007375,0.09412598609924316,-0.06587592959403991,-0.7985572576522827,0.0013233941048383714,-0.00014453222975134848,0.00031958973850123586,220.998,198.001,78.0,"0.03,0.06,-1.06,-0.77,-0.59,-0.02,100630,24.4"
23.961392700090073,0.15348249673843384,-0.113877072930336,-0.7149012923240662,-9.141361806541681e-05,-0.0030684799421578646,-0.00014248283114284276,220.998,198.001,78.0,"0.03,0.06,-1.06,-0.77,-0.65,-0.20,100625,24.4"
24.054383900016546,0.1309957891702652,-0.11996243838220835,-0.7649222373962402,-0.00036467891186475754,-0.002670864714309573,0.00032069158041849735,220.998,198.001,78.0,"0.03,0.06,-1.06,-0.77,-0.59,-0.14,100634,24.4"
24.14737540006172,0.13129047453403472,-0.12544008567929268,-0.7481997728347778,-0.0006049534771591425,-0.0027035566978156566,0.00017828572308644652,220.998,198.001,78.0,"0.03,0.06,-1.06,-0.77,-0.47,-0.08,100624,24.4"
24.242437200038694,0.16631031334400176,-0.14290908575057984,-0.7128475785255433,-0.00110759693197906,-0.004010441899299622,-0.00016713966615498066,220.998,198.001,78.0,"0.03,0.06,-1.06,-0.77,-0.59,-0.08,100622,24.4"
24.33743910002522,0.09802009239792824,-0.07406034395098686,-0.8085914969444274,0.001247261348180473,-0.0004272578749805689,0.00038781498442403973,220.998,198.001,78.0,"0.03,0.06,-1.06,-0.71,-0.59,-0.08,100622,24.4"
24.4314052000409,0.144926755130291,-0.09513335414230824,-0.7320273995399476,0.0004223920404911041,-0.002146342350170016,-0.00018950431840494275,220.998,198.001,78.0,"0.03,0.06,-1.06,-0.71,-0.59,-0.14,100624,24.4"
24.525389300077222,0.09298820644617081,-0.09123400375247001,-0.8138659834861756,0.0005233386065810919,-0.0005880240350961685,0.0004878705134615302,220.998,197.897,78.0,"0.03,0.06,-1.06,-0.22,-1.33,-0.14,100625,24.4"
24.63844190002419,0.1227574497461319,-0.042610425502061844,-0.5871683716773987,0.0009666119003668427,-0.001278451131656766,-6.604086374863982e-05,220.998,197.503,78.0,"0.03,0.06,-1.06,-0.83,-0.59,-0.08,100627,24.4"
24.73144050000701,0.10566442087292671,-0.10333068668842316,-0.614163875579834,-0.001054399460554123,-0.0022766656707972287,0.0005917280446738005,220.998,197.501,78.0,"0.02,0.06,-1.06,-0.83,-0.53,-0.02,100626,24.3"
24.825412000063807,0.1140332967042923,-0.07484137639403343,-0.6051135897636414,0.00015583508647978305,-0.0018104853108525277,0.00022786989575251937,220.998,197.501,78.0,"0.03,0.06,-1.06,-0.83,-0.53,-0.02,100628,24.4"
24.91939340007957,0.1057905301451683,-0.01893393136560917,-0.627313768863678,0.00221099522896111,-0.00021955373231321573,-4.387596854940057e-05,220.998,197.501,78.0,"0.03,0.06,-1.06,-0.83,-0.59,-0.08,100620,24.4"
25.01344050001353,0.15824374556541443,-0.09651907831430435,-0.5516095042228699,-0.0005648052785545588,-0.0035462607629597187,-0.00036643417552113534,220.998,197.501,78.0,"0.03,0.06,-1.06,-0.77,-0.59,-0.08,100622,24.3"
25.10742030001711,0.10307763367891312,-0.05632255636155605,-0.6279901981353759,0.0007090097991749644,-0.0007803685031831265,0.00011164664756506682,220.998,197.501,78.0,"0.03,0.06,-1.06,-0.77,-0.59,-0.08,100621,24.4"
25.201397500000894,0.12805293053388594,-0.06078281179070473,-0.6027739405632019,0.0007403023773804307,-0.001747143524698913,-0.00010342279565520585,220.998,197.501,78.0,"0.02,0.06,-1.06,-0.71,-0.65,-0.14,100626,24.4"
25.29439930000808,0.10830809324979782,-0.10797822549939155,-0.6501577138900757,-0.0011421532602980734,-0.0023618774954229592,0.0006441454752348363,220.998,197.501,78.0,"0.03,0.06,-1.06,-0.77,-0.65,-0.14,100622,24.3"
25.38745789998211,0.08979287520051002,-0.0404419794678688,-0.6504370331764221,0.001334612793289125,7.077772170305252e-05,0.00015495711122639477,220.998,197.501,78.0,"0.03,0.06,-1.06,-0.77,-0.65,-0.08,100610,24.4"
25.48045690008439,0.14116083830595016,-0.10136884078383446,-0.6001033425331116,-0.0008096446515992283,-0.0030111003667116164,-4.034326411783695e-05,220.998,197.501,78.0,"0.03,0.06,-1.06,-0.77,-0.59,-0.08,100616,24.4"
25.57443790009711,0.11462918370962143,-0.06076552271842957,-0.6279075384140015,0.0005850183544680477,-0.0012479908764362335,3.476586425676942e-05,220.998,197.501,78.0,"0.03,0.06,-1.06,-0.83,-0.59,-0.14,100626,24.4"
25.668411900056526,0.11547833681106567,-0.07345082014799117,-0.6385173439979553,0.00014152005314826965,-0.0018713788595050573,0.00023445704719051718,220.998,197.247,78.0,"0.03,0.06,-1.06,-0.22,-1.57,-0.26,100619,24.4"
25.793455000035465,0.14113972187042237,-0.07242693305015564,-0.4354561328887939,-0.0005697177955880761,-0.0031537411268800497,-7.257678080350161e-05,220.998,197.001,78.0,"0.03,0.06,-1.06,-1.01,-0.59,-0.08,100624,24.4"
25.887438800069503,0.11214637905359268,-0.06596345640718937,-0.5034259021282196,-0.00045054606162011626,-0.0019695814000442622,0.00033697106700856236,220.998,197.001,78.0,"0.02,0.06,-1.06,-0.83,-0.59,-0.14,100618,24.3"
25.98042440006975,0.10420882403850555,-0.09268444962799549,-0.5265289664268493,-0.0014244128251448274,-0.002359050652012229,0.0006196375004947185,220.998,197.001,78.0,"0.03,0.06,-1.06,-0.95,-0.65,-0.08,100624,24.4"
26.07440779998433,0.09795988351106644,-0.04823409616947174,-0.5394453167915344,0.00020118269603699445,-0.0011198527412489057,0.00044171857880428436,220.998,197.001,78.0,"0.03,0.06,-1.06,-0.89,-0.59,-0.14,100621,24.4"
26.168447999982163,0.080240748077631,-0.05010634548962116,-0.5633761942386627,0.0002051884774118662,-0.0006189394276589155,0.0006664264714345336,220.998,197.001,78.0,"0.02,0.05,-1.06,-0.89,-0.65,-0.08,100621,24.4"
26.263415200053714,0.1150940515100956,-0.04635756369680166,-0.5136322557926178,0.00037950072437524794,-0.0013450959697365761,5.121051799505949e-05,220.998,197.001,78.0,"0.03,0.06,-1.06,-0.89,-0.59,-0.08,100626,24.4"
26.357456300058402,0.10190121456980705,-0.05897600315511227,-0.5446262121200561,4.089463036507368e-05,-0.0015295530669391156,0.0004341014078818262,220.998,197.001,78.0,"0.02,0.06,-1.06,-0.95,-0.72,-0.14,100629,24.4"
26.452428800053895,0.11282784640789031,-0.05855248458683491,-0.5273684382438659,1.7247628420591354e-05,-0.0018715436570346355,0.00023808017722330986,220.998,197.001,78.0,"0.02,0.06,-1.06,-0.83,-0.59,-0.14,100617,24.4"
26.546487200073898,0.11150208935141563,-0.05366988331079483,-0.5271888375282288,0.0003186271758750081,-0.0016460865270346403,0.00020773872383870185,220.998,197.001,78.0,"0.03,0.06,-1.06,-0.83,-0.59,-0.08,100624,24.4"
26.64044049999211,0.12309090048074722,-0.08785060383379459,-0.5292979121208191,-0.001084703835658729,-0.0028636187314987184,0.0003398488915991038,220.998,197.001,78.0,"0.03,0.06,-1.06,-0.89,-0.65,-0.08,100624,24.4"
26.734426000039093,0.11349572613835335,-0.05818231627345085,-0.534578001499176,-1.831690315157175e-05,-0.0018475047778338193,0.00024354452034458518,220.998,197.001,78.0,"0.02,0.06,-1.06,-0.83,-0.59,-0.08,100625,24.4"
26.827425500028767,0.10252298563718795,-0.031928335316479206,-0.5425957918167115,0.0008426443440839648,-0.0009275406366214157,0.00022076931782066822,220.998,196.847,78.0,"0.02,0.06,-1.06,-0.22,-1.20,-0.20,100626,24.4"
26.92442540009506,0.11194360181689263,-0.026029296591877936,-0.398432594537735,0.0002700611716136336,-0.0014709638664498926,0.00011899116798304021,220.998,196.503,78.0,"0.02,0.05,-1.06,-1.01,-0.65,-0.02,100617,24.4"
27.017497300053947,0.12722329199314117,-0.01800207979977131,-0.3805550873279572,0.0009313943097367883,-0.0016524016857147217,-0.00017657202552072703,220.998,196.501,78.0,"0.02,0.05,-1.06,-1.01,-0.59,-0.08,100622,24.3"
27.111457400023937,0.1197084665298462,-0.03773888275027275,-0.4078096687793732,0.00021231514401733875,-0.0019765493459999563,0.00015058149583637714,220.998,196.501,78.0,"0.02,0.06,-1.06,-0.95,-0.53,-0.08,100622,24.4"
27.204445600043982,0.11550337001681328,-0.02859519235789776,-0.4168217837810516,0.0006062984932214022,-0.0014678738545626402,3.9370730519294735e-06,220.998,196.501,78.0,"0.02,0.06,-1.06,-0.89,-0.65,-0.20,100616,24.4"
27.299482400063425,0.09252671077847481,-0.018745463341474533,-0.4680654764175415,0.0006778926588594913,-0.0005768568022176624,0.00037519128527492286,220.998,196.501,78.0,"0.03,0.06,-1.06,-1.01,-0.59,-0.08,100628,24.4"
27.393454400007613,0.10026875883340836,-0.023423489928245545,-0.4537549436092377,0.0007452105404809117,-0.0009867782006040215,0.00030958077986724674,220.998,196.501,78.0,"0.02,0.06,-1.06,-1.01,-0.59,-0.02,100618,24.4"
27.488502499996684,0.08105555176734924,0.018778415769338606,-0.48372734785079957,0.0021752981236204507,0.00042122297454625366,0.0002443283621687442,220.998,196.501,78.0,"0.03,0.06,-1.06,-0.95,-0.65,-0.20,100618,24.4"
27.583451200043783,0.12064596191048622,-0.06527879945933819,-0.4254048228263855,-0.000728350575082004,-0.002456835238263011,0.000255315366666764,220.998,196.501,78.0,"0.02,0.06,-1.06,-1.01,-0.59,-0.14,100622,24.4"
27.67742720001843,0.09809375554323196,0.003522663190960884,-0.45386565923690797,0.0017622543033212422,-0.00021655880846083164,4.3085491051897405e-05,220.998,196.501,78.0,"0.02,0.05,-1.06,-0.95,-0.65,-0.08,100630,24.4"
27.77148270001635,0.13718822449445725,-0.055942452326416967,-0.40215041041374205,-0.00013916178140789271,-0.002901788870804012,-9.428077610209584e-05,220.998,196.501,78.0,"0.03,0.06,-1.06,-0.95,-0.59,-0.08,100626,24.4"
27.865449400036596,0.1172021821141243,-0.0061967246234416965,-0.4266766309738159,0.0014995686244219542,-0.0008400646271184087,-0.0002495316555723548,220.998,196.501,78.0,"0.02,0.05,-1.06,-0.95,-0.65,-0.08,100625,24.4"
27.959429100039415,0.1178357407450676,-0.028298547118902208,-0.4183716118335724,0.0008109450340270996,-0.0014916193205863238,-5.6248554028570655e-05,220.998,196.423,78.0,"0.03,0.06,-1.06,-0.65,-1.02,-0.20,100626,24.4"
28.056496000033803,0.09465306177735329,-0.01882784441113472,-0.35926769077777865,0.0002017119899392128,-0.0009790064999833704,0.0004310427524615079,220.998,196.003,78.0,"0.03,0.06,-1.06,-1.07,-0.53,-0.14,100626,24.4"
28.149496800033376,0.09952930361032486,-0.02649732269346714,-0.3501062512397766,-2.308376133441925e-06,-0.001163921202532947,0.0003402398549951613,220.998,196.001,78.0,"0.03,0.06,-1.06,-1.07,-0.59,-0.08,100618,24.4"
28.244448199984618,0.10317725092172622,0.0031361907720565798,-0.36120211482048037,0.0012291880557313561,-0.0007552121300250292,0.0001130523975007236,220.998,196.001,78.0,"0.03,0.06,-1.06,-1.07,-0.65,-0.14,100622,24.4"
28.3384878000943,0.1343759924173355,-0.031268109753727916,-0.31198453307151797,0.00026427586562931537,-0.002423299173824489,-0.0001607051002793014,220.998,196.001,78.0,"0.03,0.06,-1.06,-1.01,-0.65,-0.02,100628,24.4"
28.432472500018775,0.11506759375333786,-0.011111337319016456,-0.33844571113586425,0.0008975713979452848,-0.001395954075269401,-4.559343797154725e-05,220.998,196.001,78.0,"0.02,0.05,-1.06,-1.01,-0.65,-0.08,100618,24.4"
28.526463099988177,0.12334982007741928,-0.0354956928640604,-0.3273778736591339,0.00010780973825603723,-0.0020249487133696675,-4.2947917245328425e-05,220.998,196.001,78.0,"0.03,0.06,-1.06,-1.01,-0.72,-0.20,100614,24.4"
28.62147500005085,0.09230153784155845,-0.032860346138477325,-0.3890256524085999,1.7499853856861592e-05,-0.0012226728489622475,0.0004973915289156139,220.998,196.001,78.0,"0.02,0.05,-1.06,-1.01,-0.65,-0.02,100624,24.4"
28.715454300050624,0.11508408188819885,-0.030859795212745667,-0.3683465600013733,0.00016872696578502656,-0.002073262841440737,0.00024912448425311594,220.998,196.001,78.0,"0.03,0.06,-1.06,-1.01,-0.65,-0.14,100618,24.4"
28.80949670006521,0.12032882273197174,-0.024186192080378532,-0.34658470153808596,0.000475294329226017,-0.00190585651434958,-1.6435154248028993e-05,220.998,196.001,78.0,"0.03,0.06,-1.06,-1.01,-0.78,-0.08,100626,24.4"
28.903475900064223,0.11820628643035888,-0.060573840886354445,-0.35788002610206604,-0.0008488951018080116,-0.0028251085197553037,0.00033360644010826945,220.998,196.001,78.0,"0.03,0.06,-1.06,-1.01,-0.65,-0.14,100621,24.4"
28.997470700065605,0.11465429067611695,-0.02971351146697998,-0.35783658027648924,0.00033075171522796155,-0.0019298935541883111,0.00012207980907987803,220.998,196.001,78.0,"0.03,0.06,-1.06,-1.01,-0.65,-0.08,100619,24.4"
29.091509700054303,0.10510830879211426,0.004274329543113709,-0.37759009599685667,0.001471803802996874,-0.0008798307972028852,5.821699742227793e-05,220.998,195.973,78.0,"0.03,0.06,-1.06,-0.89,-0.72,-0.14,100622,24.4"
29.189489100011997,0.12682482302188874,-0.03385169915854931,-0.24151903688907622,-0.0003650831989943981,-0.002649805648252368,7.496956968680024e-05,220.998,195.505,78.0,"0.02,0.06,-1.06,-1.07,-0.65,-0.02,100622,24.4"
29.282472699997015,0.10039792507886887,-0.005589839816093445,-0.2713734179735184,0.0006874495884403586,-0.0009897930547595024,0.00012536081485450267,220.998,195.501,78.0,"0.02,0.05,-1.06,-1.07,-0.47,-0.08,100626,24.4"
29.376454000012018,0.09465681612491608,-0.04895560406148434,-0.30393694937229154,-0.0009318126598373055,-0.002151862299069762,0.0006970216287299991,220.998,195.501,78.0,"0.02,0.05,-1.06,-0.95,-0.65,-0.08,100632,24.4"
29.47148280008696,0.10458576679229736,0.01398204118013382,-0.2927237004041672,0.0014256444992497563,-0.0008807081496343017,2.5025213835760952e-05,220.998,195.501,78.0,"0.02,0.05,-1.06,-1.01,-0.65,-0.14,100618,24.4"
29.565464699990116,0.10870345532894135,-0.0224966898560524,-0.2770066648721695,0.00022628370206803083,-0.0017512692371383308,0.0001546209125081077,220.998,195.501,78.0,"0.03,0.06,-1.06,-1.01,-0.59,-0.14,100622,24.4"
29.659515600069426,0.06687799468636513,0.03173426277935505,-0.3562779426574707,0.0019219070207327604,0.0007304664002731442,0.00041928984865080565,220.998,195.501,78.0,"0.02,0.06,-1.06,-0.95,-0.72,-0.08,100629,24.4"
29.753489100025035,0.11200660020112992,-0.016739745438098908,-0.294615375995636,0.00034808600321412086,-0.0017538159620016814,0.00010912862489931285,220.998,195.501,78.0,"0.02,0.06,-1.06,-1.01,-0.65,-0.08,100618,24.4"
29.84853080008179,0.14195410311222076,-0.0591632854193449,-0.2381320506334305,-0.000988511205650866,-0.0035733659751713276,-0.00011607316555455327,220.998,195.501,78.0,"0.03,0.06,-1.06,-0.95,-0.65,-0.14,100623,24.4"
29.94347490009386,0.08552323430776596,-0.012303517013788224,-0.33117830753326416,0.0005705507937818766,-0.0010008922778069972,0.00040133975562639534,220.998,195.501,78.0,"0.02,0.05,-1.06,-0.95,-0.65,-0.14,100630,24.4"
30.03948430006858,0.12108790054917336,-0.035874048620462416,-0.2772633612155914,-0.0002411524998024106,-0.002373434160836041,2.028390299528837e-05,220.998,195.501,78.0,"0.02,0.06,-1.06,-1.01,-0.65,-0.02,100622,24.4"
30.13451610004995,0.13891905099153518,-0.0032385043799877168,-0.24981798827648163,0.0010649227537214757,-0.002195988013409078,-0.00048483602586202323,220.998,195.501,78.0,"0.02,0.06,-1.06,-1.01,-0.59,-0.08,100622,24.4"
30.229475500062108,0.09766569435596466,-0.026072055846452714,-0.31589106321334837,8.36578430607915e-05,-0.001543417270295322,0.0002734154055360705,220.998,195.489,78.0,"0.02,0.05,-1.06,-0.95,-0.72,-0.02,100624,24.4"
30.325494599994272,0.09714292138814926,0.01479572281241417,-0.23282245993614198,0.0010839850408956408,-0.0009280462982133031,0.00011803912639152259,220.998,195.005,78.0,"0.03,0.05,-1.06,-1.07,-0.59,-0.14,100618,24.4"
30.428522400092334,0.11587338447570801,-0.004752577096223831,-0.1844312697649002,0.000619941484183073,-0.0017948498018085957,-0.00011536873644217849,220.998,195.001,78.0,"0.02,0.06,-1.06,-1.07,-0.59,-0.08,100620,24.4"
30.521577100036666,0.11174098253250123,0.015601829066872597,-0.20167121291160583,0.001362224854528904,-0.0010645139846019447,-0.0002584920439403504,220.998,195.001,78.0,"0.03,0.06,-1.06,-1.13,-0.59,-0.08,100620,24.4"
30.617519100080244,0.13786189407110214,-0.029183047637343407,-0.17539560794830322,-0.00019443535711616278,-0.0030106948222965004,-0.00022682466078549623,220.998,195.001,78.0,"0.02,0.06,-1.06,-1.07,-0.65,-0.08,100620,24.4"
30.71149930008687,0.1301622837781906,-0.01840090863406658,-0.1978952705860138,0.00018712878227233887,-0.002636300725862384,-0.0001159541861852631,220.998,195.001,78.0,"0.02,0.06,-1.06,-1.01,-0.59,-0.08,100620,24.4"
30.80548760003876,0.1096212014555931,-0.05264623798429966,-0.22646705210208892,-0.0010798524599522352,-0.0027766731102019547,0.0003468378563411534,220.998,195.001,78.0,"0.02,0.06,-1.06,-1.01,-0.59,-0.14,100616,24.4"
30.899517200072296,0.09226693063974381,-0.0034442685544490816,-0.2581629425287247,0.0005934054031968116,-0.001045865914784372,0.00029954019119031726,220.998,195.001,78.0,"0.02,0.06,-1.06,-1.01,-0.59,-0.02,100628,24.4"
30.993492900044657,0.09970048442482948,-0.00021944642066955565,-0.2462114065885544,0.0007375489920377731,-0.0011502162320539354,0.00014561021816916764,220.998,195.001,78.0,"0.02,0.06,-1.06,-1.01,-0.65,-0.08,100618,24.4"
31.08748430002015,0.08985638245940208,0.03185461014509201,-0.25493640899658204,0.0019084943924099207,-9.989205282181501e-05,-1.40460702823475e-05,220.998,195.001,78.0,"0.02,0.06,-1.06,-1.01,-0.59,-0.08,100626,24.4"
31.18152209999971,0.08173977136611939,-0.02451043836772442,-0.2751361459493637,-0.0003011346329003572,-0.0010535432025790214,0.0005172155913896858,220.998,195.001,78.0,"0.03,0.06,-1.06,-1.07,-0.65,-0.02,100616,24.4"
31.275507800048217,0.11870998442173004,-0.0309569887816906,-0.22887105643749237,-0.00011819854844361544,-0.0026544768130406736,0.00016803395701572298,220.998,195.001,78.0,"0.02,0.06,-1.06,-1.13,-0.59,-0.08,100618,24.4"
31.370537200011313,0.1059426136314869,-0.02008727379143238,-0.24504178762435913,0.00011230965610593557,-0.0016951412661001086,0.00019754451932385564,220.998,194.989,78.0,"0.02,0.06,-1.06,-1.01,-0.65,-0.08,100612,24.4"
31.466476600035094,0.1032410778105259,0.004355408623814583,-0.1611772358417511,0.0006833182647824288,-0.0016526931663975119,5.729441763833165e-05,220.998,194.505,78.0,"0.03,0.06,-1.06,-1.07,-0.53,-0.14,100621,24.4"
31.5685273000272,0.11574164777994156,0.003096199035644531,-0.1374056562781334,0.0007524518761783839,-0.001965241879224777,-0.00017997770628426225,220.998,194.501,78.0,"0.02,0.05,-1.06,-1.20,-0.53,-0.08,100622,24.4"
31.663486000034027,0.061592381447553635,0.053611154481768605,-0.22043576836585999,0.0024210106581449508,0.0008404848864302039,0.00027267691621091217,220.998,194.501,78.0,"0.02,0.05,-1.06,-1.13,-0.59,-0.08,100617,24.4"
31.757522200001404,0.11218075603246688,-0.01691771000623703,-0.15339330583810806,0.00015325848944485186,-0.0022645489079877734,2.4721553199924528e-05,220.998,194.501,78.0,"0.02,0.06,-1.06,-1.07,-0.72,-0.08,100618,24.4"
31.851517400005832,0.09598137587308883,0.03920688591897488,-0.1876029372215271,0.0020462596090510487,-0.00043097016168758273,-0.00015320354141294955,220.998,194.501,78.0,"0.02,0.06,-1.06,-1.20,-0.53,-0.02,100616,24.4"
31.945474400068633,0.09934827089309692,-0.014156244695186615,-0.18437329530715943,0.00018717877101153134,-0.0018425665912218392,0.0001831952715292573,220.998,194.501,78.0,"0.02,0.06,-1.06,-1.07,-0.65,-0.08,100616,24.4"
32.03952400002163,0.10883279144763947,-0.019564152136445044,-0.1736031025648117,2.2284057922661305e-05,-0.002203822135925293,9.956301655620337e-05,220.998,194.501,78.0,"0.02,0.05,-1.06,-1.13,-0.65,-0.08,100621,24.4"
32.13349949999247,0.10411597639322281,-0.009049877896904946,-0.18960861563682557,0.0002791155129671097,-0.0017751837847754359,0.00012137428275309503,220.998,194.501,78.0,"0.02,0.06,-1.06,-1.20,-0.59,-0.02,100622,24.4"
32.227490200079046,0.10306439027190209,-0.004128671810030937,-0.17878775298595428,0.0006100429221987724,-0.001558811543509364,9.024003520607949e-06,220.998,194.501,78.0,"0.03,0.06,-1.06,-1.13,-0.65,-0.08,100616,24.4"
32.32251100009307,0.09012030959129333,-0.02486424967646599,-0.20674283802509308,-0.0003153011202812195,-0.0018151272321119904,0.0004257264779880643,220.998,194.501,78.0,"0.02,0.05,-1.06,-1.01,-0.53,-0.02,100613,24.4"
32.41755180002656,0.08159230053424835,0.005105790868401528,-0.2209874600172043,0.0008335361257195473,-0.0008828421938233078,0.0004017056693555787,220.998,194.501,78.0,"0.02,0.06,-1.06,-1.07,-0.59,-0.14,100624,24.4"
32.51151330000721,0.08050704374909401,0.01814546510577202,-0.21544013321399688,0.0013781953835859894,-0.000488342868629843,0.00024311364977620543,220.998,194.4055,78.0,"0.02,0.05,-1.06,-0.89,-0.78,-0.08,100628,24.4"
32.6214948000852,0.10358173251152039,0.019593766331672667,-0.09059593807905912,0.0011549559887498618,-0.0014728037756867706,-0.0001820464647607878,220.998,194.003,78.0,"0.02,0.05,-1.06,-1.20,-0.59,-0.14,100632,24.4"
32.71455480006989,0.10813824832439423,-0.01142897754907608,-0.0986197791993618,0.00013541276566684247,-0.0022542788181453945,5.5258633801713584e-05,220.998,194.001,78.0,"0.02,0.05,-1.06,-1.20,-0.53,-0.08,100631,24.4"
32.80950530001428,0.10570808351039887,0.008892488852143287,-0.0982619121670723,0.0009793248260393738,-0.001562892401125282,-0.0001599543640622869,220.998,194.001,78.0,"0.03,0.05,-1.06,-1.13,-0.53,-0.08,100618,24.4"
32.90355610009283,0.09285733848810196,-0.01887066774070263,-0.12662316486239433,-5.281688645482063e-05,-0.00198674788698554,0.00026337926392443477,220.998,194.001,78.0,"0.02,0.06,-1.06,-1.20,-0.65,-0.02,100630,24.4"
32.99949850002304,0.08787939548492432,0.03508865498006344,-0.13713813126087188,0.0018326049204915762,-0.00042061328422278167,-9.706697892397642e-05,220.998,194.001,78.0,"0.03,0.05,-1.06,-1.20,-0.53,-0.08,100614,24.4"
33.093547800090164,0.08930332437157631,-0.025157834962010385,-0.15038950741291046,-0.000454569305293262,-0.002038548863492906,0.0004620496474672109,220.998,194.001,78.0,"0.02,0.06,-1.06,-1.26,-0.59,-0.14,100631,24.4"
33.187543499981984,0.08304842114448548,0.014391681179404259,-0.14797693192958833,0.0009937585098668932,-0.0008697716053575278,0.00014307129313237966,220.998,194.001,78.0,"0.02,0.05,-1.06,-1.13,-0.65,-0.08,100626,24.4"
33.281502500060014,0.09999034181237221,-0.05670813135802746,-0.12744469046592713,-0.001414574566297233,-0.003083959687501192,0.0004016426973976195,220.998,194.001,78.0,"0.02,0.06,-1.06,-1.20,-0.53,-0.02,100622,24.4"
33.37555080000311,0.09055475145578384,-0.011559231206774712,-0.1519530788064003,2.7704169042408466e-05,-0.0017355733551084995,0.0002679884753888473,220.998,194.001,78.0,"0.02,0.05,-1.06,-1.20,-0.59,-0.08,100626,24.4"
33.46952720009722,0.07218059375882149,0.02306188941001892,-0.1649520143866539,0.0013895438052713871,-0.0002562236157245934,0.00021343856351450086,220.998,194.001,78.0,"0.02,0.06,-1.06,-1.20,-0.59,-0.08,100618,24.4"
33.564555200049654,0.07351780459284782,0.012749756500124932,-0.172198186814785,0.0009311658795922995,-0.0006616338272579014,0.00032453586463816465,220.998,194.001,78.0,"0.02,0.05,-1.06,-1.13,-0.53,-0.08,100623,24.4"
33.65853210003115,0.10246257930994034,-0.0519016657024622,-0.1287556141614914,-0.0012473083566874265,-0.003011337644420564,0.0003658904111944139,220.998,193.951,78.0,"0.03,0.05,-1.06,-0.95,-0.72,-0.08,100620,24.4"
33.756541199982166,0.10488821938633919,-0.025539619475603105,-0.05202040979638696,-0.0005192200420424342,-0.0030724155250936745,0.0002509291807655245,220.998,193.505,78.0,"0.03,0.06,-1.06,-1.26,-0.53,-0.08,100624,24.4"
33.852527700015344,0.12064577043056487,-0.020840511098504065,-0.025751572009176014,-0.00022869484964758158,-0.003176646400243044,-0.00017863221000880003,220.998,193.501,78.0,"0.02,0.05,-1.06,-1.20,-0.47,-0.08,100620,24.4"
33.94551830005366,0.07147500887513161,0.054328850284218785,-0.09471240751445294,0.0024746176321059467,0.00012923221802338958,9.704640251584352e-06,220.998,193.501,78.0,"0.02,0.06,-1.06,-1.32,-0.59,-0.08,100614,24.4"
34.039575900067575,0.06687044873833656,0.042262856662273404,-0.11379571110010148,0.0018498083110898734,-8.687756489962339e-05,0.00015336759679485112,220.998,193.501,78.0,"0.02,0.05,-1.06,-1.26,-0.59,-0.08,100624,24.4"
34.13353970006574,0.10341726988554001,-0.016741953790187836,-0.0659627478569746,-7.82267889007926e-05,-0.002670789754483849,7.362212054431438e-05,220.998,193.501,78.0,"0.03,0.06,-1.06,-1.26,-0.53,-0.08,100628,24.4"
34.22751580004115,0.09398107901215554,-0.0016295414417982102,-0.07239589774981141,0.00039130705408751965,-0.0017389883636496962,-3.3624004572629928e-06,220.998,193.501,78.0,"0.02,0.05,-1.06,-1.32,-0.59,-0.08,100620,24.4"
34.32156270009,0.10082810670137406,-0.0012646608054637909,-0.06780722197145224,0.0004546131705865264,-0.0021992670139297844,-2.087145985569805e-05,220.998,193.501,78.0,"0.02,0.05,-1.06,-1.20,-0.59,-0.02,100624,24.4"
34.4155586999841,0.07168452814221382,-0.020652679726481438,-0.12609336152672768,-0.0002657340606674552,-0.0018898726906627417,0.0005798983387649059,220.998,193.501,78.0,"0.03,0.05,-1.06,-1.26,-0.59,-0.02,100625,24.4"
34.5105695000384,0.10249176621437073,-0.015169764682650567,-0.07772808661684394,-6.2765390612185e-05,-0.0023458290728740395,3.8837827742099765e-05,220.998,193.501,78.0,"0.02,0.05,-1.06,-1.26,-0.59,-0.08,100625,24.4"
34.604552300064825,0.07416342496871949,-0.018026642501354218,-0.11540522128343582,-0.00033374526537954807,-0.0017872617114335298,0.0004549666045932099,220.998,193.501,78.0,"0.02,0.05,-1.06,-1.26,-0.59,-0.02,100624,24.4"
34.69853380008135,0.07647750526666641,0.014820221439003944,-0.11654403135180473,0.0008644438348710537,-0.0009610319510102272,0.00022465487127192317,220.998,193.501,78.0,"0.03,0.05,-1.06,-1.20,-0.59,-0.08,100628,24.4"
34.79355060006492,0.05585997775197029,0.033856066316366194,-0.15346254110336305,0.0015227850060909986,-2.007599687203765e-05,0.00045748006959911436,220.998,193.485,78.0,"0.02,0.05,-1.06,-1.20,-0.53,-0.02,100617,24.4"
34.88957360002678,0.07428550347685814,-0.03917738720774651,-0.058820398151874544,-0.0010951432050205767,-0.002793135493993759,0.0006691481918096543,220.998,193.003,78.0,"0.02,0.05,-1.06,-1.38,-0.53,-0.14,100624,24.4"
34.99359640001785,0.09224646240472793,0.01207607015967369,-0.012688029929995537,0.0008157625095918774,-0.0018121377797797322,-0.00011784564703702927,220.998,193.001,78.0,"0.02,0.05,-1.06,-1.38,-0.47,-0.08,100621,24.4"
35.08755729999393,0.10987300127744674,-0.00795866958796978,0.001979498565196991,0.00015794499777257442,-0.0029201052500866355,-0.00016284936864394695,220.998,193.001,78.0,"0.02,0.05,-1.06,-1.38,-0.47,-0.02,100624,24.4"
35.181543500046246,0.08777007013559342,0.005900054797530174,-0.028737368853762747,0.0005549840629100799,-0.001727000903338194,1.2441520811989904e-05,220.998,193.001,78.0,"0.02,0.05,-1.06,-1.38,-0.47,-0.08,100624,24.4"
35.275598900043406,0.08958319574594498,-0.04507945217192173,-0.040015434566885236,-0.0013769824290648103,-0.0030670540872961283,0.00036510553909465673,220.998,193.001,78.0,"0.03,0.06,-1.06,-1.38,-0.47,-0.02,100620,24.4"
35.369567800080404,0.05989897474646568,0.047834635525941846,-0.07897837311029435,0.001969825103878975,-8.922492852434516e-05,9.749539967742748e-05,220.998,193.001,78.0,"0.03,0.06,-1.06,-1.38,-0.47,-0.08,100629,24.4"
35.46355570002925,0.05378577709197998,-0.007538148388266564,-0.09917334467172623,-7.156142964959145e-05,-0.0012491703033447265,0.0006426886771805585,220.998,193.001,78.0,"0.02,0.05,-1.06,-1.38,-0.47,0.04,100626,24.4"
35.55856140004471,0.07594868317246437,0.01677340120077133,-0.05791136613115668,0.0009217184502631426,-0.0012521940167061984,9.290157468058168e-05,220.998,193.001,78.0,"0.02,0.05,-1.06,-1.38,-0.47,0.04,100616,24.4"
35.65254400006961,0.08428907990455628,-0.018173427134752274,-0.05791969671845436,-0.0004329832270741463,-0.002307144878432155,0.0002861186396330595,220.998,193.001,78.0,"0.02,0.06,-1.06,-1.38,-0.53,-0.08,100628,24.4"
35.746582800056785,0.09813797771930695,-0.019120511040091513,-0.027753809466958046,-0.00026284349150955676,-0.002825053606647998,3.163069486618042e-05,220.998,193.001,78.0,"0.02,0.05,-1.06,-1.32,-0.53,-0.02,100626,24.4"
35.84056560008321,0.10320023596286773,-0.015737830102443694,-0.021319321542978286,-9.325025603175163e-05,-0.0026732360944151877,-7.309337670449167e-05,220.998,193.001,78.0,"0.02,0.05,-1.06,-1.38,-0.47,-0.14,100620,24.4"
35.93561450007837,0.07466734237968922,0.008853178471326828,-0.05527424737811089,0.0005730026867240667,-0.001112707145512104,7.138970540836454e-05,220.998,192.945,78.0,"0.02,0.06,-1.06,-1.20,-0.59,-0.08,100626,24.4"
36.03856540005654,0.07995879910886287,-0.019046439230442046,0.01126805916428566,-0.0006324466201476752,-0.002367324463557452,0.00018490367801859975,220.998,192.505,78.0,"0.03,0.05,-1.06,-1.44,-0.41,-0.08,100626,24.4"
36.13359159999527,0.050258048623800275,0.038212606497108934,-0.03298204503953457,0.001544559421017766,-0.0004371975257527083,0.0002295262645930052,220.998,192.501,78.0,"0.02,0.05,-1.06,-1.38,-0.41,-0.02,100614,24.4"
36.22755840001628,0.08425282910466195,-0.01274484395980835,0.004778188467025757,-0.00018481886945664883,-0.0027152786031365396,9.90210915915668e-05,220.998,192.501,78.0,"0.03,0.06,-1.06,-1.38,-0.53,-0.02,100626,24.4"
36.32153710001148,0.0635988038033247,0.031331101804971694,-0.014526435919106007,0.0013191929669119419,-0.0008075808524154127,-7.538124918937683e-07,220.998,192.501,78.0,"0.03,0.05,-1.06,-1.32,-0.53,-0.08,100625,24.4"
36.41557599999942,0.05742264799773693,0.011001116409897805,-0.028925403952598572,0.00042783889221027495,-0.0010706731351092457,0.00028102524811401963,220.998,192.501,78.0,"0.02,0.05,-1.06,-1.38,-0.47,-0.08,100624,24.4"
36.508579100016505,0.054629548266530034,-0.0043685145676136015,-0.03981107734143734,-0.0001062314840964973,-0.0015049683745019138,0.00046040150918997825,220.998,192.501,78.0,"0.02,0.06,-1.06,-1.32,-0.47,-0.08,100626,24.4"
36.60353500000201,0.060193457454442975,0.028331589326262473,-0.03721732571721077,0.0012057392857968807,-0.0008896101964637638,0.0001443221786757931,220.998,192.501,78.0,"0.02,0.05,-1.06,-1.32,-0.41,-0.08,100633,24.4"
36.698565900092945,0.05362414680421353,0.02395770065486431,-0.03505646735429764,0.0009638116927817464,-0.000829827442066744,0.00022512110881507398,220.998,192.501,78.0,"0.02,0.05,-1.06,-1.38,-0.47,-0.08,100635,24.4"
36.79254659998696,0.04117904268205166,0.016570253297686577,-0.062309928913600744,0.0005569373490288854,-0.00045932038920000197,0.00045163476024754343,220.998,192.501,78.0,"0.02,0.06,-1.06,-1.44,-0.47,-0.02,100625,24.4"
36.886607700027525,0.0442419558763504,0.032255280017852786,-0.05430233106017113,0.001179151749238372,-0.0002022198459599167,0.0002575397811597213,220.998,192.501,78.0,"0.02,0.05,-1.06,-1.38,-0.53,-0.02,100621,24.4"
36.980577300069854,0.06555191799998283,-0.008666842244565487,-0.0320962043479085,-0.00013065687380731106,-0.0021275170147418976,0.0003331968357088044,220.998,192.501,78.0,"0.03,0.05,-1.06,-1.32,-0.47,-0.08,100625,24.4"
37.07455740007572,0.07979397512972355,-0.0328798096626997,-0.013765494525432586,-0.0010455031879246235,-0.0029452302027493716,0.00029025296098552646,220.998,192.485,78.0,"0.02,0.05,-1.06,-1.38,-0.53,-0.02,100630,24.4"
37.17162460007239,0.07129281982779503,-0.004932187125086784,0.023673547059297563,-0.00012976047582924366,-0.0022957357810810207,9.666149853728711e-05,220.998,192.005,78.0,"0.03,0.06,-1.06,-1.32,-0.47,-0.08,100630,24.4"
37.273587500094436,0.06567999878898263,-0.0047922000288963314,0.027171402424573898,-0.0002453405410051346,-0.002434573951177299,0.0001543514896184206,220.998,192.001,78.0,"0.02,0.06,-1.06,-1.32,-0.53,-0.02,100633,24.4"
37.36756600008812,0.051094531640410425,0.03070039451122284,0.012793585378676652,0.0010532827815040945,-0.0011560876271687448,5.216972203925252e-05,220.998,192.001,78.0,"0.02,0.05,-1.06,-1.44,-0.47,0.04,100635,24.4"
37.46259010001086,0.03921659998595715,0.026491773687303065,-0.018841107189655305,0.00087268624920398,-0.0010756850591860712,0.00034487776429159567,220.998,192.001,78.0,"0.02,0.05,-1.06,-1.32,-0.47,-0.02,100624,24.4"
37.55755480006337,0.01377265276387334,0.026046021096408366,-0.055038443952798846,0.0005858216201886535,-0.0002334351185709238,0.000699206325225532,220.998,192.001,78.0,"0.02,0.06,-1.06,-1.32,-0.47,-0.02,100634,24.4"
37.651608300046064,0.04658359363675117,0.006680032983422279,-0.013871753960847855,8.876267820596695e-05,-0.0017064232495613396,0.0003482480940874666,220.998,192.001,78.0,"0.02,0.05,-1.06,-1.32,-0.41,-0.08,100616,24.4"
37.746561700012535,0.028399769216775894,0.02925714123994112,-0.03112021954730153,0.0009230212424881756,-0.0007431330974213779,0.0004615978570654988,220.998,192.001,78.0,"0.02,0.05,-1.06,-1.26,-0.47,0.04,100616,24.4"
37.84060340002179,0.03984178677201271,0.03352071940898895,-0.018606398440897464,0.001050818501971662,-0.0009515501180430875,0.00029552985215559603,220.998,192.001,78.0,"0.02,0.05,-1.06,-1.32,-0.47,-0.08,100623,24.4"
37.934591700090095,0.048386095091700554,0.01722023505717516,-0.009206223487854003,0.0005451319739222527,-0.0015362804406322539,0.00021956225100439042,220.998,192.001,78.0,"0.02,0.05,-1.06,-1.32,-0.53,-0.02,100622,24.4"
38.028556999983266,0.046902531012892726,0.02447042502462864,-0.0017886426299810409,0.0007746079470962286,-0.0011562326137209312,0.00013635892246384175,220.998,192.001,78.0,"0.02,0.05,-1.06,-1.38,-0.47,-0.08,100613,24.4"
38.12261339998804,0.03418109305202961,-0.0013371309265494346,-0.027057746797800063,-0.0001803738879971206,-0.0016620198031887413,0.0005074889893876388,220.998,192.001,78.0,"0.02,0.05,-1.06,-1.38,-0.47,0.04,100622,24.4"
38.2175648000557,0.044662175327539445,0.014491059258580208,-0.018499089777469634,0.0004742576158605516,-0.0016019313363358379,0.00036130573716945945,220.998,191.963,78.0,"0.03,0.05,-1.06,-1.32,-0.53,-0.08,100627,24.4"
38.31659940001555,0.05616422947496176,0.020155297592282295,0.025980069860816003,0.0005199573584832251,-0.0021311915945261715,2.7285004034638404e-05,220.998,191.505,78.0,"0.02,0.05,-1.06,-1.44,-0.47,-0.08,100619,24.4"
38.4145678000059,0.06233137808740139,0.01732330471277237,0.034590233117341995,0.0003905262565240264,-0.002448460430605337,-4.6775519149377945e-05,220.998,191.501,78.0,"0.02,0.05,-1.06,-1.38,-0.41,0.04,100632,24.4"
38.508610200020485,0.04778101425617933,-0.015090340748429298,0.011356712365522981,-0.0009536395664326847,-0.002678498683962971,0.00032832141732797027,220.998,191.501,78.0,"0.03,0.06,-1.06,-1.26,-0.47,-0.08,100622,24.4"
38.60261020006146,0.0340825192630291,0.04862656071782112,-0.003715282306075096,0.0013647104089614004,-0.0008725345425773412,1.7860642401501536e-05,220.998,191.501,78.0,"0.02,0.05,-1.06,-1.44,-0.47,-0.08,100633,24.4"
38.696570400032215,0.04294193796813488,-0.00239129513502121,-0.0006708286702632904,-0.0005204935441724956,-0.002327817247714847,0.00033501710277050734,220.998,191.501,78.0,"0.02,0.05,-1.06,-1.38,-0.47,-0.08,100621,24.4"
38.790619300096296,0.03682178147137165,0.05313109867274761,-0.005351528897881508,0.0016048108227550983,-0.0008987197652459145,6.235605105757714e-05,220.998,191.501,78.0,"0.02,0.05,-1.06,-1.38,-0.53,-0.02,100622,24.4"
38.88561330002267,0.016260026767849923,0.04828420281410217,-0.02653178833425045,0.0012768634129315614,-0.0003714870952535421,0.00036669077817350624,220.998,191.501,78.0,"0.02,0.05,-1.06,-1.38,-0.53,-0.02,100611,24.4"
38.97961690009106,0.07372782975435258,0.01618727557361126,0.0561585171148181,0.0002833720180206001,-0.0027775670518167318,-0.00029108404414728283,220.998,191.501,78.0,"0.03,0.05,-1.06,-1.38,-0.47,-0.08,100625,24.4"
39.07459060009569,0.03890797700732947,0.003563125804066658,-0.00870225541293621,-0.0005155674240086228,-0.0018667380558326841,0.00033725447137840093,220.998,191.501,78.0,"0.02,0.05,-1.06,-1.26,-0.35,-0.08,100634,24.4"
39.168639500043355,0.0371972382068634,0.016146408393979073,0.0007691949605941773,0.00016319418791681527,-0.0015413109678775073,0.0002776571607682854,220.998,191.501,78.0,"0.02,0.05,-1.06,-1.32,-0.53,0.04,100626,24.4"
39.26359670003876,0.043287689611315724,0.008412656560540199,0.014074970409274102,-9.69274784438312e-05,-0.002264183369698003,0.0002542771864682436,220.998,191.501,78.0,"0.02,0.05,-1.06,-1.38,-0.41,-0.02,100625,24.4"
39.35765490005724,0.04473661258816719,0.018592997640371322,0.018375877290964127,0.0002780703827738762,-0.0017793972976505757,9.01934050489217e-05,220.998,191.445,78.0,"0.02,0.06,-1.06,-1.38,-0.47,-0.02,100633,24.4"
39.45963280007709,0.07557908594608306,-0.005090312287211418,0.05966563895344734,-0.0004448376013897359,-0.003153179166838527,-0.00019188839942216874,220.998,191.005,78.0,"0.03,0.05,-1.06,-1.38,-0.47,-0.02,100631,24.4"
39.5556241000304,0.02010383680462837,0.04585494436323643,-0.037145164981484416,0.0011525942478328942,-0.0007562972139567136,0.00039256435120478274,220.998,191.001,78.0,"0.02,0.05,-1.06,-1.38,-0.41,-0.02,100617,24.4"
39.64959879999515,0.04395239502191543,0.032962610200047496,0.0190196480602026,0.0008941973268520087,-0.0014411025564186274,2.371461596339941e-06,220.998,191.001,78.0,"0.03,0.05,-1.06,-1.38,-0.47,-0.08,100617,24.4"
39.74358420004137,0.028814387135207654,0.024951862543821333,-0.010629434883594514,0.00039739165222272275,-0.0011579254642128944,0.0002497072302503511,220.998,191.001,78.0,"0.02,0.05,-1.06,-1.38,-0.41,-0.02,100622,24.4"
39.837627200060524,0.0308979163877666,0.02116914913058281,-0.0028931193053722383,0.00032824616646394135,-0.0013369753491133452,0.00026472527824807914,220.998,191.001,78.0,"0.03,0.06,-1.06,-1.38,-0.53,-0.08,100628,24.4"
39.93259019998368,0.02152659362182021,0.0611756905913353,-0.024294010922312738,0.001690214406698942,-0.0002124031540006399,0.00018173257703892886,220.998,191.001,78.0,"0.02,0.05,-1.06,-1.32,-0.47,-0.02,100619,24.4"
40.026640200056136,0.07941207587718964,-0.01944635286927223,0.057231379207223654,-0.0010151713155210017,-0.0037650247570127247,-0.00010168221779167652,220.998,191.001,78.0,"0.02,0.05,-1.06,-1.38,-0.47,-0.08,100616,24.4"
40.12161710008513,0.06666901260614395,0.010086003690958023,0.051901263743638994,1.3664411380887031e-05,-0.002467883488861844,-0.0002306334034074098,220.998,191.001,78.0,"0.02,0.05,-1.06,-1.38,-0.47,-0.02,100626,24.4"
40.21563870005775,0.05932153463363647,0.010575193539261818,0.031097526475787163,2.609412185847759e-05,-0.0025428384658880534,-8.71720549184829e-06,220.998,191.001,78.0,"0.03,0.05,-1.06,-1.38,-0.47,-0.02,100627,24.4"
40.3106108000502,0.057568180933594705,0.013846204616129398,0.03438726356253028,0.0002528859884478152,-0.0023703562445007266,-4.0113256545737386e-05,220.998,191.001,78.0,"0.02,0.05,-1.06,-1.26,-0.53,-0.08,100624,24.4"
40.404651800054125,0.03048271909356117,0.03571749925613403,0.0004901744425296784,0.0008068879484198988,-0.0009883031219942496,0.00011212134559173137,220.998,191.001,78.0,"0.03,0.05,-1.06,-1.32,-0.53,-0.14,100630,24.4"
40.49961160006933,0.027721622958779335,0.0423034630715847,-0.008654731977730989,0.0011175242136232555,-0.0007444537710398436,9.318170486949384e-05,220.998,190.985,78.0,"0.02,0.05,-1.06,-1.38,-0.47,-0.08,100626,24.4"
40.59260890004225,0.05980524439364672,0.023117344081401824,0.04135605245828629,0.00048604116309434173,-0.0020141843822784724,-0.000129382690647617,220.998,190.505,78.0,"0.02,0.05,-1.06,-1.44,-0.47,-0.08,100616,24.4"
40.69065140001476,0.02645340245217085,0.016386684216558933,-0.03047250658273697,0.00024928636848926545,-0.001504895940888673,0.00045643015764653685,220.998,190.501,78.0,"0.02,0.05,-1.06,-1.38,-0.53,-0.02,100628,24.4"
40.78364770009648,0.04451032374054194,-0.011452224291861057,0.008082203567028046,-0.0008030911441892386,-0.002544508164282888,0.00030992468819022176,220.998,190.501,78.0,"0.02,0.05,-1.06,-1.32,-0.47,-0.14,100624,24.4"
40.87860850000288,0.06631995420902967,-0.0008660029619932174,0.04737452398985624,-0.000284570618532598,-0.0030485928175039588,-4.96017572004348e-05,220.998,190.501,78.0,"0.02,0.05,-1.06,-1.38,-0.47,-0.08,100626,24.4"
40.972649800009094,0.041441112756729126,-0.020074857212603093,0.002889375016093254,-0.0011474748142063617,-0.002732472005300224,0.0004915843950584531,220.998,190.501,78.0,"0.02,0.05,-1.06,-1.38,-0.41,-0.08,100626,24.4"
41.06662870000582,0.056942316517233846,0.03224628530442715,0.03368533737957478,0.0007782756350934505,-0.0019324015302117914,-0.00015124152996577324,220.998,190.501,78.0,"0.02,0.05,-1.06,-1.32,-0.47,-0.08,100618,24.4"
41.160640600021,0.016898932959884407,0.021585109084844588,-0.03309840448200703,0.00015166252851486206,-0.0009783838060684503,0.0005229890899499879,220.998,190.501,78.0,"0.02,0.05,-1.06,-1.38,-0.41,-0.02,100617,24.4"
41.25466099998448,0.048528507770970467,0.003367791324853897,0.00906473994255066,-0.0002825033850967884,-0.0023013179714325817,0.00015787956072017552,220.998,190.501,78.0,"0.02,0.05,-1.06,-1.38,-0.47,-0.02,100624,24.4"
41.34862870001234,0.020694745890796184,0.024012009054422377,-0.02174920488614589,0.0004254580242559314,-0.0008626628434285522,0.00042620233143679797,220.998,190.501,78.0,"0.02,0.05,-1.06,-1.26,-0.47,-0.02,100622,24.4"
41.44261850009207,0.045967327803373335,0.03490677233785391,0.014145580306649207,0.0008920350228436291,-0.001583599764853716,2.3328600218519568e-05,220.998,190.501,78.0,"0.02,0.05,-1.06,-1.38,-0.53,-0.02,100625,24.4"
41.536658200086094,0.059255463816225526,-0.008482205867767333,0.03475730791687966,-0.0007258050725795328,-0.0026663143769837918,5.379586946219206e-05,220.998,190.501,78.0,"0.02,0.05,-1.06,-1.38,-0.41,-0.02,100621,24.4"
41.630650700069964,0.027208208665251733,0.005967402458190918,-0.012544730305671692,-0.00025921636261045934,-0.0016016627196222544,0.00048023523413576186,220.998,190.185,78.0,"0.02,0.05,-1.06,-1.32,-0.47,-0.02,100630,24.4"
41.767679000040516,0.07036717459559441,0.034018753096461296,0.05006081834435463,0.0009139200556091964,-0.0020692590973339976,-0.0004206367186270654,220.998,190.001,78.0,"0.02,0.05,-1.06,-1.44,-0.41,-0.08,100622,24.4"
41.86164620006457,0.02353468108922243,0.033420291170477866,-0.020163745060563086,0.0008342039072886109,-0.0007767117407638579,0.0002983514044899493,220.998,190.001,78.0,"0.02,0.05,-1.06,-1.38,-0.53,-0.08,100628,24.4"
41.95563530002255,0.04108428843319416,0.005740974098443985,0.00699266716837883,-0.00017873005126602947,-0.0021015432837884875,0.0002474764478392899,220.998,190.001,78.0,"0.02,0.05,-1.06,-1.32,-0.47,-0.02,100620,24.4"
42.05065750004724,0.03157951608300209,0.017798864655196665,-0.012369208782911301,0.00028772730147466066,-0.0016374569502659142,0.0003696698957355693,220.998,190.001,78.0,"0.02,0.05,-1.06,-1.32,-0.47,-0.02,100618,24.4"
42.14465300005395,0.026405903324484826,0.006186652556061744,-0.005847135931253434,-0.00020975650986656546,-0.0014225086517399177,0.0004201974836178124,220.998,190.001,78.0,"0.02,0.05,-1.06,-1.38,-0.47,-0.14,100614,24.4"
42.23865180008579,0.046810635924339296,0.04258701559156179,0.01818816363811493,0.0011105746496468782,-0.001304661948233843,-0.00011111225467175245,220.998,190.001,78.0,"0.02,0.05,-1.06,-1.38,-0.41,-0.08,100630,24.4"
42.332691200077534,0.021274090372025968,0.01698976531624794,-0.03508330453187227,3.457946004346013e-05,-0.001274345285492018,0.0005183253088034689,220.998,190.001,78.0,"0.02,0.06,-1.06,-1.32,-0.47,-0.02,100626,24.4"
42.426652100053616,0.027084397710859777,0.024849630892276764,-0.01011707279831171,0.00046742401900701225,-0.0011504376190714539,0.0002825571515131742,220.998,190.001,78.0,"0.02,0.05,-1.06,-1.38,-0.47,-0.08,100626,24.4"
42.520635900087655,0.025935827754437923,0.024415220133960247,-0.024121106415987015,0.0004925817716866732,-0.0012993772106710821,0.0003907455917214975,220.998,190.001,78.0,"0.02,0.05,-1.06,-1.38,-0.47,-0.08,100622,24.4"
42.614658200065605,0.039107992127537725,0.04412676095962524,0.0002536251675337553,0.001277089724317193,-0.001278986339457333,0.00012398567923810333,220.998,190.001,78.0,"0.02,0.05,-1.06,-1.38,-0.41,-0.08,100624,24.4"
42.708649400039576,0.03724727984517813,0.03992776963859797,-0.005214711278676986,0.001017491880338639,-0.0012215736671350897,0.00010462996433489025,220.998,190.001,78.0,"0.02,0.06,-1.06,-1.38,-0.47,-0.02,100618,24.4"
42.80261860007886,0.03040796471759677,0.00454334057867527,-0.01592782502993941,-0.0002749157254584134,-0.0019369421701412649,0.0005061368457973004,220.998,189.571,78.0,"0.02,0.05,-1.06,-1.32,-0.41,-0.02,100618,24.4"
42.924659200012684,0.019441811740398406,0.05424028728157282,-0.021000738814473154,0.0015372048364952207,-0.0003094266285188496,0.00017384487437084318,220.998,189.501,78.0,"0.02,0.06,-1.06,-1.44,-0.47,-0.08,100623,24.4"
43.01767390000168,0.028970075957477092,0.05127559080719948,-0.015683761006221174,0.001508364238543436,-0.0006429858854971826,0.00011296232405584305,220.998,189.501,78.0,"0.02,0.05,-1.06,-1.32,-0.41,-0.08,100634,24.4"
43.111624800018035,0.050396287068724635,0.02946711741387844,0.022781886905431748,0.0007418769935611635,-0.0017534329032059758,-9.981103357858955e-06,220.998,189.501,78.0,"0.02,0.05,-1.06,-1.38,-0.47,-0.02,100621,24.4"
43.205672900076024,0.04668193943798542,0.04376276955008507,0.01497710458934307,0.0011687910184264183,-0.0012492872483562678,-0.00013511334254872053,220.998,189.501,78.0,"0.02,0.05,-1.06,-1.38,-0.41,-0.08,100625,24.4"
43.298696400015615,0.010419344436377287,0.028769141435623168,-0.050584785640239716,0.00040071034454740583,-0.0006456797942519188,0.0005733706580940634,220.998,189.501,78.0,"0.03,0.05,-1.06,-1.38,-0.47,-0.08,100618,24.4"
43.39266050001606,0.04841967448592186,-0.008816998451948166,0.011730235116556288,-0.0007110536680556834,-0.002627161890268326,0.000302271218970418,220.998,189.501,78.0,"0.02,0.05,-1.06,-1.38,-0.47,-0.08,100626,24.4"
43.48564030008856,0.024474021792411805,0.021546680480241776,-0.018662600591778756,0.0002062373678199947,-0.0011670387582853436,0.0003651391016319394,220.998,189.501,78.0,"0.02,0.05,-1.06,-1.32,-0.47,-0.02,100622,24.4"
43.57968610001262,0.07351411655545234,-0.01409991830587387,0.054770068265497684,-0.0008100098115392029,-0.003554396145045757,-7.852782728150487e-05,220.998,189.501,78.0,"0.02,0.05,-1.06,-1.38,-0.47,-0.08,100623,24.4"
43.67464470001869,0.04843353405594826,0.009712037816643714,0.01869336813688278,-1.1685327626764774e-05,-0.002188007812947035,0.00011927502928301691,220.998,189.501,78.0,"0.02,0.05,-1.06,-1.38,-0.47,-0.08,100619,24.4"
43.76872849999927,0.04164295755326748,0.0057281296700239185,0.004356577806174755,-0.0002473069471307099,-0.002135747903957963,0.00028224240522831676,220.998,189.501,78.0,"0.02,0.05,-1.06,-1.38,-0.41,-0.08,100618,24.4"
43.86267080006655,0.028669134713709354,0.01395399495959282,-0.015744494274258614,0.00017878708895295857,-0.001676894014235586,0.0004365343105746433,220.998,189.501,78.0,"0.02,0.05,-1.06,-1.32,-0.41,-0.08,100628,24.4"
43.956660100026056,0.030970646999776363,0.03626076355576515,-0.01788651067763567,0.000753477169200778,-0.001215667591895908,0.0002664014522451907,220.998,189.141,78.0,"0.02,0.05,-1.06,-1.44,-0.41,-0.08,100633,24.4"
44.05267210002057,0.0319728996604681,0.028671222180128096,-0.012460759608075023,0.000573763926513493,-0.0013314147305209189,0.0002631661162013188,220.998,189.001,78.0,"0.02,0.05,-1.06,-1.38,-0.47,-0.08,100616,24.4"
44.146644000080414,0.02426811046898365,0.028073962964117526,-0.01998640038073063,0.0005980733665637672,-0.0011601988051552325,0.0003386337746633217,220.998,189.001,78.0,"0.02,0.05,-1.06,-1.32,-0.47,-0.14,100626,24.4"
44.24067890003789,0.05832309201359749,0.04695775732398033,0.04164205226115882,0.0014659957028925418,-0.0016404828464146703,-0.00029814450244884937,220.998,189.001,78.0,"0.02,0.05,-1.06,-1.44,-0.47,-0.08,100618,24.4"
44.33468139998149,0.02538952138274908,0.0248378474265337,-0.02036530002951622,0.0004606853239238262,-0.0011927794839721173,0.00038307138020172716,220.998,189.001,78.0,"0.02,0.05,-1.06,-1.32,-0.47,-0.08,100618,24.4"
44.42867799999658,0.06879299487918615,0.007989902421832085,0.042110951989889144,5.055100191384554e-05,-0.0031608520075678825,-7.077644404489547e-05,220.998,189.001,78.0,"0.02,0.05,-1.06,-1.38,-0.41,-0.02,100616,24.4"
44.522695400053635,0.01915542986243963,0.05020796060562134,-0.02474359907209873,0.0013237757317256182,-0.000383611029246822,0.00024107403005473315,220.998,189.001,78.0,"0.02,0.06,-1.07,-1.38,-0.53,-0.14,100627,24.4"
44.616674500051886,0.04177333256229758,0.03308538421988487,0.00808163732290268,0.0008066580863669515,-0.0013904167048167438,2.618482685647905e-05,220.998,189.001,78.0,"0.02,0.06,-1.06,-1.38,-0.47,-0.02,100642,24.4"
44.710652100038715,0.03292159512639046,0.01852296367287636,-0.010257614124566317,0.0001561905606649816,-0.0014138008235022425,0.00029757083393633366,220.998,189.001,78.0,"0.02,0.05,-1.06,-1.32,-0.47,-0.02,100624,24.4"
44.80469150003046,0.035129645466804506,0.01957507021725178,-0.004671581275761128,0.0002778946305625141,-0.0015600092185195536,0.00025128837150987236,220.998,189.001,78.0,"0.02,0.05,-1.06,-1.38,-0.53,-0.02,100628,24.4"
44.898701400030404,0.056923513486981395,-0.013890115916728974,0.02679731771349907,-0.0007326855440624059,-0.0030439808731898667,0.00017847014823928474,220.998,189.001,78.0,"0.02,0.06,-1.06,-1.38,-0.47,-0.02,100618,24.4"
44.992680600029416,0.027567117474973202,0.019183706492185593,-0.01409156210720539,0.0001821312354877591,-0.0013560498831793667,0.00037521695776376873,220.998,189.001,78.0,"0.02,0.05,-1.06,-1.38,-0.47,-0.02,100622,24.4"
45.085710900020786,0.0492864903062582,-0.00033872295171022415,0.013023657910525798,-0.00030593974515795707,-0.002663000707980245,0.00027078727434854956,220.998,189.001,78.0,"0.02,0.05,-1.06,-1.38,-0.41,-0.08,100624,24.4"
